2025-10-16 08:38:47.356  INFO 11408 --- [restartedMain] b.c.t.a.AuthServiceApplication           : Starting AuthServiceApplication using Java 17.0.12 on DESKTOP-HLR4AN3 with PID 11408 (C:\Users\tonyp\OneDrive\Documentos\curso_java\workspace\microsservicos-atendimento\atendimento-service\target\classes started by tonyp in C:\Users\tonyp\OneDrive\Documentos\curso_java\workspace\microsservicos-atendimento\atendimento-service)
2025-10-16 08:38:47.367  INFO 11408 --- [restartedMain] b.c.t.a.AuthServiceApplication           : No active profile set, falling back to 1 default profile: "default"
2025-10-16 08:38:47.528  INFO 11408 --- [restartedMain] .e.DevToolsPropertyDefaultsPostProcessor : Devtools property defaults active! Set 'spring.devtools.add-properties' to 'false' to disable
2025-10-16 08:38:47.530  INFO 11408 --- [restartedMain] .e.DevToolsPropertyDefaultsPostProcessor : For additional web related logging consider setting the 'logging.level.web' property to 'DEBUG'
2025-10-16 08:38:49.052  INFO 11408 --- [restartedMain] .s.d.r.c.RepositoryConfigurationDelegate : Bootstrapping Spring Data JPA repositories in DEFAULT mode.
2025-10-16 08:38:49.130  INFO 11408 --- [restartedMain] .s.d.r.c.RepositoryConfigurationDelegate : Finished Spring Data repository scanning in 66 ms. Found 3 JPA repository interfaces.
2025-10-16 08:38:49.424  INFO 11408 --- [restartedMain] o.s.cloud.context.scope.GenericScope     : BeanFactory id=e3782361-5eb7-38d7-8416-ac2898fb879f
2025-10-16 08:38:50.130  INFO 11408 --- [restartedMain] o.s.b.w.embedded.tomcat.TomcatWebServer  : Tomcat initialized with port(s): 8083 (http)
2025-10-16 08:38:50.147  INFO 11408 --- [restartedMain] o.apache.catalina.core.StandardService   : Starting service [Tomcat]
2025-10-16 08:38:50.148  INFO 11408 --- [restartedMain] org.apache.catalina.core.StandardEngine  : Starting Servlet engine: [Apache Tomcat/9.0.63]
2025-10-16 08:38:50.277  INFO 11408 --- [restartedMain] o.a.c.c.C.[Tomcat].[localhost].[/]       : Initializing Spring embedded WebApplicationContext
2025-10-16 08:38:50.278  INFO 11408 --- [restartedMain] w.s.c.ServletWebServerApplicationContext : Root WebApplicationContext: initialization completed in 2745 ms
2025-10-16 08:38:50.563  INFO 11408 --- [restartedMain] o.hibernate.jpa.internal.util.LogHelper  : HHH000204: Processing PersistenceUnitInfo [name: default]
2025-10-16 08:38:50.654  INFO 11408 --- [restartedMain] org.hibernate.Version                    : HHH000412: Hibernate ORM core version 5.6.9.Final
2025-10-16 08:38:50.926  INFO 11408 --- [restartedMain] o.hibernate.annotations.common.Version   : HCANN000001: Hibernate Commons Annotations {5.1.2.Final}
2025-10-16 08:38:51.083  INFO 11408 --- [restartedMain] com.zaxxer.hikari.HikariDataSource       : HikariPool-1 - Starting...
2025-10-16 08:38:51.362  INFO 11408 --- [restartedMain] com.zaxxer.hikari.HikariDataSource       : HikariPool-1 - Start completed.
2025-10-16 08:38:51.399  INFO 11408 --- [restartedMain] org.hibernate.dialect.Dialect            : HHH000400: Using dialect: org.hibernate.dialect.PostgreSQLDialect
2025-10-16 08:38:52.481  INFO 11408 --- [restartedMain] o.h.e.t.j.p.i.JtaPlatformInitiator       : HHH000490: Using JtaPlatform implementation: [org.hibernate.engine.transaction.jta.platform.internal.NoJtaPlatform]
2025-10-16 08:38:52.494  INFO 11408 --- [restartedMain] j.LocalContainerEntityManagerFactoryBean : Initialized JPA EntityManagerFactory for persistence unit 'default'
2025-10-16 08:38:53.268  WARN 11408 --- [restartedMain] JpaBaseConfiguration$JpaWebConfiguration : spring.jpa.open-in-view is enabled by default. Therefore, database queries may be performed during view rendering. Explicitly configure spring.jpa.open-in-view to disable this warning
2025-10-16 08:38:53.330  INFO 11408 --- [restartedMain] o.s.b.d.a.OptionalLiveReloadServer       : LiveReload server is running on port 35729
2025-10-16 08:38:53.877  WARN 11408 --- [restartedMain] .s.s.UserDetailsServiceAutoConfiguration : 

Using generated security password: 491a9476-8551-4549-8dd6-d5f4c9c9bd86

This generated password is for development use only. Your security configuration must be updated before running your application in production.

2025-10-16 08:38:54.015  INFO 11408 --- [restartedMain] o.s.s.web.DefaultSecurityFilterChain     : Will secure any request with [org.springframework.security.web.session.DisableEncodeUrlFilter@76acb43f, org.springframework.security.web.context.request.async.WebAsyncManagerIntegrationFilter@3051d1e0, org.springframework.security.web.context.SecurityContextPersistenceFilter@68f5f9d7, org.springframework.security.web.header.HeaderWriterFilter@211041fe, org.springframework.security.web.authentication.logout.LogoutFilter@3ac1b08a, br.com.tonypool.atendimento.security.JwtSecurity@2f7eee25, org.springframework.security.web.savedrequest.RequestCacheAwareFilter@6b21b695, org.springframework.security.web.servletapi.SecurityContextHolderAwareRequestFilter@7e8ab1b3, org.springframework.security.web.authentication.AnonymousAuthenticationFilter@3e7e9758, org.springframework.security.web.session.SessionManagementFilter@2d332c48, org.springframework.security.web.access.ExceptionTranslationFilter@763892e5, org.springframework.security.web.access.intercept.FilterSecurityInterceptor@2a3d90ca]
2025-10-16 08:38:54.025  WARN 11408 --- [restartedMain] o.s.s.c.a.web.builders.WebSecurity       : You are asking Spring Security to ignore Ant [pattern='/v2/api-docs']. This is not recommended -- please use permitAll via HttpSecurity#authorizeHttpRequests instead.
2025-10-16 08:38:54.025  INFO 11408 --- [restartedMain] o.s.s.web.DefaultSecurityFilterChain     : Will not secure Ant [pattern='/v2/api-docs']
2025-10-16 08:38:54.026  WARN 11408 --- [restartedMain] o.s.s.c.a.web.builders.WebSecurity       : You are asking Spring Security to ignore Ant [pattern='/swagger-resources']. This is not recommended -- please use permitAll via HttpSecurity#authorizeHttpRequests instead.
2025-10-16 08:38:54.026  INFO 11408 --- [restartedMain] o.s.s.web.DefaultSecurityFilterChain     : Will not secure Ant [pattern='/swagger-resources']
2025-10-16 08:38:54.026  WARN 11408 --- [restartedMain] o.s.s.c.a.web.builders.WebSecurity       : You are asking Spring Security to ignore Ant [pattern='/swagger-resources/**']. This is not recommended -- please use permitAll via HttpSecurity#authorizeHttpRequests instead.
2025-10-16 08:38:54.026  INFO 11408 --- [restartedMain] o.s.s.web.DefaultSecurityFilterChain     : Will not secure Ant [pattern='/swagger-resources/**']
2025-10-16 08:38:54.026  WARN 11408 --- [restartedMain] o.s.s.c.a.web.builders.WebSecurity       : You are asking Spring Security to ignore Ant [pattern='/configuration/ui']. This is not recommended -- please use permitAll via HttpSecurity#authorizeHttpRequests instead.
2025-10-16 08:38:54.026  INFO 11408 --- [restartedMain] o.s.s.web.DefaultSecurityFilterChain     : Will not secure Ant [pattern='/configuration/ui']
2025-10-16 08:38:54.027  WARN 11408 --- [restartedMain] o.s.s.c.a.web.builders.WebSecurity       : You are asking Spring Security to ignore Ant [pattern='/configuration/security']. This is not recommended -- please use permitAll via HttpSecurity#authorizeHttpRequests instead.
2025-10-16 08:38:54.027  INFO 11408 --- [restartedMain] o.s.s.web.DefaultSecurityFilterChain     : Will not secure Ant [pattern='/configuration/security']
2025-10-16 08:38:54.027  WARN 11408 --- [restartedMain] o.s.s.c.a.web.builders.WebSecurity       : You are asking Spring Security to ignore Ant [pattern='/swagger-ui.html']. This is not recommended -- please use permitAll via HttpSecurity#authorizeHttpRequests instead.
2025-10-16 08:38:54.027  INFO 11408 --- [restartedMain] o.s.s.web.DefaultSecurityFilterChain     : Will not secure Ant [pattern='/swagger-ui.html']
2025-10-16 08:38:54.027  WARN 11408 --- [restartedMain] o.s.s.c.a.web.builders.WebSecurity       : You are asking Spring Security to ignore Ant [pattern='/webjars/**']. This is not recommended -- please use permitAll via HttpSecurity#authorizeHttpRequests instead.
2025-10-16 08:38:54.027  INFO 11408 --- [restartedMain] o.s.s.web.DefaultSecurityFilterChain     : Will not secure Ant [pattern='/webjars/**']
2025-10-16 08:38:54.027  WARN 11408 --- [restartedMain] o.s.s.c.a.web.builders.WebSecurity       : You are asking Spring Security to ignore Ant [pattern='/v3/api-docs/**']. This is not recommended -- please use permitAll via HttpSecurity#authorizeHttpRequests instead.
2025-10-16 08:38:54.028  INFO 11408 --- [restartedMain] o.s.s.web.DefaultSecurityFilterChain     : Will not secure Ant [pattern='/v3/api-docs/**']
2025-10-16 08:38:54.028  WARN 11408 --- [restartedMain] o.s.s.c.a.web.builders.WebSecurity       : You are asking Spring Security to ignore Ant [pattern='/swagger-ui/**']. This is not recommended -- please use permitAll via HttpSecurity#authorizeHttpRequests instead.
2025-10-16 08:38:54.028  INFO 11408 --- [restartedMain] o.s.s.web.DefaultSecurityFilterChain     : Will not secure Ant [pattern='/swagger-ui/**']
2025-10-16 08:38:54.648  INFO 11408 --- [restartedMain] o.s.b.w.embedded.tomcat.TomcatWebServer  : Tomcat started on port(s): 8083 (http) with context path ''
2025-10-16 08:38:54.846  INFO 11408 --- [restartedMain] b.c.t.a.AuthServiceApplication           : Started AuthServiceApplication in 8.591 seconds (JVM running for 10.387)
2025-10-16 08:40:49.390  INFO 11408 --- [http-nio-8083-exec-1] o.a.c.c.C.[Tomcat].[localhost].[/]       : Initializing Spring DispatcherServlet 'dispatcherServlet'
2025-10-16 08:40:49.409  INFO 11408 --- [http-nio-8083-exec-1] o.s.web.servlet.DispatcherServlet        : Initializing Servlet 'dispatcherServlet'
2025-10-16 08:40:49.440  INFO 11408 --- [http-nio-8083-exec-1] o.s.web.servlet.DispatcherServlet        : Completed initialization in 31 ms
2025-10-16 08:42:35.456 ERROR 11408 --- [http-nio-8083-exec-7] o.a.c.c.C.[.[.[/].[dispatcherServlet]    : Servlet.service() for servlet [dispatcherServlet] in context with path [] threw exception

java.lang.IllegalStateException: Cannot call sendError() after the response has been committed
	at org.apache.catalina.connector.ResponseFacade.sendError(ResponseFacade.java:456) ~[tomcat-embed-core-9.0.63.jar:9.0.63]
	at javax.servlet.http.HttpServletResponseWrapper.sendError(HttpServletResponseWrapper.java:120) ~[tomcat-embed-core-9.0.63.jar:4.0.FR]
	at javax.servlet.http.HttpServletResponseWrapper.sendError(HttpServletResponseWrapper.java:120) ~[tomcat-embed-core-9.0.63.jar:4.0.FR]
	at javax.servlet.http.HttpServletResponseWrapper.sendError(HttpServletResponseWrapper.java:120) ~[tomcat-embed-core-9.0.63.jar:4.0.FR]
	at org.springframework.security.web.util.OnCommittedResponseWrapper.sendError(OnCommittedResponseWrapper.java:126) ~[spring-security-web-5.7.1.jar:5.7.1]
	at javax.servlet.http.HttpServletResponseWrapper.sendError(HttpServletResponseWrapper.java:120) ~[tomcat-embed-core-9.0.63.jar:4.0.FR]
	at org.springframework.security.web.util.OnCommittedResponseWrapper.sendError(OnCommittedResponseWrapper.java:126) ~[spring-security-web-5.7.1.jar:5.7.1]
	at br.com.tonypool.atendimento.security.JwtSecurity.doFilterInternal(JwtSecurity.java:63) ~[classes/:na]
	at org.springframework.web.filter.OncePerRequestFilter.doFilter(OncePerRequestFilter.java:117) ~[spring-web-5.3.20.jar:5.3.20]
	at org.springframework.security.web.FilterChainProxy$VirtualFilterChain.doFilter(FilterChainProxy.java:336) ~[spring-security-web-5.7.1.jar:5.7.1]
	at org.springframework.security.web.authentication.logout.LogoutFilter.doFilter(LogoutFilter.java:103) ~[spring-security-web-5.7.1.jar:5.7.1]
	at org.springframework.security.web.authentication.logout.LogoutFilter.doFilter(LogoutFilter.java:89) ~[spring-security-web-5.7.1.jar:5.7.1]
	at org.springframework.security.web.FilterChainProxy$VirtualFilterChain.doFilter(FilterChainProxy.java:336) ~[spring-security-web-5.7.1.jar:5.7.1]
	at org.springframework.security.web.header.HeaderWriterFilter.doHeadersAfter(HeaderWriterFilter.java:90) ~[spring-security-web-5.7.1.jar:5.7.1]
	at org.springframework.security.web.header.HeaderWriterFilter.doFilterInternal(HeaderWriterFilter.java:75) ~[spring-security-web-5.7.1.jar:5.7.1]
	at org.springframework.web.filter.OncePerRequestFilter.doFilter(OncePerRequestFilter.java:117) ~[spring-web-5.3.20.jar:5.3.20]
	at org.springframework.security.web.FilterChainProxy$VirtualFilterChain.doFilter(FilterChainProxy.java:336) ~[spring-security-web-5.7.1.jar:5.7.1]
	at org.springframework.security.web.context.SecurityContextPersistenceFilter.doFilter(SecurityContextPersistenceFilter.java:112) ~[spring-security-web-5.7.1.jar:5.7.1]
	at org.springframework.security.web.context.SecurityContextPersistenceFilter.doFilter(SecurityContextPersistenceFilter.java:82) ~[spring-security-web-5.7.1.jar:5.7.1]
	at org.springframework.security.web.FilterChainProxy$VirtualFilterChain.doFilter(FilterChainProxy.java:336) ~[spring-security-web-5.7.1.jar:5.7.1]
	at org.springframework.security.web.context.request.async.WebAsyncManagerIntegrationFilter.doFilterInternal(WebAsyncManagerIntegrationFilter.java:55) ~[spring-security-web-5.7.1.jar:5.7.1]
	at org.springframework.web.filter.OncePerRequestFilter.doFilter(OncePerRequestFilter.java:117) ~[spring-web-5.3.20.jar:5.3.20]
	at org.springframework.security.web.FilterChainProxy$VirtualFilterChain.doFilter(FilterChainProxy.java:336) ~[spring-security-web-5.7.1.jar:5.7.1]
	at org.springframework.security.web.session.DisableEncodeUrlFilter.doFilterInternal(DisableEncodeUrlFilter.java:42) ~[spring-security-web-5.7.1.jar:5.7.1]
	at org.springframework.web.filter.OncePerRequestFilter.doFilter(OncePerRequestFilter.java:117) ~[spring-web-5.3.20.jar:5.3.20]
	at org.springframework.security.web.FilterChainProxy$VirtualFilterChain.doFilter(FilterChainProxy.java:336) ~[spring-security-web-5.7.1.jar:5.7.1]
	at org.springframework.security.web.FilterChainProxy.doFilterInternal(FilterChainProxy.java:211) ~[spring-security-web-5.7.1.jar:5.7.1]
	at org.springframework.security.web.FilterChainProxy.doFilter(FilterChainProxy.java:183) ~[spring-security-web-5.7.1.jar:5.7.1]
	at org.springframework.web.filter.DelegatingFilterProxy.invokeDelegate(DelegatingFilterProxy.java:354) ~[spring-web-5.3.20.jar:5.3.20]
	at org.springframework.web.filter.DelegatingFilterProxy.doFilter(DelegatingFilterProxy.java:267) ~[spring-web-5.3.20.jar:5.3.20]
	at org.apache.catalina.core.ApplicationFilterChain.internalDoFilter(ApplicationFilterChain.java:189) ~[tomcat-embed-core-9.0.63.jar:9.0.63]
	at org.apache.catalina.core.ApplicationFilterChain.doFilter(ApplicationFilterChain.java:162) ~[tomcat-embed-core-9.0.63.jar:9.0.63]
	at org.springframework.web.filter.CharacterEncodingFilter.doFilterInternal(CharacterEncodingFilter.java:201) ~[spring-web-5.3.20.jar:5.3.20]
	at org.springframework.web.filter.OncePerRequestFilter.doFilter(OncePerRequestFilter.java:117) ~[spring-web-5.3.20.jar:5.3.20]
	at org.apache.catalina.core.ApplicationFilterChain.internalDoFilter(ApplicationFilterChain.java:189) ~[tomcat-embed-core-9.0.63.jar:9.0.63]
	at org.apache.catalina.core.ApplicationFilterChain.doFilter(ApplicationFilterChain.java:162) ~[tomcat-embed-core-9.0.63.jar:9.0.63]
	at org.apache.catalina.core.StandardWrapperValve.invoke(StandardWrapperValve.java:197) ~[tomcat-embed-core-9.0.63.jar:9.0.63]
	at org.apache.catalina.core.StandardContextValve.invoke(StandardContextValve.java:97) ~[tomcat-embed-core-9.0.63.jar:9.0.63]
	at org.apache.catalina.authenticator.AuthenticatorBase.invoke(AuthenticatorBase.java:541) ~[tomcat-embed-core-9.0.63.jar:9.0.63]
	at org.apache.catalina.core.StandardHostValve.invoke(StandardHostValve.java:135) ~[tomcat-embed-core-9.0.63.jar:9.0.63]
	at org.apache.catalina.valves.ErrorReportValve.invoke(ErrorReportValve.java:92) ~[tomcat-embed-core-9.0.63.jar:9.0.63]
	at org.apache.catalina.core.StandardEngineValve.invoke(StandardEngineValve.java:78) ~[tomcat-embed-core-9.0.63.jar:9.0.63]
	at org.apache.catalina.connector.CoyoteAdapter.service(CoyoteAdapter.java:360) ~[tomcat-embed-core-9.0.63.jar:9.0.63]
	at org.apache.coyote.http11.Http11Processor.service(Http11Processor.java:399) ~[tomcat-embed-core-9.0.63.jar:9.0.63]
	at org.apache.coyote.AbstractProcessorLight.process(AbstractProcessorLight.java:65) ~[tomcat-embed-core-9.0.63.jar:9.0.63]
	at org.apache.coyote.AbstractProtocol$ConnectionHandler.process(AbstractProtocol.java:890) ~[tomcat-embed-core-9.0.63.jar:9.0.63]
	at org.apache.tomcat.util.net.NioEndpoint$SocketProcessor.doRun(NioEndpoint.java:1743) ~[tomcat-embed-core-9.0.63.jar:9.0.63]
	at org.apache.tomcat.util.net.SocketProcessorBase.run(SocketProcessorBase.java:49) ~[tomcat-embed-core-9.0.63.jar:9.0.63]
	at org.apache.tomcat.util.threads.ThreadPoolExecutor.runWorker(ThreadPoolExecutor.java:1191) ~[tomcat-embed-core-9.0.63.jar:9.0.63]
	at org.apache.tomcat.util.threads.ThreadPoolExecutor$Worker.run(ThreadPoolExecutor.java:659) ~[tomcat-embed-core-9.0.63.jar:9.0.63]
	at org.apache.tomcat.util.threads.TaskThread$WrappingRunnable.run(TaskThread.java:61) ~[tomcat-embed-core-9.0.63.jar:9.0.63]
	at java.base/java.lang.Thread.run(Thread.java:842) ~[na:na]

2025-10-16 08:43:02.455  WARN 11408 --- [http-nio-8083-exec-2] .w.s.m.s.DefaultHandlerExceptionResolver : Failure while trying to resolve exception [org.springframework.http.converter.HttpMessageNotWritableException]

java.lang.IllegalStateException: Cannot call sendError() after the response has been committed
	at org.apache.catalina.connector.ResponseFacade.sendError(ResponseFacade.java:472) ~[tomcat-embed-core-9.0.63.jar:9.0.63]
	at javax.servlet.http.HttpServletResponseWrapper.sendError(HttpServletResponseWrapper.java:129) ~[tomcat-embed-core-9.0.63.jar:4.0.FR]
	at javax.servlet.http.HttpServletResponseWrapper.sendError(HttpServletResponseWrapper.java:129) ~[tomcat-embed-core-9.0.63.jar:4.0.FR]
	at javax.servlet.http.HttpServletResponseWrapper.sendError(HttpServletResponseWrapper.java:129) ~[tomcat-embed-core-9.0.63.jar:4.0.FR]
	at org.springframework.security.web.util.OnCommittedResponseWrapper.sendError(OnCommittedResponseWrapper.java:116) ~[spring-security-web-5.7.1.jar:5.7.1]
	at javax.servlet.http.HttpServletResponseWrapper.sendError(HttpServletResponseWrapper.java:129) ~[tomcat-embed-core-9.0.63.jar:4.0.FR]
	at org.springframework.security.web.util.OnCommittedResponseWrapper.sendError(OnCommittedResponseWrapper.java:116) ~[spring-security-web-5.7.1.jar:5.7.1]
	at org.springframework.web.servlet.mvc.support.DefaultHandlerExceptionResolver.sendServerError(DefaultHandlerExceptionResolver.java:552) ~[spring-webmvc-5.3.20.jar:5.3.20]
	at org.springframework.web.servlet.mvc.support.DefaultHandlerExceptionResolver.handleHttpMessageNotWritable(DefaultHandlerExceptionResolver.java:442) ~[spring-webmvc-5.3.20.jar:5.3.20]
	at org.springframework.web.servlet.mvc.support.DefaultHandlerExceptionResolver.doResolveException(DefaultHandlerExceptionResolver.java:209) ~[spring-webmvc-5.3.20.jar:5.3.20]
	at org.springframework.web.servlet.handler.AbstractHandlerExceptionResolver.resolveException(AbstractHandlerExceptionResolver.java:142) ~[spring-webmvc-5.3.20.jar:5.3.20]
	at org.springframework.web.servlet.handler.HandlerExceptionResolverComposite.resolveException(HandlerExceptionResolverComposite.java:80) ~[spring-webmvc-5.3.20.jar:5.3.20]
	at org.springframework.web.servlet.DispatcherServlet.processHandlerException(DispatcherServlet.java:1327) ~[spring-webmvc-5.3.20.jar:5.3.20]
	at org.springframework.web.servlet.DispatcherServlet.processDispatchResult(DispatcherServlet.java:1138) ~[spring-webmvc-5.3.20.jar:5.3.20]
	at org.springframework.web.servlet.DispatcherServlet.doDispatch(DispatcherServlet.java:1084) ~[spring-webmvc-5.3.20.jar:5.3.20]
	at org.springframework.web.servlet.DispatcherServlet.doService(DispatcherServlet.java:963) ~[spring-webmvc-5.3.20.jar:5.3.20]
	at org.springframework.web.servlet.FrameworkServlet.processRequest(FrameworkServlet.java:1006) ~[spring-webmvc-5.3.20.jar:5.3.20]
	at org.springframework.web.servlet.FrameworkServlet.doGet(FrameworkServlet.java:898) ~[spring-webmvc-5.3.20.jar:5.3.20]
	at javax.servlet.http.HttpServlet.service(HttpServlet.java:655) ~[tomcat-embed-core-9.0.63.jar:4.0.FR]
	at org.springframework.web.servlet.FrameworkServlet.service(FrameworkServlet.java:883) ~[spring-webmvc-5.3.20.jar:5.3.20]
	at javax.servlet.http.HttpServlet.service(HttpServlet.java:764) ~[tomcat-embed-core-9.0.63.jar:4.0.FR]
	at org.apache.catalina.core.ApplicationFilterChain.internalDoFilter(ApplicationFilterChain.java:227) ~[tomcat-embed-core-9.0.63.jar:9.0.63]
	at org.apache.catalina.core.ApplicationFilterChain.doFilter(ApplicationFilterChain.java:162) ~[tomcat-embed-core-9.0.63.jar:9.0.63]
	at org.apache.tomcat.websocket.server.WsFilter.doFilter(WsFilter.java:53) ~[tomcat-embed-websocket-9.0.63.jar:9.0.63]
	at org.apache.catalina.core.ApplicationFilterChain.internalDoFilter(ApplicationFilterChain.java:189) ~[tomcat-embed-core-9.0.63.jar:9.0.63]
	at org.apache.catalina.core.ApplicationFilterChain.doFilter(ApplicationFilterChain.java:162) ~[tomcat-embed-core-9.0.63.jar:9.0.63]
	at org.springframework.web.filter.CorsFilter.doFilterInternal(CorsFilter.java:91) ~[spring-web-5.3.20.jar:5.3.20]
	at org.springframework.web.filter.OncePerRequestFilter.doFilter(OncePerRequestFilter.java:117) ~[spring-web-5.3.20.jar:5.3.20]
	at org.apache.catalina.core.ApplicationFilterChain.internalDoFilter(ApplicationFilterChain.java:189) ~[tomcat-embed-core-9.0.63.jar:9.0.63]
	at org.apache.catalina.core.ApplicationFilterChain.doFilter(ApplicationFilterChain.java:162) ~[tomcat-embed-core-9.0.63.jar:9.0.63]
	at org.springframework.security.web.FilterChainProxy$VirtualFilterChain.doFilter(FilterChainProxy.java:327) ~[spring-security-web-5.7.1.jar:5.7.1]
	at org.springframework.security.web.access.intercept.FilterSecurityInterceptor.invoke(FilterSecurityInterceptor.java:115) ~[spring-security-web-5.7.1.jar:5.7.1]
	at org.springframework.security.web.access.intercept.FilterSecurityInterceptor.doFilter(FilterSecurityInterceptor.java:81) ~[spring-security-web-5.7.1.jar:5.7.1]
	at org.springframework.security.web.FilterChainProxy$VirtualFilterChain.doFilter(FilterChainProxy.java:336) ~[spring-security-web-5.7.1.jar:5.7.1]
	at org.springframework.security.web.access.ExceptionTranslationFilter.doFilter(ExceptionTranslationFilter.java:122) ~[spring-security-web-5.7.1.jar:5.7.1]
	at org.springframework.security.web.access.ExceptionTranslationFilter.doFilter(ExceptionTranslationFilter.java:116) ~[spring-security-web-5.7.1.jar:5.7.1]
	at org.springframework.security.web.FilterChainProxy$VirtualFilterChain.doFilter(FilterChainProxy.java:336) ~[spring-security-web-5.7.1.jar:5.7.1]
	at org.springframework.security.web.session.SessionManagementFilter.doFilter(SessionManagementFilter.java:126) ~[spring-security-web-5.7.1.jar:5.7.1]
	at org.springframework.security.web.session.SessionManagementFilter.doFilter(SessionManagementFilter.java:81) ~[spring-security-web-5.7.1.jar:5.7.1]
	at org.springframework.security.web.FilterChainProxy$VirtualFilterChain.doFilter(FilterChainProxy.java:336) ~[spring-security-web-5.7.1.jar:5.7.1]
	at org.springframework.security.web.authentication.AnonymousAuthenticationFilter.doFilter(AnonymousAuthenticationFilter.java:109) ~[spring-security-web-5.7.1.jar:5.7.1]
	at org.springframework.security.web.FilterChainProxy$VirtualFilterChain.doFilter(FilterChainProxy.java:336) ~[spring-security-web-5.7.1.jar:5.7.1]
	at org.springframework.security.web.servletapi.SecurityContextHolderAwareRequestFilter.doFilter(SecurityContextHolderAwareRequestFilter.java:149) ~[spring-security-web-5.7.1.jar:5.7.1]
	at org.springframework.security.web.FilterChainProxy$VirtualFilterChain.doFilter(FilterChainProxy.java:336) ~[spring-security-web-5.7.1.jar:5.7.1]
	at org.springframework.security.web.savedrequest.RequestCacheAwareFilter.doFilter(RequestCacheAwareFilter.java:63) ~[spring-security-web-5.7.1.jar:5.7.1]
	at org.springframework.security.web.FilterChainProxy$VirtualFilterChain.doFilter(FilterChainProxy.java:336) ~[spring-security-web-5.7.1.jar:5.7.1]
	at br.com.tonypool.atendimento.security.JwtSecurity.doFilterInternal(JwtSecurity.java:60) ~[classes/:na]
	at org.springframework.web.filter.OncePerRequestFilter.doFilter(OncePerRequestFilter.java:117) ~[spring-web-5.3.20.jar:5.3.20]
	at org.springframework.security.web.FilterChainProxy$VirtualFilterChain.doFilter(FilterChainProxy.java:336) ~[spring-security-web-5.7.1.jar:5.7.1]
	at org.springframework.security.web.authentication.logout.LogoutFilter.doFilter(LogoutFilter.java:103) ~[spring-security-web-5.7.1.jar:5.7.1]
	at org.springframework.security.web.authentication.logout.LogoutFilter.doFilter(LogoutFilter.java:89) ~[spring-security-web-5.7.1.jar:5.7.1]
	at org.springframework.security.web.FilterChainProxy$VirtualFilterChain.doFilter(FilterChainProxy.java:336) ~[spring-security-web-5.7.1.jar:5.7.1]
	at org.springframework.security.web.header.HeaderWriterFilter.doHeadersAfter(HeaderWriterFilter.java:90) ~[spring-security-web-5.7.1.jar:5.7.1]
	at org.springframework.security.web.header.HeaderWriterFilter.doFilterInternal(HeaderWriterFilter.java:75) ~[spring-security-web-5.7.1.jar:5.7.1]
	at org.springframework.web.filter.OncePerRequestFilter.doFilter(OncePerRequestFilter.java:117) ~[spring-web-5.3.20.jar:5.3.20]
	at org.springframework.security.web.FilterChainProxy$VirtualFilterChain.doFilter(FilterChainProxy.java:336) ~[spring-security-web-5.7.1.jar:5.7.1]
	at org.springframework.security.web.context.SecurityContextPersistenceFilter.doFilter(SecurityContextPersistenceFilter.java:112) ~[spring-security-web-5.7.1.jar:5.7.1]
	at org.springframework.security.web.context.SecurityContextPersistenceFilter.doFilter(SecurityContextPersistenceFilter.java:82) ~[spring-security-web-5.7.1.jar:5.7.1]
	at org.springframework.security.web.FilterChainProxy$VirtualFilterChain.doFilter(FilterChainProxy.java:336) ~[spring-security-web-5.7.1.jar:5.7.1]
	at org.springframework.security.web.context.request.async.WebAsyncManagerIntegrationFilter.doFilterInternal(WebAsyncManagerIntegrationFilter.java:55) ~[spring-security-web-5.7.1.jar:5.7.1]
	at org.springframework.web.filter.OncePerRequestFilter.doFilter(OncePerRequestFilter.java:117) ~[spring-web-5.3.20.jar:5.3.20]
	at org.springframework.security.web.FilterChainProxy$VirtualFilterChain.doFilter(FilterChainProxy.java:336) ~[spring-security-web-5.7.1.jar:5.7.1]
	at org.springframework.security.web.session.DisableEncodeUrlFilter.doFilterInternal(DisableEncodeUrlFilter.java:42) ~[spring-security-web-5.7.1.jar:5.7.1]
	at org.springframework.web.filter.OncePerRequestFilter.doFilter(OncePerRequestFilter.java:117) ~[spring-web-5.3.20.jar:5.3.20]
	at org.springframework.security.web.FilterChainProxy$VirtualFilterChain.doFilter(FilterChainProxy.java:336) ~[spring-security-web-5.7.1.jar:5.7.1]
	at org.springframework.security.web.FilterChainProxy.doFilterInternal(FilterChainProxy.java:211) ~[spring-security-web-5.7.1.jar:5.7.1]
	at org.springframework.security.web.FilterChainProxy.doFilter(FilterChainProxy.java:183) ~[spring-security-web-5.7.1.jar:5.7.1]
	at org.springframework.web.filter.DelegatingFilterProxy.invokeDelegate(DelegatingFilterProxy.java:354) ~[spring-web-5.3.20.jar:5.3.20]
	at org.springframework.web.filter.DelegatingFilterProxy.doFilter(DelegatingFilterProxy.java:267) ~[spring-web-5.3.20.jar:5.3.20]
	at org.apache.catalina.core.ApplicationFilterChain.internalDoFilter(ApplicationFilterChain.java:189) ~[tomcat-embed-core-9.0.63.jar:9.0.63]
	at org.apache.catalina.core.ApplicationFilterChain.doFilter(ApplicationFilterChain.java:162) ~[tomcat-embed-core-9.0.63.jar:9.0.63]
	at org.springframework.web.filter.CharacterEncodingFilter.doFilterInternal(CharacterEncodingFilter.java:201) ~[spring-web-5.3.20.jar:5.3.20]
	at org.springframework.web.filter.OncePerRequestFilter.doFilter(OncePerRequestFilter.java:117) ~[spring-web-5.3.20.jar:5.3.20]
	at org.apache.catalina.core.ApplicationFilterChain.internalDoFilter(ApplicationFilterChain.java:189) ~[tomcat-embed-core-9.0.63.jar:9.0.63]
	at org.apache.catalina.core.ApplicationFilterChain.doFilter(ApplicationFilterChain.java:162) ~[tomcat-embed-core-9.0.63.jar:9.0.63]
	at org.apache.catalina.core.StandardWrapperValve.invoke(StandardWrapperValve.java:197) ~[tomcat-embed-core-9.0.63.jar:9.0.63]
	at org.apache.catalina.core.StandardContextValve.invoke(StandardContextValve.java:97) ~[tomcat-embed-core-9.0.63.jar:9.0.63]
	at org.apache.catalina.authenticator.AuthenticatorBase.invoke(AuthenticatorBase.java:541) ~[tomcat-embed-core-9.0.63.jar:9.0.63]
	at org.apache.catalina.core.StandardHostValve.invoke(StandardHostValve.java:135) ~[tomcat-embed-core-9.0.63.jar:9.0.63]
	at org.apache.catalina.valves.ErrorReportValve.invoke(ErrorReportValve.java:92) ~[tomcat-embed-core-9.0.63.jar:9.0.63]
	at org.apache.catalina.core.StandardEngineValve.invoke(StandardEngineValve.java:78) ~[tomcat-embed-core-9.0.63.jar:9.0.63]
	at org.apache.catalina.connector.CoyoteAdapter.service(CoyoteAdapter.java:360) ~[tomcat-embed-core-9.0.63.jar:9.0.63]
	at org.apache.coyote.http11.Http11Processor.service(Http11Processor.java:399) ~[tomcat-embed-core-9.0.63.jar:9.0.63]
	at org.apache.coyote.AbstractProcessorLight.process(AbstractProcessorLight.java:65) ~[tomcat-embed-core-9.0.63.jar:9.0.63]
	at org.apache.coyote.AbstractProtocol$ConnectionHandler.process(AbstractProtocol.java:890) ~[tomcat-embed-core-9.0.63.jar:9.0.63]
	at org.apache.tomcat.util.net.NioEndpoint$SocketProcessor.doRun(NioEndpoint.java:1743) ~[tomcat-embed-core-9.0.63.jar:9.0.63]
	at org.apache.tomcat.util.net.SocketProcessorBase.run(SocketProcessorBase.java:49) ~[tomcat-embed-core-9.0.63.jar:9.0.63]
	at org.apache.tomcat.util.threads.ThreadPoolExecutor.runWorker(ThreadPoolExecutor.java:1191) ~[tomcat-embed-core-9.0.63.jar:9.0.63]
	at org.apache.tomcat.util.threads.ThreadPoolExecutor$Worker.run(ThreadPoolExecutor.java:659) ~[tomcat-embed-core-9.0.63.jar:9.0.63]
	at org.apache.tomcat.util.threads.TaskThread$WrappingRunnable.run(TaskThread.java:61) ~[tomcat-embed-core-9.0.63.jar:9.0.63]
	at java.base/java.lang.Thread.run(Thread.java:842) ~[na:na]

2025-10-16 08:43:02.463 ERROR 11408 --- [http-nio-8083-exec-2] o.a.c.c.C.[.[.[/].[dispatcherServlet]    : Servlet.service() for servlet [dispatcherServlet] in context with path [] threw exception

java.lang.IllegalStateException: Cannot call sendError() after the response has been committed
	at org.apache.catalina.connector.ResponseFacade.sendError(ResponseFacade.java:456) ~[tomcat-embed-core-9.0.63.jar:9.0.63]
	at javax.servlet.http.HttpServletResponseWrapper.sendError(HttpServletResponseWrapper.java:120) ~[tomcat-embed-core-9.0.63.jar:4.0.FR]
	at javax.servlet.http.HttpServletResponseWrapper.sendError(HttpServletResponseWrapper.java:120) ~[tomcat-embed-core-9.0.63.jar:4.0.FR]
	at javax.servlet.http.HttpServletResponseWrapper.sendError(HttpServletResponseWrapper.java:120) ~[tomcat-embed-core-9.0.63.jar:4.0.FR]
	at org.springframework.security.web.util.OnCommittedResponseWrapper.sendError(OnCommittedResponseWrapper.java:126) ~[spring-security-web-5.7.1.jar:5.7.1]
	at javax.servlet.http.HttpServletResponseWrapper.sendError(HttpServletResponseWrapper.java:120) ~[tomcat-embed-core-9.0.63.jar:4.0.FR]
	at org.springframework.security.web.util.OnCommittedResponseWrapper.sendError(OnCommittedResponseWrapper.java:126) ~[spring-security-web-5.7.1.jar:5.7.1]
	at br.com.tonypool.atendimento.security.JwtSecurity.doFilterInternal(JwtSecurity.java:63) ~[classes/:na]
	at org.springframework.web.filter.OncePerRequestFilter.doFilter(OncePerRequestFilter.java:117) ~[spring-web-5.3.20.jar:5.3.20]
	at org.springframework.security.web.FilterChainProxy$VirtualFilterChain.doFilter(FilterChainProxy.java:336) ~[spring-security-web-5.7.1.jar:5.7.1]
	at org.springframework.security.web.authentication.logout.LogoutFilter.doFilter(LogoutFilter.java:103) ~[spring-security-web-5.7.1.jar:5.7.1]
	at org.springframework.security.web.authentication.logout.LogoutFilter.doFilter(LogoutFilter.java:89) ~[spring-security-web-5.7.1.jar:5.7.1]
	at org.springframework.security.web.FilterChainProxy$VirtualFilterChain.doFilter(FilterChainProxy.java:336) ~[spring-security-web-5.7.1.jar:5.7.1]
	at org.springframework.security.web.header.HeaderWriterFilter.doHeadersAfter(HeaderWriterFilter.java:90) ~[spring-security-web-5.7.1.jar:5.7.1]
	at org.springframework.security.web.header.HeaderWriterFilter.doFilterInternal(HeaderWriterFilter.java:75) ~[spring-security-web-5.7.1.jar:5.7.1]
	at org.springframework.web.filter.OncePerRequestFilter.doFilter(OncePerRequestFilter.java:117) ~[spring-web-5.3.20.jar:5.3.20]
	at org.springframework.security.web.FilterChainProxy$VirtualFilterChain.doFilter(FilterChainProxy.java:336) ~[spring-security-web-5.7.1.jar:5.7.1]
	at org.springframework.security.web.context.SecurityContextPersistenceFilter.doFilter(SecurityContextPersistenceFilter.java:112) ~[spring-security-web-5.7.1.jar:5.7.1]
	at org.springframework.security.web.context.SecurityContextPersistenceFilter.doFilter(SecurityContextPersistenceFilter.java:82) ~[spring-security-web-5.7.1.jar:5.7.1]
	at org.springframework.security.web.FilterChainProxy$VirtualFilterChain.doFilter(FilterChainProxy.java:336) ~[spring-security-web-5.7.1.jar:5.7.1]
	at org.springframework.security.web.context.request.async.WebAsyncManagerIntegrationFilter.doFilterInternal(WebAsyncManagerIntegrationFilter.java:55) ~[spring-security-web-5.7.1.jar:5.7.1]
	at org.springframework.web.filter.OncePerRequestFilter.doFilter(OncePerRequestFilter.java:117) ~[spring-web-5.3.20.jar:5.3.20]
	at org.springframework.security.web.FilterChainProxy$VirtualFilterChain.doFilter(FilterChainProxy.java:336) ~[spring-security-web-5.7.1.jar:5.7.1]
	at org.springframework.security.web.session.DisableEncodeUrlFilter.doFilterInternal(DisableEncodeUrlFilter.java:42) ~[spring-security-web-5.7.1.jar:5.7.1]
	at org.springframework.web.filter.OncePerRequestFilter.doFilter(OncePerRequestFilter.java:117) ~[spring-web-5.3.20.jar:5.3.20]
	at org.springframework.security.web.FilterChainProxy$VirtualFilterChain.doFilter(FilterChainProxy.java:336) ~[spring-security-web-5.7.1.jar:5.7.1]
	at org.springframework.security.web.FilterChainProxy.doFilterInternal(FilterChainProxy.java:211) ~[spring-security-web-5.7.1.jar:5.7.1]
	at org.springframework.security.web.FilterChainProxy.doFilter(FilterChainProxy.java:183) ~[spring-security-web-5.7.1.jar:5.7.1]
	at org.springframework.web.filter.DelegatingFilterProxy.invokeDelegate(DelegatingFilterProxy.java:354) ~[spring-web-5.3.20.jar:5.3.20]
	at org.springframework.web.filter.DelegatingFilterProxy.doFilter(DelegatingFilterProxy.java:267) ~[spring-web-5.3.20.jar:5.3.20]
	at org.apache.catalina.core.ApplicationFilterChain.internalDoFilter(ApplicationFilterChain.java:189) ~[tomcat-embed-core-9.0.63.jar:9.0.63]
	at org.apache.catalina.core.ApplicationFilterChain.doFilter(ApplicationFilterChain.java:162) ~[tomcat-embed-core-9.0.63.jar:9.0.63]
	at org.springframework.web.filter.CharacterEncodingFilter.doFilterInternal(CharacterEncodingFilter.java:201) ~[spring-web-5.3.20.jar:5.3.20]
	at org.springframework.web.filter.OncePerRequestFilter.doFilter(OncePerRequestFilter.java:117) ~[spring-web-5.3.20.jar:5.3.20]
	at org.apache.catalina.core.ApplicationFilterChain.internalDoFilter(ApplicationFilterChain.java:189) ~[tomcat-embed-core-9.0.63.jar:9.0.63]
	at org.apache.catalina.core.ApplicationFilterChain.doFilter(ApplicationFilterChain.java:162) ~[tomcat-embed-core-9.0.63.jar:9.0.63]
	at org.apache.catalina.core.StandardWrapperValve.invoke(StandardWrapperValve.java:197) ~[tomcat-embed-core-9.0.63.jar:9.0.63]
	at org.apache.catalina.core.StandardContextValve.invoke(StandardContextValve.java:97) ~[tomcat-embed-core-9.0.63.jar:9.0.63]
	at org.apache.catalina.authenticator.AuthenticatorBase.invoke(AuthenticatorBase.java:541) ~[tomcat-embed-core-9.0.63.jar:9.0.63]
	at org.apache.catalina.core.StandardHostValve.invoke(StandardHostValve.java:135) ~[tomcat-embed-core-9.0.63.jar:9.0.63]
	at org.apache.catalina.valves.ErrorReportValve.invoke(ErrorReportValve.java:92) ~[tomcat-embed-core-9.0.63.jar:9.0.63]
	at org.apache.catalina.core.StandardEngineValve.invoke(StandardEngineValve.java:78) ~[tomcat-embed-core-9.0.63.jar:9.0.63]
	at org.apache.catalina.connector.CoyoteAdapter.service(CoyoteAdapter.java:360) ~[tomcat-embed-core-9.0.63.jar:9.0.63]
	at org.apache.coyote.http11.Http11Processor.service(Http11Processor.java:399) ~[tomcat-embed-core-9.0.63.jar:9.0.63]
	at org.apache.coyote.AbstractProcessorLight.process(AbstractProcessorLight.java:65) ~[tomcat-embed-core-9.0.63.jar:9.0.63]
	at org.apache.coyote.AbstractProtocol$ConnectionHandler.process(AbstractProtocol.java:890) ~[tomcat-embed-core-9.0.63.jar:9.0.63]
	at org.apache.tomcat.util.net.NioEndpoint$SocketProcessor.doRun(NioEndpoint.java:1743) ~[tomcat-embed-core-9.0.63.jar:9.0.63]
	at org.apache.tomcat.util.net.SocketProcessorBase.run(SocketProcessorBase.java:49) ~[tomcat-embed-core-9.0.63.jar:9.0.63]
	at org.apache.tomcat.util.threads.ThreadPoolExecutor.runWorker(ThreadPoolExecutor.java:1191) ~[tomcat-embed-core-9.0.63.jar:9.0.63]
	at org.apache.tomcat.util.threads.ThreadPoolExecutor$Worker.run(ThreadPoolExecutor.java:659) ~[tomcat-embed-core-9.0.63.jar:9.0.63]
	at org.apache.tomcat.util.threads.TaskThread$WrappingRunnable.run(TaskThread.java:61) ~[tomcat-embed-core-9.0.63.jar:9.0.63]
	at java.base/java.lang.Thread.run(Thread.java:842) ~[na:na]

2025-10-16 08:43:02.537 ERROR 11408 --- [http-nio-8083-exec-2] o.a.c.c.C.[Tomcat].[localhost]           : Exception Processing ErrorPage[errorCode=0, location=/error]

org.apache.catalina.connector.ClientAbortException: java.io.IOException: Uma conexão estabelecida foi anulada pelo software no computador host
	at org.apache.catalina.connector.OutputBuffer.realWriteBytes(OutputBuffer.java:353) ~[tomcat-embed-core-9.0.63.jar:9.0.63]
	at org.apache.catalina.connector.OutputBuffer.flushByteBuffer(OutputBuffer.java:783) ~[tomcat-embed-core-9.0.63.jar:9.0.63]
	at org.apache.catalina.connector.OutputBuffer.append(OutputBuffer.java:688) ~[tomcat-embed-core-9.0.63.jar:9.0.63]
	at org.apache.catalina.connector.OutputBuffer.writeBytes(OutputBuffer.java:388) ~[tomcat-embed-core-9.0.63.jar:9.0.63]
	at org.apache.catalina.connector.OutputBuffer.write(OutputBuffer.java:366) ~[tomcat-embed-core-9.0.63.jar:9.0.63]
	at org.apache.catalina.connector.CoyoteOutputStream.write(CoyoteOutputStream.java:96) ~[tomcat-embed-core-9.0.63.jar:9.0.63]
	at org.springframework.util.StreamUtils$NonClosingOutputStream.write(StreamUtils.java:287) ~[spring-core-5.3.20.jar:5.3.20]
	at com.fasterxml.jackson.core.json.UTF8JsonGenerator._flushBuffer(UTF8JsonGenerator.java:2171) ~[jackson-core-2.13.3.jar:2.13.3]
	at com.fasterxml.jackson.core.json.UTF8JsonGenerator._writeStringSegment2(UTF8JsonGenerator.java:1485) ~[jackson-core-2.13.3.jar:2.13.3]
	at com.fasterxml.jackson.core.json.UTF8JsonGenerator._writeStringSegment(UTF8JsonGenerator.java:1432) ~[jackson-core-2.13.3.jar:2.13.3]
	at com.fasterxml.jackson.core.json.UTF8JsonGenerator._writeStringSegments(UTF8JsonGenerator.java:1315) ~[jackson-core-2.13.3.jar:2.13.3]
	at com.fasterxml.jackson.core.json.UTF8JsonGenerator.writeString(UTF8JsonGenerator.java:511) ~[jackson-core-2.13.3.jar:2.13.3]
	at com.fasterxml.jackson.databind.ser.std.StringSerializer.serialize(StringSerializer.java:41) ~[jackson-databind-2.13.3.jar:2.13.3]
	at com.fasterxml.jackson.databind.ser.std.MapSerializer.serializeFields(MapSerializer.java:808) ~[jackson-databind-2.13.3.jar:2.13.3]
	at com.fasterxml.jackson.databind.ser.std.MapSerializer.serializeWithoutTypeInfo(MapSerializer.java:764) ~[jackson-databind-2.13.3.jar:2.13.3]
	at com.fasterxml.jackson.databind.ser.std.MapSerializer.serialize(MapSerializer.java:720) ~[jackson-databind-2.13.3.jar:2.13.3]
	at com.fasterxml.jackson.databind.ser.std.MapSerializer.serialize(MapSerializer.java:35) ~[jackson-databind-2.13.3.jar:2.13.3]
	at com.fasterxml.jackson.databind.ser.DefaultSerializerProvider._serialize(DefaultSerializerProvider.java:480) ~[jackson-databind-2.13.3.jar:2.13.3]
	at com.fasterxml.jackson.databind.ser.DefaultSerializerProvider.serializeValue(DefaultSerializerProvider.java:400) ~[jackson-databind-2.13.3.jar:2.13.3]
	at com.fasterxml.jackson.databind.ObjectWriter$Prefetch.serialize(ObjectWriter.java:1514) ~[jackson-databind-2.13.3.jar:2.13.3]
	at com.fasterxml.jackson.databind.ObjectWriter.writeValue(ObjectWriter.java:1007) ~[jackson-databind-2.13.3.jar:2.13.3]
	at org.springframework.http.converter.json.AbstractJackson2HttpMessageConverter.writeInternal(AbstractJackson2HttpMessageConverter.java:456) ~[spring-web-5.3.20.jar:5.3.20]
	at org.springframework.http.converter.AbstractGenericHttpMessageConverter.write(AbstractGenericHttpMessageConverter.java:104) ~[spring-web-5.3.20.jar:5.3.20]
	at org.springframework.web.servlet.mvc.method.annotation.AbstractMessageConverterMethodProcessor.writeWithMessageConverters(AbstractMessageConverterMethodProcessor.java:290) ~[spring-webmvc-5.3.20.jar:5.3.20]
	at org.springframework.web.servlet.mvc.method.annotation.HttpEntityMethodProcessor.handleReturnValue(HttpEntityMethodProcessor.java:219) ~[spring-webmvc-5.3.20.jar:5.3.20]
	at org.springframework.web.method.support.HandlerMethodReturnValueHandlerComposite.handleReturnValue(HandlerMethodReturnValueHandlerComposite.java:78) ~[spring-web-5.3.20.jar:5.3.20]
	at org.springframework.web.servlet.mvc.method.annotation.ServletInvocableHandlerMethod.invokeAndHandle(ServletInvocableHandlerMethod.java:135) ~[spring-webmvc-5.3.20.jar:5.3.20]
	at org.springframework.web.servlet.mvc.method.annotation.RequestMappingHandlerAdapter.invokeHandlerMethod(RequestMappingHandlerAdapter.java:895) ~[spring-webmvc-5.3.20.jar:5.3.20]
	at org.springframework.web.servlet.mvc.method.annotation.RequestMappingHandlerAdapter.handleInternal(RequestMappingHandlerAdapter.java:808) ~[spring-webmvc-5.3.20.jar:5.3.20]
	at org.springframework.web.servlet.mvc.method.AbstractHandlerMethodAdapter.handle(AbstractHandlerMethodAdapter.java:87) ~[spring-webmvc-5.3.20.jar:5.3.20]
	at org.springframework.web.servlet.DispatcherServlet.doDispatch(DispatcherServlet.java:1067) ~[spring-webmvc-5.3.20.jar:5.3.20]
	at org.springframework.web.servlet.DispatcherServlet.doService(DispatcherServlet.java:963) ~[spring-webmvc-5.3.20.jar:5.3.20]
	at org.springframework.web.servlet.FrameworkServlet.processRequest(FrameworkServlet.java:1006) ~[spring-webmvc-5.3.20.jar:5.3.20]
	at org.springframework.web.servlet.FrameworkServlet.doGet(FrameworkServlet.java:898) ~[spring-webmvc-5.3.20.jar:5.3.20]
	at javax.servlet.http.HttpServlet.service(HttpServlet.java:655) ~[tomcat-embed-core-9.0.63.jar:4.0.FR]
	at org.springframework.web.servlet.FrameworkServlet.service(FrameworkServlet.java:883) ~[spring-webmvc-5.3.20.jar:5.3.20]
	at javax.servlet.http.HttpServlet.service(HttpServlet.java:764) ~[tomcat-embed-core-9.0.63.jar:4.0.FR]
	at org.apache.catalina.core.ApplicationFilterChain.internalDoFilter(ApplicationFilterChain.java:227) ~[tomcat-embed-core-9.0.63.jar:9.0.63]
	at org.apache.catalina.core.ApplicationFilterChain.doFilter(ApplicationFilterChain.java:162) ~[tomcat-embed-core-9.0.63.jar:9.0.63]
	at org.springframework.web.filter.OncePerRequestFilter.doFilter(OncePerRequestFilter.java:102) ~[spring-web-5.3.20.jar:5.3.20]
	at org.apache.catalina.core.ApplicationFilterChain.internalDoFilter(ApplicationFilterChain.java:189) ~[tomcat-embed-core-9.0.63.jar:9.0.63]
	at org.apache.catalina.core.ApplicationFilterChain.doFilter(ApplicationFilterChain.java:162) ~[tomcat-embed-core-9.0.63.jar:9.0.63]
	at org.springframework.web.filter.OncePerRequestFilter.doFilter(OncePerRequestFilter.java:102) ~[spring-web-5.3.20.jar:5.3.20]
	at org.apache.catalina.core.ApplicationFilterChain.internalDoFilter(ApplicationFilterChain.java:189) ~[tomcat-embed-core-9.0.63.jar:9.0.63]
	at org.apache.catalina.core.ApplicationFilterChain.doFilter(ApplicationFilterChain.java:162) ~[tomcat-embed-core-9.0.63.jar:9.0.63]
	at org.apache.catalina.core.ApplicationDispatcher.invoke(ApplicationDispatcher.java:711) ~[tomcat-embed-core-9.0.63.jar:9.0.63]
	at org.apache.catalina.core.ApplicationDispatcher.doInclude(ApplicationDispatcher.java:578) ~[tomcat-embed-core-9.0.63.jar:9.0.63]
	at org.apache.catalina.core.ApplicationDispatcher.include(ApplicationDispatcher.java:517) ~[tomcat-embed-core-9.0.63.jar:9.0.63]
	at org.apache.catalina.core.StandardHostValve.custom(StandardHostValve.java:384) ~[tomcat-embed-core-9.0.63.jar:9.0.63]
	at org.apache.catalina.core.StandardHostValve.status(StandardHostValve.java:249) ~[tomcat-embed-core-9.0.63.jar:9.0.63]
	at org.apache.catalina.core.StandardHostValve.throwable(StandardHostValve.java:344) ~[tomcat-embed-core-9.0.63.jar:9.0.63]
	at org.apache.catalina.core.StandardHostValve.invoke(StandardHostValve.java:169) ~[tomcat-embed-core-9.0.63.jar:9.0.63]
	at org.apache.catalina.valves.ErrorReportValve.invoke(ErrorReportValve.java:92) ~[tomcat-embed-core-9.0.63.jar:9.0.63]
	at org.apache.catalina.core.StandardEngineValve.invoke(StandardEngineValve.java:78) ~[tomcat-embed-core-9.0.63.jar:9.0.63]
	at org.apache.catalina.connector.CoyoteAdapter.service(CoyoteAdapter.java:360) ~[tomcat-embed-core-9.0.63.jar:9.0.63]
	at org.apache.coyote.http11.Http11Processor.service(Http11Processor.java:399) ~[tomcat-embed-core-9.0.63.jar:9.0.63]
	at org.apache.coyote.AbstractProcessorLight.process(AbstractProcessorLight.java:65) ~[tomcat-embed-core-9.0.63.jar:9.0.63]
	at org.apache.coyote.AbstractProtocol$ConnectionHandler.process(AbstractProtocol.java:890) ~[tomcat-embed-core-9.0.63.jar:9.0.63]
	at org.apache.tomcat.util.net.NioEndpoint$SocketProcessor.doRun(NioEndpoint.java:1743) ~[tomcat-embed-core-9.0.63.jar:9.0.63]
	at org.apache.tomcat.util.net.SocketProcessorBase.run(SocketProcessorBase.java:49) ~[tomcat-embed-core-9.0.63.jar:9.0.63]
	at org.apache.tomcat.util.threads.ThreadPoolExecutor.runWorker(ThreadPoolExecutor.java:1191) ~[tomcat-embed-core-9.0.63.jar:9.0.63]
	at org.apache.tomcat.util.threads.ThreadPoolExecutor$Worker.run(ThreadPoolExecutor.java:659) ~[tomcat-embed-core-9.0.63.jar:9.0.63]
	at org.apache.tomcat.util.threads.TaskThread$WrappingRunnable.run(TaskThread.java:61) ~[tomcat-embed-core-9.0.63.jar:9.0.63]
	at java.base/java.lang.Thread.run(Thread.java:842) ~[na:na]
	Suppressed: org.apache.catalina.connector.ClientAbortException: java.io.IOException: Uma conexão estabelecida foi anulada pelo software no computador host
		at org.apache.catalina.connector.OutputBuffer.realWriteBytes(OutputBuffer.java:353) ~[tomcat-embed-core-9.0.63.jar:9.0.63]
		at org.apache.catalina.connector.OutputBuffer.flushByteBuffer(OutputBuffer.java:783) ~[tomcat-embed-core-9.0.63.jar:9.0.63]
		at org.apache.catalina.connector.OutputBuffer.append(OutputBuffer.java:688) ~[tomcat-embed-core-9.0.63.jar:9.0.63]
		at org.apache.catalina.connector.OutputBuffer.writeBytes(OutputBuffer.java:388) ~[tomcat-embed-core-9.0.63.jar:9.0.63]
		at org.apache.catalina.connector.OutputBuffer.write(OutputBuffer.java:366) ~[tomcat-embed-core-9.0.63.jar:9.0.63]
		at org.apache.catalina.connector.CoyoteOutputStream.write(CoyoteOutputStream.java:96) ~[tomcat-embed-core-9.0.63.jar:9.0.63]
		at org.springframework.util.StreamUtils$NonClosingOutputStream.write(StreamUtils.java:287) ~[spring-core-5.3.20.jar:5.3.20]
		at com.fasterxml.jackson.core.json.UTF8JsonGenerator._flushBuffer(UTF8JsonGenerator.java:2171) ~[jackson-core-2.13.3.jar:2.13.3]
		at com.fasterxml.jackson.core.json.UTF8JsonGenerator.close(UTF8JsonGenerator.java:1214) ~[jackson-core-2.13.3.jar:2.13.3]
		at org.springframework.http.converter.json.AbstractJackson2HttpMessageConverter.writeInternal(AbstractJackson2HttpMessageConverter.java:460) ~[spring-web-5.3.20.jar:5.3.20]
		... 42 common frames omitted
	Caused by: java.io.IOException: Uma conexão estabelecida foi anulada pelo software no computador host
		at java.base/sun.nio.ch.SocketDispatcher.write0(Native Method)
		at java.base/sun.nio.ch.SocketDispatcher.write(SocketDispatcher.java:54)
		at java.base/sun.nio.ch.IOUtil.writeFromNativeBuffer(IOUtil.java:132)
		at java.base/sun.nio.ch.IOUtil.write(IOUtil.java:97)
		at java.base/sun.nio.ch.IOUtil.write(IOUtil.java:53)
		at java.base/sun.nio.ch.SocketChannelImpl.write(SocketChannelImpl.java:532)
		at org.apache.tomcat.util.net.NioChannel.write(NioChannel.java:135)
		at org.apache.tomcat.util.net.NioEndpoint$NioSocketWrapper.doWrite(NioEndpoint.java:1384)
		at org.apache.tomcat.util.net.SocketWrapperBase.doWrite(SocketWrapperBase.java:773)
		at org.apache.tomcat.util.net.SocketWrapperBase.writeBlocking(SocketWrapperBase.java:593)
		at org.apache.tomcat.util.net.SocketWrapperBase.write(SocketWrapperBase.java:537)
		at org.apache.coyote.http11.Http11OutputBuffer$SocketOutputBuffer.doWrite(Http11OutputBuffer.java:547)
		at org.apache.coyote.http11.filters.ChunkedOutputFilter.doWrite(ChunkedOutputFilter.java:110)
		at org.apache.coyote.http11.Http11OutputBuffer.doWrite(Http11OutputBuffer.java:194)
		at org.apache.coyote.Response.doWrite(Response.java:615)
		at org.apache.catalina.connector.OutputBuffer.realWriteBytes(OutputBuffer.java:340)
		... 51 common frames omitted
Caused by: java.io.IOException: Uma conexão estabelecida foi anulada pelo software no computador host
	at java.base/sun.nio.ch.SocketDispatcher.write0(Native Method) ~[na:na]
	at java.base/sun.nio.ch.SocketDispatcher.write(SocketDispatcher.java:54) ~[na:na]
	at java.base/sun.nio.ch.IOUtil.writeFromNativeBuffer(IOUtil.java:132) ~[na:na]
	at java.base/sun.nio.ch.IOUtil.write(IOUtil.java:97) ~[na:na]
	at java.base/sun.nio.ch.IOUtil.write(IOUtil.java:53) ~[na:na]
	at java.base/sun.nio.ch.SocketChannelImpl.write(SocketChannelImpl.java:532) ~[na:na]
	at org.apache.tomcat.util.net.NioChannel.write(NioChannel.java:135) ~[tomcat-embed-core-9.0.63.jar:9.0.63]
	at org.apache.tomcat.util.net.NioEndpoint$NioSocketWrapper.doWrite(NioEndpoint.java:1384) ~[tomcat-embed-core-9.0.63.jar:9.0.63]
	at org.apache.tomcat.util.net.SocketWrapperBase.doWrite(SocketWrapperBase.java:773) ~[tomcat-embed-core-9.0.63.jar:9.0.63]
	at org.apache.tomcat.util.net.SocketWrapperBase.writeBlocking(SocketWrapperBase.java:593) ~[tomcat-embed-core-9.0.63.jar:9.0.63]
	at org.apache.tomcat.util.net.SocketWrapperBase.write(SocketWrapperBase.java:537) ~[tomcat-embed-core-9.0.63.jar:9.0.63]
	at org.apache.coyote.http11.Http11OutputBuffer$SocketOutputBuffer.doWrite(Http11OutputBuffer.java:547) ~[tomcat-embed-core-9.0.63.jar:9.0.63]
	at org.apache.coyote.http11.filters.ChunkedOutputFilter.doWrite(ChunkedOutputFilter.java:112) ~[tomcat-embed-core-9.0.63.jar:9.0.63]
	at org.apache.coyote.http11.Http11OutputBuffer.doWrite(Http11OutputBuffer.java:194) ~[tomcat-embed-core-9.0.63.jar:9.0.63]
	at org.apache.coyote.Response.doWrite(Response.java:615) ~[tomcat-embed-core-9.0.63.jar:9.0.63]
	at org.apache.catalina.connector.OutputBuffer.realWriteBytes(OutputBuffer.java:340) ~[tomcat-embed-core-9.0.63.jar:9.0.63]
	... 63 common frames omitted

2025-10-16 08:49:20.148  WARN 11408 --- [http-nio-8083-exec-10] .w.s.m.s.DefaultHandlerExceptionResolver : Failure while trying to resolve exception [org.springframework.http.converter.HttpMessageNotWritableException]

java.lang.IllegalStateException: Cannot call sendError() after the response has been committed
	at org.apache.catalina.connector.ResponseFacade.sendError(ResponseFacade.java:472) ~[tomcat-embed-core-9.0.63.jar:9.0.63]
	at javax.servlet.http.HttpServletResponseWrapper.sendError(HttpServletResponseWrapper.java:129) ~[tomcat-embed-core-9.0.63.jar:4.0.FR]
	at javax.servlet.http.HttpServletResponseWrapper.sendError(HttpServletResponseWrapper.java:129) ~[tomcat-embed-core-9.0.63.jar:4.0.FR]
	at javax.servlet.http.HttpServletResponseWrapper.sendError(HttpServletResponseWrapper.java:129) ~[tomcat-embed-core-9.0.63.jar:4.0.FR]
	at org.springframework.security.web.util.OnCommittedResponseWrapper.sendError(OnCommittedResponseWrapper.java:116) ~[spring-security-web-5.7.1.jar:5.7.1]
	at javax.servlet.http.HttpServletResponseWrapper.sendError(HttpServletResponseWrapper.java:129) ~[tomcat-embed-core-9.0.63.jar:4.0.FR]
	at org.springframework.security.web.util.OnCommittedResponseWrapper.sendError(OnCommittedResponseWrapper.java:116) ~[spring-security-web-5.7.1.jar:5.7.1]
	at org.springframework.web.servlet.mvc.support.DefaultHandlerExceptionResolver.sendServerError(DefaultHandlerExceptionResolver.java:552) ~[spring-webmvc-5.3.20.jar:5.3.20]
	at org.springframework.web.servlet.mvc.support.DefaultHandlerExceptionResolver.handleHttpMessageNotWritable(DefaultHandlerExceptionResolver.java:442) ~[spring-webmvc-5.3.20.jar:5.3.20]
	at org.springframework.web.servlet.mvc.support.DefaultHandlerExceptionResolver.doResolveException(DefaultHandlerExceptionResolver.java:209) ~[spring-webmvc-5.3.20.jar:5.3.20]
	at org.springframework.web.servlet.handler.AbstractHandlerExceptionResolver.resolveException(AbstractHandlerExceptionResolver.java:142) ~[spring-webmvc-5.3.20.jar:5.3.20]
	at org.springframework.web.servlet.handler.HandlerExceptionResolverComposite.resolveException(HandlerExceptionResolverComposite.java:80) ~[spring-webmvc-5.3.20.jar:5.3.20]
	at org.springframework.web.servlet.DispatcherServlet.processHandlerException(DispatcherServlet.java:1327) ~[spring-webmvc-5.3.20.jar:5.3.20]
	at org.springframework.web.servlet.DispatcherServlet.processDispatchResult(DispatcherServlet.java:1138) ~[spring-webmvc-5.3.20.jar:5.3.20]
	at org.springframework.web.servlet.DispatcherServlet.doDispatch(DispatcherServlet.java:1084) ~[spring-webmvc-5.3.20.jar:5.3.20]
	at org.springframework.web.servlet.DispatcherServlet.doService(DispatcherServlet.java:963) ~[spring-webmvc-5.3.20.jar:5.3.20]
	at org.springframework.web.servlet.FrameworkServlet.processRequest(FrameworkServlet.java:1006) ~[spring-webmvc-5.3.20.jar:5.3.20]
	at org.springframework.web.servlet.FrameworkServlet.doGet(FrameworkServlet.java:898) ~[spring-webmvc-5.3.20.jar:5.3.20]
	at javax.servlet.http.HttpServlet.service(HttpServlet.java:655) ~[tomcat-embed-core-9.0.63.jar:4.0.FR]
	at org.springframework.web.servlet.FrameworkServlet.service(FrameworkServlet.java:883) ~[spring-webmvc-5.3.20.jar:5.3.20]
	at javax.servlet.http.HttpServlet.service(HttpServlet.java:764) ~[tomcat-embed-core-9.0.63.jar:4.0.FR]
	at org.apache.catalina.core.ApplicationFilterChain.internalDoFilter(ApplicationFilterChain.java:227) ~[tomcat-embed-core-9.0.63.jar:9.0.63]
	at org.apache.catalina.core.ApplicationFilterChain.doFilter(ApplicationFilterChain.java:162) ~[tomcat-embed-core-9.0.63.jar:9.0.63]
	at org.apache.tomcat.websocket.server.WsFilter.doFilter(WsFilter.java:53) ~[tomcat-embed-websocket-9.0.63.jar:9.0.63]
	at org.apache.catalina.core.ApplicationFilterChain.internalDoFilter(ApplicationFilterChain.java:189) ~[tomcat-embed-core-9.0.63.jar:9.0.63]
	at org.apache.catalina.core.ApplicationFilterChain.doFilter(ApplicationFilterChain.java:162) ~[tomcat-embed-core-9.0.63.jar:9.0.63]
	at org.springframework.web.filter.CorsFilter.doFilterInternal(CorsFilter.java:91) ~[spring-web-5.3.20.jar:5.3.20]
	at org.springframework.web.filter.OncePerRequestFilter.doFilter(OncePerRequestFilter.java:117) ~[spring-web-5.3.20.jar:5.3.20]
	at org.apache.catalina.core.ApplicationFilterChain.internalDoFilter(ApplicationFilterChain.java:189) ~[tomcat-embed-core-9.0.63.jar:9.0.63]
	at org.apache.catalina.core.ApplicationFilterChain.doFilter(ApplicationFilterChain.java:162) ~[tomcat-embed-core-9.0.63.jar:9.0.63]
	at org.springframework.security.web.FilterChainProxy$VirtualFilterChain.doFilter(FilterChainProxy.java:327) ~[spring-security-web-5.7.1.jar:5.7.1]
	at org.springframework.security.web.access.intercept.FilterSecurityInterceptor.invoke(FilterSecurityInterceptor.java:115) ~[spring-security-web-5.7.1.jar:5.7.1]
	at org.springframework.security.web.access.intercept.FilterSecurityInterceptor.doFilter(FilterSecurityInterceptor.java:81) ~[spring-security-web-5.7.1.jar:5.7.1]
	at org.springframework.security.web.FilterChainProxy$VirtualFilterChain.doFilter(FilterChainProxy.java:336) ~[spring-security-web-5.7.1.jar:5.7.1]
	at org.springframework.security.web.access.ExceptionTranslationFilter.doFilter(ExceptionTranslationFilter.java:122) ~[spring-security-web-5.7.1.jar:5.7.1]
	at org.springframework.security.web.access.ExceptionTranslationFilter.doFilter(ExceptionTranslationFilter.java:116) ~[spring-security-web-5.7.1.jar:5.7.1]
	at org.springframework.security.web.FilterChainProxy$VirtualFilterChain.doFilter(FilterChainProxy.java:336) ~[spring-security-web-5.7.1.jar:5.7.1]
	at org.springframework.security.web.session.SessionManagementFilter.doFilter(SessionManagementFilter.java:126) ~[spring-security-web-5.7.1.jar:5.7.1]
	at org.springframework.security.web.session.SessionManagementFilter.doFilter(SessionManagementFilter.java:81) ~[spring-security-web-5.7.1.jar:5.7.1]
	at org.springframework.security.web.FilterChainProxy$VirtualFilterChain.doFilter(FilterChainProxy.java:336) ~[spring-security-web-5.7.1.jar:5.7.1]
	at org.springframework.security.web.authentication.AnonymousAuthenticationFilter.doFilter(AnonymousAuthenticationFilter.java:109) ~[spring-security-web-5.7.1.jar:5.7.1]
	at org.springframework.security.web.FilterChainProxy$VirtualFilterChain.doFilter(FilterChainProxy.java:336) ~[spring-security-web-5.7.1.jar:5.7.1]
	at org.springframework.security.web.servletapi.SecurityContextHolderAwareRequestFilter.doFilter(SecurityContextHolderAwareRequestFilter.java:149) ~[spring-security-web-5.7.1.jar:5.7.1]
	at org.springframework.security.web.FilterChainProxy$VirtualFilterChain.doFilter(FilterChainProxy.java:336) ~[spring-security-web-5.7.1.jar:5.7.1]
	at org.springframework.security.web.savedrequest.RequestCacheAwareFilter.doFilter(RequestCacheAwareFilter.java:63) ~[spring-security-web-5.7.1.jar:5.7.1]
	at org.springframework.security.web.FilterChainProxy$VirtualFilterChain.doFilter(FilterChainProxy.java:336) ~[spring-security-web-5.7.1.jar:5.7.1]
	at br.com.tonypool.atendimento.security.JwtSecurity.doFilterInternal(JwtSecurity.java:60) ~[classes/:na]
	at org.springframework.web.filter.OncePerRequestFilter.doFilter(OncePerRequestFilter.java:117) ~[spring-web-5.3.20.jar:5.3.20]
	at org.springframework.security.web.FilterChainProxy$VirtualFilterChain.doFilter(FilterChainProxy.java:336) ~[spring-security-web-5.7.1.jar:5.7.1]
	at org.springframework.security.web.authentication.logout.LogoutFilter.doFilter(LogoutFilter.java:103) ~[spring-security-web-5.7.1.jar:5.7.1]
	at org.springframework.security.web.authentication.logout.LogoutFilter.doFilter(LogoutFilter.java:89) ~[spring-security-web-5.7.1.jar:5.7.1]
	at org.springframework.security.web.FilterChainProxy$VirtualFilterChain.doFilter(FilterChainProxy.java:336) ~[spring-security-web-5.7.1.jar:5.7.1]
	at org.springframework.security.web.header.HeaderWriterFilter.doHeadersAfter(HeaderWriterFilter.java:90) ~[spring-security-web-5.7.1.jar:5.7.1]
	at org.springframework.security.web.header.HeaderWriterFilter.doFilterInternal(HeaderWriterFilter.java:75) ~[spring-security-web-5.7.1.jar:5.7.1]
	at org.springframework.web.filter.OncePerRequestFilter.doFilter(OncePerRequestFilter.java:117) ~[spring-web-5.3.20.jar:5.3.20]
	at org.springframework.security.web.FilterChainProxy$VirtualFilterChain.doFilter(FilterChainProxy.java:336) ~[spring-security-web-5.7.1.jar:5.7.1]
	at org.springframework.security.web.context.SecurityContextPersistenceFilter.doFilter(SecurityContextPersistenceFilter.java:112) ~[spring-security-web-5.7.1.jar:5.7.1]
	at org.springframework.security.web.context.SecurityContextPersistenceFilter.doFilter(SecurityContextPersistenceFilter.java:82) ~[spring-security-web-5.7.1.jar:5.7.1]
	at org.springframework.security.web.FilterChainProxy$VirtualFilterChain.doFilter(FilterChainProxy.java:336) ~[spring-security-web-5.7.1.jar:5.7.1]
	at org.springframework.security.web.context.request.async.WebAsyncManagerIntegrationFilter.doFilterInternal(WebAsyncManagerIntegrationFilter.java:55) ~[spring-security-web-5.7.1.jar:5.7.1]
	at org.springframework.web.filter.OncePerRequestFilter.doFilter(OncePerRequestFilter.java:117) ~[spring-web-5.3.20.jar:5.3.20]
	at org.springframework.security.web.FilterChainProxy$VirtualFilterChain.doFilter(FilterChainProxy.java:336) ~[spring-security-web-5.7.1.jar:5.7.1]
	at org.springframework.security.web.session.DisableEncodeUrlFilter.doFilterInternal(DisableEncodeUrlFilter.java:42) ~[spring-security-web-5.7.1.jar:5.7.1]
	at org.springframework.web.filter.OncePerRequestFilter.doFilter(OncePerRequestFilter.java:117) ~[spring-web-5.3.20.jar:5.3.20]
	at org.springframework.security.web.FilterChainProxy$VirtualFilterChain.doFilter(FilterChainProxy.java:336) ~[spring-security-web-5.7.1.jar:5.7.1]
	at org.springframework.security.web.FilterChainProxy.doFilterInternal(FilterChainProxy.java:211) ~[spring-security-web-5.7.1.jar:5.7.1]
	at org.springframework.security.web.FilterChainProxy.doFilter(FilterChainProxy.java:183) ~[spring-security-web-5.7.1.jar:5.7.1]
	at org.springframework.web.filter.DelegatingFilterProxy.invokeDelegate(DelegatingFilterProxy.java:354) ~[spring-web-5.3.20.jar:5.3.20]
	at org.springframework.web.filter.DelegatingFilterProxy.doFilter(DelegatingFilterProxy.java:267) ~[spring-web-5.3.20.jar:5.3.20]
	at org.apache.catalina.core.ApplicationFilterChain.internalDoFilter(ApplicationFilterChain.java:189) ~[tomcat-embed-core-9.0.63.jar:9.0.63]
	at org.apache.catalina.core.ApplicationFilterChain.doFilter(ApplicationFilterChain.java:162) ~[tomcat-embed-core-9.0.63.jar:9.0.63]
	at org.springframework.web.filter.CharacterEncodingFilter.doFilterInternal(CharacterEncodingFilter.java:201) ~[spring-web-5.3.20.jar:5.3.20]
	at org.springframework.web.filter.OncePerRequestFilter.doFilter(OncePerRequestFilter.java:117) ~[spring-web-5.3.20.jar:5.3.20]
	at org.apache.catalina.core.ApplicationFilterChain.internalDoFilter(ApplicationFilterChain.java:189) ~[tomcat-embed-core-9.0.63.jar:9.0.63]
	at org.apache.catalina.core.ApplicationFilterChain.doFilter(ApplicationFilterChain.java:162) ~[tomcat-embed-core-9.0.63.jar:9.0.63]
	at org.apache.catalina.core.StandardWrapperValve.invoke(StandardWrapperValve.java:197) ~[tomcat-embed-core-9.0.63.jar:9.0.63]
	at org.apache.catalina.core.StandardContextValve.invoke(StandardContextValve.java:97) ~[tomcat-embed-core-9.0.63.jar:9.0.63]
	at org.apache.catalina.authenticator.AuthenticatorBase.invoke(AuthenticatorBase.java:541) ~[tomcat-embed-core-9.0.63.jar:9.0.63]
	at org.apache.catalina.core.StandardHostValve.invoke(StandardHostValve.java:135) ~[tomcat-embed-core-9.0.63.jar:9.0.63]
	at org.apache.catalina.valves.ErrorReportValve.invoke(ErrorReportValve.java:92) ~[tomcat-embed-core-9.0.63.jar:9.0.63]
	at org.apache.catalina.core.StandardEngineValve.invoke(StandardEngineValve.java:78) ~[tomcat-embed-core-9.0.63.jar:9.0.63]
	at org.apache.catalina.connector.CoyoteAdapter.service(CoyoteAdapter.java:360) ~[tomcat-embed-core-9.0.63.jar:9.0.63]
	at org.apache.coyote.http11.Http11Processor.service(Http11Processor.java:399) ~[tomcat-embed-core-9.0.63.jar:9.0.63]
	at org.apache.coyote.AbstractProcessorLight.process(AbstractProcessorLight.java:65) ~[tomcat-embed-core-9.0.63.jar:9.0.63]
	at org.apache.coyote.AbstractProtocol$ConnectionHandler.process(AbstractProtocol.java:890) ~[tomcat-embed-core-9.0.63.jar:9.0.63]
	at org.apache.tomcat.util.net.NioEndpoint$SocketProcessor.doRun(NioEndpoint.java:1743) ~[tomcat-embed-core-9.0.63.jar:9.0.63]
	at org.apache.tomcat.util.net.SocketProcessorBase.run(SocketProcessorBase.java:49) ~[tomcat-embed-core-9.0.63.jar:9.0.63]
	at org.apache.tomcat.util.threads.ThreadPoolExecutor.runWorker(ThreadPoolExecutor.java:1191) ~[tomcat-embed-core-9.0.63.jar:9.0.63]
	at org.apache.tomcat.util.threads.ThreadPoolExecutor$Worker.run(ThreadPoolExecutor.java:659) ~[tomcat-embed-core-9.0.63.jar:9.0.63]
	at org.apache.tomcat.util.threads.TaskThread$WrappingRunnable.run(TaskThread.java:61) ~[tomcat-embed-core-9.0.63.jar:9.0.63]
	at java.base/java.lang.Thread.run(Thread.java:842) ~[na:na]

2025-10-16 08:49:20.152 ERROR 11408 --- [http-nio-8083-exec-10] o.a.c.c.C.[.[.[/].[dispatcherServlet]    : Servlet.service() for servlet [dispatcherServlet] in context with path [] threw exception

java.lang.IllegalStateException: Cannot call sendError() after the response has been committed
	at org.apache.catalina.connector.ResponseFacade.sendError(ResponseFacade.java:456) ~[tomcat-embed-core-9.0.63.jar:9.0.63]
	at javax.servlet.http.HttpServletResponseWrapper.sendError(HttpServletResponseWrapper.java:120) ~[tomcat-embed-core-9.0.63.jar:4.0.FR]
	at javax.servlet.http.HttpServletResponseWrapper.sendError(HttpServletResponseWrapper.java:120) ~[tomcat-embed-core-9.0.63.jar:4.0.FR]
	at javax.servlet.http.HttpServletResponseWrapper.sendError(HttpServletResponseWrapper.java:120) ~[tomcat-embed-core-9.0.63.jar:4.0.FR]
	at org.springframework.security.web.util.OnCommittedResponseWrapper.sendError(OnCommittedResponseWrapper.java:126) ~[spring-security-web-5.7.1.jar:5.7.1]
	at javax.servlet.http.HttpServletResponseWrapper.sendError(HttpServletResponseWrapper.java:120) ~[tomcat-embed-core-9.0.63.jar:4.0.FR]
	at org.springframework.security.web.util.OnCommittedResponseWrapper.sendError(OnCommittedResponseWrapper.java:126) ~[spring-security-web-5.7.1.jar:5.7.1]
	at br.com.tonypool.atendimento.security.JwtSecurity.doFilterInternal(JwtSecurity.java:63) ~[classes/:na]
	at org.springframework.web.filter.OncePerRequestFilter.doFilter(OncePerRequestFilter.java:117) ~[spring-web-5.3.20.jar:5.3.20]
	at org.springframework.security.web.FilterChainProxy$VirtualFilterChain.doFilter(FilterChainProxy.java:336) ~[spring-security-web-5.7.1.jar:5.7.1]
	at org.springframework.security.web.authentication.logout.LogoutFilter.doFilter(LogoutFilter.java:103) ~[spring-security-web-5.7.1.jar:5.7.1]
	at org.springframework.security.web.authentication.logout.LogoutFilter.doFilter(LogoutFilter.java:89) ~[spring-security-web-5.7.1.jar:5.7.1]
	at org.springframework.security.web.FilterChainProxy$VirtualFilterChain.doFilter(FilterChainProxy.java:336) ~[spring-security-web-5.7.1.jar:5.7.1]
	at org.springframework.security.web.header.HeaderWriterFilter.doHeadersAfter(HeaderWriterFilter.java:90) ~[spring-security-web-5.7.1.jar:5.7.1]
	at org.springframework.security.web.header.HeaderWriterFilter.doFilterInternal(HeaderWriterFilter.java:75) ~[spring-security-web-5.7.1.jar:5.7.1]
	at org.springframework.web.filter.OncePerRequestFilter.doFilter(OncePerRequestFilter.java:117) ~[spring-web-5.3.20.jar:5.3.20]
	at org.springframework.security.web.FilterChainProxy$VirtualFilterChain.doFilter(FilterChainProxy.java:336) ~[spring-security-web-5.7.1.jar:5.7.1]
	at org.springframework.security.web.context.SecurityContextPersistenceFilter.doFilter(SecurityContextPersistenceFilter.java:112) ~[spring-security-web-5.7.1.jar:5.7.1]
	at org.springframework.security.web.context.SecurityContextPersistenceFilter.doFilter(SecurityContextPersistenceFilter.java:82) ~[spring-security-web-5.7.1.jar:5.7.1]
	at org.springframework.security.web.FilterChainProxy$VirtualFilterChain.doFilter(FilterChainProxy.java:336) ~[spring-security-web-5.7.1.jar:5.7.1]
	at org.springframework.security.web.context.request.async.WebAsyncManagerIntegrationFilter.doFilterInternal(WebAsyncManagerIntegrationFilter.java:55) ~[spring-security-web-5.7.1.jar:5.7.1]
	at org.springframework.web.filter.OncePerRequestFilter.doFilter(OncePerRequestFilter.java:117) ~[spring-web-5.3.20.jar:5.3.20]
	at org.springframework.security.web.FilterChainProxy$VirtualFilterChain.doFilter(FilterChainProxy.java:336) ~[spring-security-web-5.7.1.jar:5.7.1]
	at org.springframework.security.web.session.DisableEncodeUrlFilter.doFilterInternal(DisableEncodeUrlFilter.java:42) ~[spring-security-web-5.7.1.jar:5.7.1]
	at org.springframework.web.filter.OncePerRequestFilter.doFilter(OncePerRequestFilter.java:117) ~[spring-web-5.3.20.jar:5.3.20]
	at org.springframework.security.web.FilterChainProxy$VirtualFilterChain.doFilter(FilterChainProxy.java:336) ~[spring-security-web-5.7.1.jar:5.7.1]
	at org.springframework.security.web.FilterChainProxy.doFilterInternal(FilterChainProxy.java:211) ~[spring-security-web-5.7.1.jar:5.7.1]
	at org.springframework.security.web.FilterChainProxy.doFilter(FilterChainProxy.java:183) ~[spring-security-web-5.7.1.jar:5.7.1]
	at org.springframework.web.filter.DelegatingFilterProxy.invokeDelegate(DelegatingFilterProxy.java:354) ~[spring-web-5.3.20.jar:5.3.20]
	at org.springframework.web.filter.DelegatingFilterProxy.doFilter(DelegatingFilterProxy.java:267) ~[spring-web-5.3.20.jar:5.3.20]
	at org.apache.catalina.core.ApplicationFilterChain.internalDoFilter(ApplicationFilterChain.java:189) ~[tomcat-embed-core-9.0.63.jar:9.0.63]
	at org.apache.catalina.core.ApplicationFilterChain.doFilter(ApplicationFilterChain.java:162) ~[tomcat-embed-core-9.0.63.jar:9.0.63]
	at org.springframework.web.filter.CharacterEncodingFilter.doFilterInternal(CharacterEncodingFilter.java:201) ~[spring-web-5.3.20.jar:5.3.20]
	at org.springframework.web.filter.OncePerRequestFilter.doFilter(OncePerRequestFilter.java:117) ~[spring-web-5.3.20.jar:5.3.20]
	at org.apache.catalina.core.ApplicationFilterChain.internalDoFilter(ApplicationFilterChain.java:189) ~[tomcat-embed-core-9.0.63.jar:9.0.63]
	at org.apache.catalina.core.ApplicationFilterChain.doFilter(ApplicationFilterChain.java:162) ~[tomcat-embed-core-9.0.63.jar:9.0.63]
	at org.apache.catalina.core.StandardWrapperValve.invoke(StandardWrapperValve.java:197) ~[tomcat-embed-core-9.0.63.jar:9.0.63]
	at org.apache.catalina.core.StandardContextValve.invoke(StandardContextValve.java:97) ~[tomcat-embed-core-9.0.63.jar:9.0.63]
	at org.apache.catalina.authenticator.AuthenticatorBase.invoke(AuthenticatorBase.java:541) ~[tomcat-embed-core-9.0.63.jar:9.0.63]
	at org.apache.catalina.core.StandardHostValve.invoke(StandardHostValve.java:135) ~[tomcat-embed-core-9.0.63.jar:9.0.63]
	at org.apache.catalina.valves.ErrorReportValve.invoke(ErrorReportValve.java:92) ~[tomcat-embed-core-9.0.63.jar:9.0.63]
	at org.apache.catalina.core.StandardEngineValve.invoke(StandardEngineValve.java:78) ~[tomcat-embed-core-9.0.63.jar:9.0.63]
	at org.apache.catalina.connector.CoyoteAdapter.service(CoyoteAdapter.java:360) ~[tomcat-embed-core-9.0.63.jar:9.0.63]
	at org.apache.coyote.http11.Http11Processor.service(Http11Processor.java:399) ~[tomcat-embed-core-9.0.63.jar:9.0.63]
	at org.apache.coyote.AbstractProcessorLight.process(AbstractProcessorLight.java:65) ~[tomcat-embed-core-9.0.63.jar:9.0.63]
	at org.apache.coyote.AbstractProtocol$ConnectionHandler.process(AbstractProtocol.java:890) ~[tomcat-embed-core-9.0.63.jar:9.0.63]
	at org.apache.tomcat.util.net.NioEndpoint$SocketProcessor.doRun(NioEndpoint.java:1743) ~[tomcat-embed-core-9.0.63.jar:9.0.63]
	at org.apache.tomcat.util.net.SocketProcessorBase.run(SocketProcessorBase.java:49) ~[tomcat-embed-core-9.0.63.jar:9.0.63]
	at org.apache.tomcat.util.threads.ThreadPoolExecutor.runWorker(ThreadPoolExecutor.java:1191) ~[tomcat-embed-core-9.0.63.jar:9.0.63]
	at org.apache.tomcat.util.threads.ThreadPoolExecutor$Worker.run(ThreadPoolExecutor.java:659) ~[tomcat-embed-core-9.0.63.jar:9.0.63]
	at org.apache.tomcat.util.threads.TaskThread$WrappingRunnable.run(TaskThread.java:61) ~[tomcat-embed-core-9.0.63.jar:9.0.63]
	at java.base/java.lang.Thread.run(Thread.java:842) ~[na:na]

2025-10-16 08:49:20.207 ERROR 11408 --- [http-nio-8083-exec-10] o.a.c.c.C.[Tomcat].[localhost]           : Exception Processing ErrorPage[errorCode=0, location=/error]

org.apache.catalina.connector.ClientAbortException: java.io.IOException: Uma conexão estabelecida foi anulada pelo software no computador host
	at org.apache.catalina.connector.OutputBuffer.realWriteBytes(OutputBuffer.java:353) ~[tomcat-embed-core-9.0.63.jar:9.0.63]
	at org.apache.catalina.connector.OutputBuffer.flushByteBuffer(OutputBuffer.java:783) ~[tomcat-embed-core-9.0.63.jar:9.0.63]
	at org.apache.catalina.connector.OutputBuffer.append(OutputBuffer.java:688) ~[tomcat-embed-core-9.0.63.jar:9.0.63]
	at org.apache.catalina.connector.OutputBuffer.writeBytes(OutputBuffer.java:388) ~[tomcat-embed-core-9.0.63.jar:9.0.63]
	at org.apache.catalina.connector.OutputBuffer.write(OutputBuffer.java:366) ~[tomcat-embed-core-9.0.63.jar:9.0.63]
	at org.apache.catalina.connector.CoyoteOutputStream.write(CoyoteOutputStream.java:96) ~[tomcat-embed-core-9.0.63.jar:9.0.63]
	at org.springframework.util.StreamUtils$NonClosingOutputStream.write(StreamUtils.java:287) ~[spring-core-5.3.20.jar:5.3.20]
	at com.fasterxml.jackson.core.json.UTF8JsonGenerator._flushBuffer(UTF8JsonGenerator.java:2171) ~[jackson-core-2.13.3.jar:2.13.3]
	at com.fasterxml.jackson.core.json.UTF8JsonGenerator._writeStringSegment2(UTF8JsonGenerator.java:1485) ~[jackson-core-2.13.3.jar:2.13.3]
	at com.fasterxml.jackson.core.json.UTF8JsonGenerator._writeStringSegment(UTF8JsonGenerator.java:1432) ~[jackson-core-2.13.3.jar:2.13.3]
	at com.fasterxml.jackson.core.json.UTF8JsonGenerator._writeStringSegments(UTF8JsonGenerator.java:1315) ~[jackson-core-2.13.3.jar:2.13.3]
	at com.fasterxml.jackson.core.json.UTF8JsonGenerator.writeString(UTF8JsonGenerator.java:511) ~[jackson-core-2.13.3.jar:2.13.3]
	at com.fasterxml.jackson.databind.ser.std.StringSerializer.serialize(StringSerializer.java:41) ~[jackson-databind-2.13.3.jar:2.13.3]
	at com.fasterxml.jackson.databind.ser.std.MapSerializer.serializeFields(MapSerializer.java:808) ~[jackson-databind-2.13.3.jar:2.13.3]
	at com.fasterxml.jackson.databind.ser.std.MapSerializer.serializeWithoutTypeInfo(MapSerializer.java:764) ~[jackson-databind-2.13.3.jar:2.13.3]
	at com.fasterxml.jackson.databind.ser.std.MapSerializer.serialize(MapSerializer.java:720) ~[jackson-databind-2.13.3.jar:2.13.3]
	at com.fasterxml.jackson.databind.ser.std.MapSerializer.serialize(MapSerializer.java:35) ~[jackson-databind-2.13.3.jar:2.13.3]
	at com.fasterxml.jackson.databind.ser.DefaultSerializerProvider._serialize(DefaultSerializerProvider.java:480) ~[jackson-databind-2.13.3.jar:2.13.3]
	at com.fasterxml.jackson.databind.ser.DefaultSerializerProvider.serializeValue(DefaultSerializerProvider.java:400) ~[jackson-databind-2.13.3.jar:2.13.3]
	at com.fasterxml.jackson.databind.ObjectWriter$Prefetch.serialize(ObjectWriter.java:1514) ~[jackson-databind-2.13.3.jar:2.13.3]
	at com.fasterxml.jackson.databind.ObjectWriter.writeValue(ObjectWriter.java:1007) ~[jackson-databind-2.13.3.jar:2.13.3]
	at org.springframework.http.converter.json.AbstractJackson2HttpMessageConverter.writeInternal(AbstractJackson2HttpMessageConverter.java:456) ~[spring-web-5.3.20.jar:5.3.20]
	at org.springframework.http.converter.AbstractGenericHttpMessageConverter.write(AbstractGenericHttpMessageConverter.java:104) ~[spring-web-5.3.20.jar:5.3.20]
	at org.springframework.web.servlet.mvc.method.annotation.AbstractMessageConverterMethodProcessor.writeWithMessageConverters(AbstractMessageConverterMethodProcessor.java:290) ~[spring-webmvc-5.3.20.jar:5.3.20]
	at org.springframework.web.servlet.mvc.method.annotation.HttpEntityMethodProcessor.handleReturnValue(HttpEntityMethodProcessor.java:219) ~[spring-webmvc-5.3.20.jar:5.3.20]
	at org.springframework.web.method.support.HandlerMethodReturnValueHandlerComposite.handleReturnValue(HandlerMethodReturnValueHandlerComposite.java:78) ~[spring-web-5.3.20.jar:5.3.20]
	at org.springframework.web.servlet.mvc.method.annotation.ServletInvocableHandlerMethod.invokeAndHandle(ServletInvocableHandlerMethod.java:135) ~[spring-webmvc-5.3.20.jar:5.3.20]
	at org.springframework.web.servlet.mvc.method.annotation.RequestMappingHandlerAdapter.invokeHandlerMethod(RequestMappingHandlerAdapter.java:895) ~[spring-webmvc-5.3.20.jar:5.3.20]
	at org.springframework.web.servlet.mvc.method.annotation.RequestMappingHandlerAdapter.handleInternal(RequestMappingHandlerAdapter.java:808) ~[spring-webmvc-5.3.20.jar:5.3.20]
	at org.springframework.web.servlet.mvc.method.AbstractHandlerMethodAdapter.handle(AbstractHandlerMethodAdapter.java:87) ~[spring-webmvc-5.3.20.jar:5.3.20]
	at org.springframework.web.servlet.DispatcherServlet.doDispatch(DispatcherServlet.java:1067) ~[spring-webmvc-5.3.20.jar:5.3.20]
	at org.springframework.web.servlet.DispatcherServlet.doService(DispatcherServlet.java:963) ~[spring-webmvc-5.3.20.jar:5.3.20]
	at org.springframework.web.servlet.FrameworkServlet.processRequest(FrameworkServlet.java:1006) ~[spring-webmvc-5.3.20.jar:5.3.20]
	at org.springframework.web.servlet.FrameworkServlet.doGet(FrameworkServlet.java:898) ~[spring-webmvc-5.3.20.jar:5.3.20]
	at javax.servlet.http.HttpServlet.service(HttpServlet.java:655) ~[tomcat-embed-core-9.0.63.jar:4.0.FR]
	at org.springframework.web.servlet.FrameworkServlet.service(FrameworkServlet.java:883) ~[spring-webmvc-5.3.20.jar:5.3.20]
	at javax.servlet.http.HttpServlet.service(HttpServlet.java:764) ~[tomcat-embed-core-9.0.63.jar:4.0.FR]
	at org.apache.catalina.core.ApplicationFilterChain.internalDoFilter(ApplicationFilterChain.java:227) ~[tomcat-embed-core-9.0.63.jar:9.0.63]
	at org.apache.catalina.core.ApplicationFilterChain.doFilter(ApplicationFilterChain.java:162) ~[tomcat-embed-core-9.0.63.jar:9.0.63]
	at org.springframework.web.filter.OncePerRequestFilter.doFilter(OncePerRequestFilter.java:102) ~[spring-web-5.3.20.jar:5.3.20]
	at org.apache.catalina.core.ApplicationFilterChain.internalDoFilter(ApplicationFilterChain.java:189) ~[tomcat-embed-core-9.0.63.jar:9.0.63]
	at org.apache.catalina.core.ApplicationFilterChain.doFilter(ApplicationFilterChain.java:162) ~[tomcat-embed-core-9.0.63.jar:9.0.63]
	at org.springframework.web.filter.OncePerRequestFilter.doFilter(OncePerRequestFilter.java:102) ~[spring-web-5.3.20.jar:5.3.20]
	at org.apache.catalina.core.ApplicationFilterChain.internalDoFilter(ApplicationFilterChain.java:189) ~[tomcat-embed-core-9.0.63.jar:9.0.63]
	at org.apache.catalina.core.ApplicationFilterChain.doFilter(ApplicationFilterChain.java:162) ~[tomcat-embed-core-9.0.63.jar:9.0.63]
	at org.apache.catalina.core.ApplicationDispatcher.invoke(ApplicationDispatcher.java:711) ~[tomcat-embed-core-9.0.63.jar:9.0.63]
	at org.apache.catalina.core.ApplicationDispatcher.doInclude(ApplicationDispatcher.java:578) ~[tomcat-embed-core-9.0.63.jar:9.0.63]
	at org.apache.catalina.core.ApplicationDispatcher.include(ApplicationDispatcher.java:517) ~[tomcat-embed-core-9.0.63.jar:9.0.63]
	at org.apache.catalina.core.StandardHostValve.custom(StandardHostValve.java:384) ~[tomcat-embed-core-9.0.63.jar:9.0.63]
	at org.apache.catalina.core.StandardHostValve.status(StandardHostValve.java:249) ~[tomcat-embed-core-9.0.63.jar:9.0.63]
	at org.apache.catalina.core.StandardHostValve.throwable(StandardHostValve.java:344) ~[tomcat-embed-core-9.0.63.jar:9.0.63]
	at org.apache.catalina.core.StandardHostValve.invoke(StandardHostValve.java:169) ~[tomcat-embed-core-9.0.63.jar:9.0.63]
	at org.apache.catalina.valves.ErrorReportValve.invoke(ErrorReportValve.java:92) ~[tomcat-embed-core-9.0.63.jar:9.0.63]
	at org.apache.catalina.core.StandardEngineValve.invoke(StandardEngineValve.java:78) ~[tomcat-embed-core-9.0.63.jar:9.0.63]
	at org.apache.catalina.connector.CoyoteAdapter.service(CoyoteAdapter.java:360) ~[tomcat-embed-core-9.0.63.jar:9.0.63]
	at org.apache.coyote.http11.Http11Processor.service(Http11Processor.java:399) ~[tomcat-embed-core-9.0.63.jar:9.0.63]
	at org.apache.coyote.AbstractProcessorLight.process(AbstractProcessorLight.java:65) ~[tomcat-embed-core-9.0.63.jar:9.0.63]
	at org.apache.coyote.AbstractProtocol$ConnectionHandler.process(AbstractProtocol.java:890) ~[tomcat-embed-core-9.0.63.jar:9.0.63]
	at org.apache.tomcat.util.net.NioEndpoint$SocketProcessor.doRun(NioEndpoint.java:1743) ~[tomcat-embed-core-9.0.63.jar:9.0.63]
	at org.apache.tomcat.util.net.SocketProcessorBase.run(SocketProcessorBase.java:49) ~[tomcat-embed-core-9.0.63.jar:9.0.63]
	at org.apache.tomcat.util.threads.ThreadPoolExecutor.runWorker(ThreadPoolExecutor.java:1191) ~[tomcat-embed-core-9.0.63.jar:9.0.63]
	at org.apache.tomcat.util.threads.ThreadPoolExecutor$Worker.run(ThreadPoolExecutor.java:659) ~[tomcat-embed-core-9.0.63.jar:9.0.63]
	at org.apache.tomcat.util.threads.TaskThread$WrappingRunnable.run(TaskThread.java:61) ~[tomcat-embed-core-9.0.63.jar:9.0.63]
	at java.base/java.lang.Thread.run(Thread.java:842) ~[na:na]
	Suppressed: org.apache.catalina.connector.ClientAbortException: java.io.IOException: Uma conexão estabelecida foi anulada pelo software no computador host
		at org.apache.catalina.connector.OutputBuffer.realWriteBytes(OutputBuffer.java:353) ~[tomcat-embed-core-9.0.63.jar:9.0.63]
		at org.apache.catalina.connector.OutputBuffer.flushByteBuffer(OutputBuffer.java:783) ~[tomcat-embed-core-9.0.63.jar:9.0.63]
		at org.apache.catalina.connector.OutputBuffer.append(OutputBuffer.java:688) ~[tomcat-embed-core-9.0.63.jar:9.0.63]
		at org.apache.catalina.connector.OutputBuffer.writeBytes(OutputBuffer.java:388) ~[tomcat-embed-core-9.0.63.jar:9.0.63]
		at org.apache.catalina.connector.OutputBuffer.write(OutputBuffer.java:366) ~[tomcat-embed-core-9.0.63.jar:9.0.63]
		at org.apache.catalina.connector.CoyoteOutputStream.write(CoyoteOutputStream.java:96) ~[tomcat-embed-core-9.0.63.jar:9.0.63]
		at org.springframework.util.StreamUtils$NonClosingOutputStream.write(StreamUtils.java:287) ~[spring-core-5.3.20.jar:5.3.20]
		at com.fasterxml.jackson.core.json.UTF8JsonGenerator._flushBuffer(UTF8JsonGenerator.java:2171) ~[jackson-core-2.13.3.jar:2.13.3]
		at com.fasterxml.jackson.core.json.UTF8JsonGenerator.close(UTF8JsonGenerator.java:1214) ~[jackson-core-2.13.3.jar:2.13.3]
		at org.springframework.http.converter.json.AbstractJackson2HttpMessageConverter.writeInternal(AbstractJackson2HttpMessageConverter.java:460) ~[spring-web-5.3.20.jar:5.3.20]
		... 42 common frames omitted
	Caused by: java.io.IOException: Uma conexão estabelecida foi anulada pelo software no computador host
		at java.base/sun.nio.ch.SocketDispatcher.write0(Native Method)
		at java.base/sun.nio.ch.SocketDispatcher.write(SocketDispatcher.java:54)
		at java.base/sun.nio.ch.IOUtil.writeFromNativeBuffer(IOUtil.java:132)
		at java.base/sun.nio.ch.IOUtil.write(IOUtil.java:97)
		at java.base/sun.nio.ch.IOUtil.write(IOUtil.java:53)
		at java.base/sun.nio.ch.SocketChannelImpl.write(SocketChannelImpl.java:532)
		at org.apache.tomcat.util.net.NioChannel.write(NioChannel.java:135)
		at org.apache.tomcat.util.net.NioEndpoint$NioSocketWrapper.doWrite(NioEndpoint.java:1384)
		at org.apache.tomcat.util.net.SocketWrapperBase.doWrite(SocketWrapperBase.java:773)
		at org.apache.tomcat.util.net.SocketWrapperBase.writeBlocking(SocketWrapperBase.java:593)
		at org.apache.tomcat.util.net.SocketWrapperBase.write(SocketWrapperBase.java:537)
		at org.apache.coyote.http11.Http11OutputBuffer$SocketOutputBuffer.doWrite(Http11OutputBuffer.java:547)
		at org.apache.coyote.http11.filters.ChunkedOutputFilter.doWrite(ChunkedOutputFilter.java:110)
		at org.apache.coyote.http11.Http11OutputBuffer.doWrite(Http11OutputBuffer.java:194)
		at org.apache.coyote.Response.doWrite(Response.java:615)
		at org.apache.catalina.connector.OutputBuffer.realWriteBytes(OutputBuffer.java:340)
		... 51 common frames omitted
Caused by: java.io.IOException: Uma conexão estabelecida foi anulada pelo software no computador host
	at java.base/sun.nio.ch.SocketDispatcher.write0(Native Method) ~[na:na]
	at java.base/sun.nio.ch.SocketDispatcher.write(SocketDispatcher.java:54) ~[na:na]
	at java.base/sun.nio.ch.IOUtil.writeFromNativeBuffer(IOUtil.java:132) ~[na:na]
	at java.base/sun.nio.ch.IOUtil.write(IOUtil.java:97) ~[na:na]
	at java.base/sun.nio.ch.IOUtil.write(IOUtil.java:53) ~[na:na]
	at java.base/sun.nio.ch.SocketChannelImpl.write(SocketChannelImpl.java:532) ~[na:na]
	at org.apache.tomcat.util.net.NioChannel.write(NioChannel.java:135) ~[tomcat-embed-core-9.0.63.jar:9.0.63]
	at org.apache.tomcat.util.net.NioEndpoint$NioSocketWrapper.doWrite(NioEndpoint.java:1384) ~[tomcat-embed-core-9.0.63.jar:9.0.63]
	at org.apache.tomcat.util.net.SocketWrapperBase.doWrite(SocketWrapperBase.java:773) ~[tomcat-embed-core-9.0.63.jar:9.0.63]
	at org.apache.tomcat.util.net.SocketWrapperBase.writeBlocking(SocketWrapperBase.java:593) ~[tomcat-embed-core-9.0.63.jar:9.0.63]
	at org.apache.tomcat.util.net.SocketWrapperBase.write(SocketWrapperBase.java:537) ~[tomcat-embed-core-9.0.63.jar:9.0.63]
	at org.apache.coyote.http11.Http11OutputBuffer$SocketOutputBuffer.doWrite(Http11OutputBuffer.java:547) ~[tomcat-embed-core-9.0.63.jar:9.0.63]
	at org.apache.coyote.http11.filters.ChunkedOutputFilter.doWrite(ChunkedOutputFilter.java:112) ~[tomcat-embed-core-9.0.63.jar:9.0.63]
	at org.apache.coyote.http11.Http11OutputBuffer.doWrite(Http11OutputBuffer.java:194) ~[tomcat-embed-core-9.0.63.jar:9.0.63]
	at org.apache.coyote.Response.doWrite(Response.java:615) ~[tomcat-embed-core-9.0.63.jar:9.0.63]
	at org.apache.catalina.connector.OutputBuffer.realWriteBytes(OutputBuffer.java:340) ~[tomcat-embed-core-9.0.63.jar:9.0.63]
	... 63 common frames omitted

2025-10-16 08:49:20.564  WARN 11408 --- [http-nio-8083-exec-2] .w.s.m.s.DefaultHandlerExceptionResolver : Failure while trying to resolve exception [org.springframework.http.converter.HttpMessageNotWritableException]

java.lang.IllegalStateException: Cannot call sendError() after the response has been committed
	at org.apache.catalina.connector.ResponseFacade.sendError(ResponseFacade.java:472) ~[tomcat-embed-core-9.0.63.jar:9.0.63]
	at javax.servlet.http.HttpServletResponseWrapper.sendError(HttpServletResponseWrapper.java:129) ~[tomcat-embed-core-9.0.63.jar:4.0.FR]
	at javax.servlet.http.HttpServletResponseWrapper.sendError(HttpServletResponseWrapper.java:129) ~[tomcat-embed-core-9.0.63.jar:4.0.FR]
	at javax.servlet.http.HttpServletResponseWrapper.sendError(HttpServletResponseWrapper.java:129) ~[tomcat-embed-core-9.0.63.jar:4.0.FR]
	at org.springframework.security.web.util.OnCommittedResponseWrapper.sendError(OnCommittedResponseWrapper.java:116) ~[spring-security-web-5.7.1.jar:5.7.1]
	at javax.servlet.http.HttpServletResponseWrapper.sendError(HttpServletResponseWrapper.java:129) ~[tomcat-embed-core-9.0.63.jar:4.0.FR]
	at org.springframework.security.web.util.OnCommittedResponseWrapper.sendError(OnCommittedResponseWrapper.java:116) ~[spring-security-web-5.7.1.jar:5.7.1]
	at org.springframework.web.servlet.mvc.support.DefaultHandlerExceptionResolver.sendServerError(DefaultHandlerExceptionResolver.java:552) ~[spring-webmvc-5.3.20.jar:5.3.20]
	at org.springframework.web.servlet.mvc.support.DefaultHandlerExceptionResolver.handleHttpMessageNotWritable(DefaultHandlerExceptionResolver.java:442) ~[spring-webmvc-5.3.20.jar:5.3.20]
	at org.springframework.web.servlet.mvc.support.DefaultHandlerExceptionResolver.doResolveException(DefaultHandlerExceptionResolver.java:209) ~[spring-webmvc-5.3.20.jar:5.3.20]
	at org.springframework.web.servlet.handler.AbstractHandlerExceptionResolver.resolveException(AbstractHandlerExceptionResolver.java:142) ~[spring-webmvc-5.3.20.jar:5.3.20]
	at org.springframework.web.servlet.handler.HandlerExceptionResolverComposite.resolveException(HandlerExceptionResolverComposite.java:80) ~[spring-webmvc-5.3.20.jar:5.3.20]
	at org.springframework.web.servlet.DispatcherServlet.processHandlerException(DispatcherServlet.java:1327) ~[spring-webmvc-5.3.20.jar:5.3.20]
	at org.springframework.web.servlet.DispatcherServlet.processDispatchResult(DispatcherServlet.java:1138) ~[spring-webmvc-5.3.20.jar:5.3.20]
	at org.springframework.web.servlet.DispatcherServlet.doDispatch(DispatcherServlet.java:1084) ~[spring-webmvc-5.3.20.jar:5.3.20]
	at org.springframework.web.servlet.DispatcherServlet.doService(DispatcherServlet.java:963) ~[spring-webmvc-5.3.20.jar:5.3.20]
	at org.springframework.web.servlet.FrameworkServlet.processRequest(FrameworkServlet.java:1006) ~[spring-webmvc-5.3.20.jar:5.3.20]
	at org.springframework.web.servlet.FrameworkServlet.doGet(FrameworkServlet.java:898) ~[spring-webmvc-5.3.20.jar:5.3.20]
	at javax.servlet.http.HttpServlet.service(HttpServlet.java:655) ~[tomcat-embed-core-9.0.63.jar:4.0.FR]
	at org.springframework.web.servlet.FrameworkServlet.service(FrameworkServlet.java:883) ~[spring-webmvc-5.3.20.jar:5.3.20]
	at javax.servlet.http.HttpServlet.service(HttpServlet.java:764) ~[tomcat-embed-core-9.0.63.jar:4.0.FR]
	at org.apache.catalina.core.ApplicationFilterChain.internalDoFilter(ApplicationFilterChain.java:227) ~[tomcat-embed-core-9.0.63.jar:9.0.63]
	at org.apache.catalina.core.ApplicationFilterChain.doFilter(ApplicationFilterChain.java:162) ~[tomcat-embed-core-9.0.63.jar:9.0.63]
	at org.apache.tomcat.websocket.server.WsFilter.doFilter(WsFilter.java:53) ~[tomcat-embed-websocket-9.0.63.jar:9.0.63]
	at org.apache.catalina.core.ApplicationFilterChain.internalDoFilter(ApplicationFilterChain.java:189) ~[tomcat-embed-core-9.0.63.jar:9.0.63]
	at org.apache.catalina.core.ApplicationFilterChain.doFilter(ApplicationFilterChain.java:162) ~[tomcat-embed-core-9.0.63.jar:9.0.63]
	at org.springframework.web.filter.CorsFilter.doFilterInternal(CorsFilter.java:91) ~[spring-web-5.3.20.jar:5.3.20]
	at org.springframework.web.filter.OncePerRequestFilter.doFilter(OncePerRequestFilter.java:117) ~[spring-web-5.3.20.jar:5.3.20]
	at org.apache.catalina.core.ApplicationFilterChain.internalDoFilter(ApplicationFilterChain.java:189) ~[tomcat-embed-core-9.0.63.jar:9.0.63]
	at org.apache.catalina.core.ApplicationFilterChain.doFilter(ApplicationFilterChain.java:162) ~[tomcat-embed-core-9.0.63.jar:9.0.63]
	at org.springframework.security.web.FilterChainProxy$VirtualFilterChain.doFilter(FilterChainProxy.java:327) ~[spring-security-web-5.7.1.jar:5.7.1]
	at org.springframework.security.web.access.intercept.FilterSecurityInterceptor.invoke(FilterSecurityInterceptor.java:115) ~[spring-security-web-5.7.1.jar:5.7.1]
	at org.springframework.security.web.access.intercept.FilterSecurityInterceptor.doFilter(FilterSecurityInterceptor.java:81) ~[spring-security-web-5.7.1.jar:5.7.1]
	at org.springframework.security.web.FilterChainProxy$VirtualFilterChain.doFilter(FilterChainProxy.java:336) ~[spring-security-web-5.7.1.jar:5.7.1]
	at org.springframework.security.web.access.ExceptionTranslationFilter.doFilter(ExceptionTranslationFilter.java:122) ~[spring-security-web-5.7.1.jar:5.7.1]
	at org.springframework.security.web.access.ExceptionTranslationFilter.doFilter(ExceptionTranslationFilter.java:116) ~[spring-security-web-5.7.1.jar:5.7.1]
	at org.springframework.security.web.FilterChainProxy$VirtualFilterChain.doFilter(FilterChainProxy.java:336) ~[spring-security-web-5.7.1.jar:5.7.1]
	at org.springframework.security.web.session.SessionManagementFilter.doFilter(SessionManagementFilter.java:126) ~[spring-security-web-5.7.1.jar:5.7.1]
	at org.springframework.security.web.session.SessionManagementFilter.doFilter(SessionManagementFilter.java:81) ~[spring-security-web-5.7.1.jar:5.7.1]
	at org.springframework.security.web.FilterChainProxy$VirtualFilterChain.doFilter(FilterChainProxy.java:336) ~[spring-security-web-5.7.1.jar:5.7.1]
	at org.springframework.security.web.authentication.AnonymousAuthenticationFilter.doFilter(AnonymousAuthenticationFilter.java:109) ~[spring-security-web-5.7.1.jar:5.7.1]
	at org.springframework.security.web.FilterChainProxy$VirtualFilterChain.doFilter(FilterChainProxy.java:336) ~[spring-security-web-5.7.1.jar:5.7.1]
	at org.springframework.security.web.servletapi.SecurityContextHolderAwareRequestFilter.doFilter(SecurityContextHolderAwareRequestFilter.java:149) ~[spring-security-web-5.7.1.jar:5.7.1]
	at org.springframework.security.web.FilterChainProxy$VirtualFilterChain.doFilter(FilterChainProxy.java:336) ~[spring-security-web-5.7.1.jar:5.7.1]
	at org.springframework.security.web.savedrequest.RequestCacheAwareFilter.doFilter(RequestCacheAwareFilter.java:63) ~[spring-security-web-5.7.1.jar:5.7.1]
	at org.springframework.security.web.FilterChainProxy$VirtualFilterChain.doFilter(FilterChainProxy.java:336) ~[spring-security-web-5.7.1.jar:5.7.1]
	at br.com.tonypool.atendimento.security.JwtSecurity.doFilterInternal(JwtSecurity.java:60) ~[classes/:na]
	at org.springframework.web.filter.OncePerRequestFilter.doFilter(OncePerRequestFilter.java:117) ~[spring-web-5.3.20.jar:5.3.20]
	at org.springframework.security.web.FilterChainProxy$VirtualFilterChain.doFilter(FilterChainProxy.java:336) ~[spring-security-web-5.7.1.jar:5.7.1]
	at org.springframework.security.web.authentication.logout.LogoutFilter.doFilter(LogoutFilter.java:103) ~[spring-security-web-5.7.1.jar:5.7.1]
	at org.springframework.security.web.authentication.logout.LogoutFilter.doFilter(LogoutFilter.java:89) ~[spring-security-web-5.7.1.jar:5.7.1]
	at org.springframework.security.web.FilterChainProxy$VirtualFilterChain.doFilter(FilterChainProxy.java:336) ~[spring-security-web-5.7.1.jar:5.7.1]
	at org.springframework.security.web.header.HeaderWriterFilter.doHeadersAfter(HeaderWriterFilter.java:90) ~[spring-security-web-5.7.1.jar:5.7.1]
	at org.springframework.security.web.header.HeaderWriterFilter.doFilterInternal(HeaderWriterFilter.java:75) ~[spring-security-web-5.7.1.jar:5.7.1]
	at org.springframework.web.filter.OncePerRequestFilter.doFilter(OncePerRequestFilter.java:117) ~[spring-web-5.3.20.jar:5.3.20]
	at org.springframework.security.web.FilterChainProxy$VirtualFilterChain.doFilter(FilterChainProxy.java:336) ~[spring-security-web-5.7.1.jar:5.7.1]
	at org.springframework.security.web.context.SecurityContextPersistenceFilter.doFilter(SecurityContextPersistenceFilter.java:112) ~[spring-security-web-5.7.1.jar:5.7.1]
	at org.springframework.security.web.context.SecurityContextPersistenceFilter.doFilter(SecurityContextPersistenceFilter.java:82) ~[spring-security-web-5.7.1.jar:5.7.1]
	at org.springframework.security.web.FilterChainProxy$VirtualFilterChain.doFilter(FilterChainProxy.java:336) ~[spring-security-web-5.7.1.jar:5.7.1]
	at org.springframework.security.web.context.request.async.WebAsyncManagerIntegrationFilter.doFilterInternal(WebAsyncManagerIntegrationFilter.java:55) ~[spring-security-web-5.7.1.jar:5.7.1]
	at org.springframework.web.filter.OncePerRequestFilter.doFilter(OncePerRequestFilter.java:117) ~[spring-web-5.3.20.jar:5.3.20]
	at org.springframework.security.web.FilterChainProxy$VirtualFilterChain.doFilter(FilterChainProxy.java:336) ~[spring-security-web-5.7.1.jar:5.7.1]
	at org.springframework.security.web.session.DisableEncodeUrlFilter.doFilterInternal(DisableEncodeUrlFilter.java:42) ~[spring-security-web-5.7.1.jar:5.7.1]
	at org.springframework.web.filter.OncePerRequestFilter.doFilter(OncePerRequestFilter.java:117) ~[spring-web-5.3.20.jar:5.3.20]
	at org.springframework.security.web.FilterChainProxy$VirtualFilterChain.doFilter(FilterChainProxy.java:336) ~[spring-security-web-5.7.1.jar:5.7.1]
	at org.springframework.security.web.FilterChainProxy.doFilterInternal(FilterChainProxy.java:211) ~[spring-security-web-5.7.1.jar:5.7.1]
	at org.springframework.security.web.FilterChainProxy.doFilter(FilterChainProxy.java:183) ~[spring-security-web-5.7.1.jar:5.7.1]
	at org.springframework.web.filter.DelegatingFilterProxy.invokeDelegate(DelegatingFilterProxy.java:354) ~[spring-web-5.3.20.jar:5.3.20]
	at org.springframework.web.filter.DelegatingFilterProxy.doFilter(DelegatingFilterProxy.java:267) ~[spring-web-5.3.20.jar:5.3.20]
	at org.apache.catalina.core.ApplicationFilterChain.internalDoFilter(ApplicationFilterChain.java:189) ~[tomcat-embed-core-9.0.63.jar:9.0.63]
	at org.apache.catalina.core.ApplicationFilterChain.doFilter(ApplicationFilterChain.java:162) ~[tomcat-embed-core-9.0.63.jar:9.0.63]
	at org.springframework.web.filter.CharacterEncodingFilter.doFilterInternal(CharacterEncodingFilter.java:201) ~[spring-web-5.3.20.jar:5.3.20]
	at org.springframework.web.filter.OncePerRequestFilter.doFilter(OncePerRequestFilter.java:117) ~[spring-web-5.3.20.jar:5.3.20]
	at org.apache.catalina.core.ApplicationFilterChain.internalDoFilter(ApplicationFilterChain.java:189) ~[tomcat-embed-core-9.0.63.jar:9.0.63]
	at org.apache.catalina.core.ApplicationFilterChain.doFilter(ApplicationFilterChain.java:162) ~[tomcat-embed-core-9.0.63.jar:9.0.63]
	at org.apache.catalina.core.StandardWrapperValve.invoke(StandardWrapperValve.java:197) ~[tomcat-embed-core-9.0.63.jar:9.0.63]
	at org.apache.catalina.core.StandardContextValve.invoke(StandardContextValve.java:97) ~[tomcat-embed-core-9.0.63.jar:9.0.63]
	at org.apache.catalina.authenticator.AuthenticatorBase.invoke(AuthenticatorBase.java:541) ~[tomcat-embed-core-9.0.63.jar:9.0.63]
	at org.apache.catalina.core.StandardHostValve.invoke(StandardHostValve.java:135) ~[tomcat-embed-core-9.0.63.jar:9.0.63]
	at org.apache.catalina.valves.ErrorReportValve.invoke(ErrorReportValve.java:92) ~[tomcat-embed-core-9.0.63.jar:9.0.63]
	at org.apache.catalina.core.StandardEngineValve.invoke(StandardEngineValve.java:78) ~[tomcat-embed-core-9.0.63.jar:9.0.63]
	at org.apache.catalina.connector.CoyoteAdapter.service(CoyoteAdapter.java:360) ~[tomcat-embed-core-9.0.63.jar:9.0.63]
	at org.apache.coyote.http11.Http11Processor.service(Http11Processor.java:399) ~[tomcat-embed-core-9.0.63.jar:9.0.63]
	at org.apache.coyote.AbstractProcessorLight.process(AbstractProcessorLight.java:65) ~[tomcat-embed-core-9.0.63.jar:9.0.63]
	at org.apache.coyote.AbstractProtocol$ConnectionHandler.process(AbstractProtocol.java:890) ~[tomcat-embed-core-9.0.63.jar:9.0.63]
	at org.apache.tomcat.util.net.NioEndpoint$SocketProcessor.doRun(NioEndpoint.java:1743) ~[tomcat-embed-core-9.0.63.jar:9.0.63]
	at org.apache.tomcat.util.net.SocketProcessorBase.run(SocketProcessorBase.java:49) ~[tomcat-embed-core-9.0.63.jar:9.0.63]
	at org.apache.tomcat.util.threads.ThreadPoolExecutor.runWorker(ThreadPoolExecutor.java:1191) ~[tomcat-embed-core-9.0.63.jar:9.0.63]
	at org.apache.tomcat.util.threads.ThreadPoolExecutor$Worker.run(ThreadPoolExecutor.java:659) ~[tomcat-embed-core-9.0.63.jar:9.0.63]
	at org.apache.tomcat.util.threads.TaskThread$WrappingRunnable.run(TaskThread.java:61) ~[tomcat-embed-core-9.0.63.jar:9.0.63]
	at java.base/java.lang.Thread.run(Thread.java:842) ~[na:na]

2025-10-16 08:49:20.570 ERROR 11408 --- [http-nio-8083-exec-2] o.a.c.c.C.[.[.[/].[dispatcherServlet]    : Servlet.service() for servlet [dispatcherServlet] in context with path [] threw exception

java.lang.IllegalStateException: Cannot call sendError() after the response has been committed
	at org.apache.catalina.connector.ResponseFacade.sendError(ResponseFacade.java:456) ~[tomcat-embed-core-9.0.63.jar:9.0.63]
	at javax.servlet.http.HttpServletResponseWrapper.sendError(HttpServletResponseWrapper.java:120) ~[tomcat-embed-core-9.0.63.jar:4.0.FR]
	at javax.servlet.http.HttpServletResponseWrapper.sendError(HttpServletResponseWrapper.java:120) ~[tomcat-embed-core-9.0.63.jar:4.0.FR]
	at javax.servlet.http.HttpServletResponseWrapper.sendError(HttpServletResponseWrapper.java:120) ~[tomcat-embed-core-9.0.63.jar:4.0.FR]
	at org.springframework.security.web.util.OnCommittedResponseWrapper.sendError(OnCommittedResponseWrapper.java:126) ~[spring-security-web-5.7.1.jar:5.7.1]
	at javax.servlet.http.HttpServletResponseWrapper.sendError(HttpServletResponseWrapper.java:120) ~[tomcat-embed-core-9.0.63.jar:4.0.FR]
	at org.springframework.security.web.util.OnCommittedResponseWrapper.sendError(OnCommittedResponseWrapper.java:126) ~[spring-security-web-5.7.1.jar:5.7.1]
	at br.com.tonypool.atendimento.security.JwtSecurity.doFilterInternal(JwtSecurity.java:63) ~[classes/:na]
	at org.springframework.web.filter.OncePerRequestFilter.doFilter(OncePerRequestFilter.java:117) ~[spring-web-5.3.20.jar:5.3.20]
	at org.springframework.security.web.FilterChainProxy$VirtualFilterChain.doFilter(FilterChainProxy.java:336) ~[spring-security-web-5.7.1.jar:5.7.1]
	at org.springframework.security.web.authentication.logout.LogoutFilter.doFilter(LogoutFilter.java:103) ~[spring-security-web-5.7.1.jar:5.7.1]
	at org.springframework.security.web.authentication.logout.LogoutFilter.doFilter(LogoutFilter.java:89) ~[spring-security-web-5.7.1.jar:5.7.1]
	at org.springframework.security.web.FilterChainProxy$VirtualFilterChain.doFilter(FilterChainProxy.java:336) ~[spring-security-web-5.7.1.jar:5.7.1]
	at org.springframework.security.web.header.HeaderWriterFilter.doHeadersAfter(HeaderWriterFilter.java:90) ~[spring-security-web-5.7.1.jar:5.7.1]
	at org.springframework.security.web.header.HeaderWriterFilter.doFilterInternal(HeaderWriterFilter.java:75) ~[spring-security-web-5.7.1.jar:5.7.1]
	at org.springframework.web.filter.OncePerRequestFilter.doFilter(OncePerRequestFilter.java:117) ~[spring-web-5.3.20.jar:5.3.20]
	at org.springframework.security.web.FilterChainProxy$VirtualFilterChain.doFilter(FilterChainProxy.java:336) ~[spring-security-web-5.7.1.jar:5.7.1]
	at org.springframework.security.web.context.SecurityContextPersistenceFilter.doFilter(SecurityContextPersistenceFilter.java:112) ~[spring-security-web-5.7.1.jar:5.7.1]
	at org.springframework.security.web.context.SecurityContextPersistenceFilter.doFilter(SecurityContextPersistenceFilter.java:82) ~[spring-security-web-5.7.1.jar:5.7.1]
	at org.springframework.security.web.FilterChainProxy$VirtualFilterChain.doFilter(FilterChainProxy.java:336) ~[spring-security-web-5.7.1.jar:5.7.1]
	at org.springframework.security.web.context.request.async.WebAsyncManagerIntegrationFilter.doFilterInternal(WebAsyncManagerIntegrationFilter.java:55) ~[spring-security-web-5.7.1.jar:5.7.1]
	at org.springframework.web.filter.OncePerRequestFilter.doFilter(OncePerRequestFilter.java:117) ~[spring-web-5.3.20.jar:5.3.20]
	at org.springframework.security.web.FilterChainProxy$VirtualFilterChain.doFilter(FilterChainProxy.java:336) ~[spring-security-web-5.7.1.jar:5.7.1]
	at org.springframework.security.web.session.DisableEncodeUrlFilter.doFilterInternal(DisableEncodeUrlFilter.java:42) ~[spring-security-web-5.7.1.jar:5.7.1]
	at org.springframework.web.filter.OncePerRequestFilter.doFilter(OncePerRequestFilter.java:117) ~[spring-web-5.3.20.jar:5.3.20]
	at org.springframework.security.web.FilterChainProxy$VirtualFilterChain.doFilter(FilterChainProxy.java:336) ~[spring-security-web-5.7.1.jar:5.7.1]
	at org.springframework.security.web.FilterChainProxy.doFilterInternal(FilterChainProxy.java:211) ~[spring-security-web-5.7.1.jar:5.7.1]
	at org.springframework.security.web.FilterChainProxy.doFilter(FilterChainProxy.java:183) ~[spring-security-web-5.7.1.jar:5.7.1]
	at org.springframework.web.filter.DelegatingFilterProxy.invokeDelegate(DelegatingFilterProxy.java:354) ~[spring-web-5.3.20.jar:5.3.20]
	at org.springframework.web.filter.DelegatingFilterProxy.doFilter(DelegatingFilterProxy.java:267) ~[spring-web-5.3.20.jar:5.3.20]
	at org.apache.catalina.core.ApplicationFilterChain.internalDoFilter(ApplicationFilterChain.java:189) ~[tomcat-embed-core-9.0.63.jar:9.0.63]
	at org.apache.catalina.core.ApplicationFilterChain.doFilter(ApplicationFilterChain.java:162) ~[tomcat-embed-core-9.0.63.jar:9.0.63]
	at org.springframework.web.filter.CharacterEncodingFilter.doFilterInternal(CharacterEncodingFilter.java:201) ~[spring-web-5.3.20.jar:5.3.20]
	at org.springframework.web.filter.OncePerRequestFilter.doFilter(OncePerRequestFilter.java:117) ~[spring-web-5.3.20.jar:5.3.20]
	at org.apache.catalina.core.ApplicationFilterChain.internalDoFilter(ApplicationFilterChain.java:189) ~[tomcat-embed-core-9.0.63.jar:9.0.63]
	at org.apache.catalina.core.ApplicationFilterChain.doFilter(ApplicationFilterChain.java:162) ~[tomcat-embed-core-9.0.63.jar:9.0.63]
	at org.apache.catalina.core.StandardWrapperValve.invoke(StandardWrapperValve.java:197) ~[tomcat-embed-core-9.0.63.jar:9.0.63]
	at org.apache.catalina.core.StandardContextValve.invoke(StandardContextValve.java:97) ~[tomcat-embed-core-9.0.63.jar:9.0.63]
	at org.apache.catalina.authenticator.AuthenticatorBase.invoke(AuthenticatorBase.java:541) ~[tomcat-embed-core-9.0.63.jar:9.0.63]
	at org.apache.catalina.core.StandardHostValve.invoke(StandardHostValve.java:135) ~[tomcat-embed-core-9.0.63.jar:9.0.63]
	at org.apache.catalina.valves.ErrorReportValve.invoke(ErrorReportValve.java:92) ~[tomcat-embed-core-9.0.63.jar:9.0.63]
	at org.apache.catalina.core.StandardEngineValve.invoke(StandardEngineValve.java:78) ~[tomcat-embed-core-9.0.63.jar:9.0.63]
	at org.apache.catalina.connector.CoyoteAdapter.service(CoyoteAdapter.java:360) ~[tomcat-embed-core-9.0.63.jar:9.0.63]
	at org.apache.coyote.http11.Http11Processor.service(Http11Processor.java:399) ~[tomcat-embed-core-9.0.63.jar:9.0.63]
	at org.apache.coyote.AbstractProcessorLight.process(AbstractProcessorLight.java:65) ~[tomcat-embed-core-9.0.63.jar:9.0.63]
	at org.apache.coyote.AbstractProtocol$ConnectionHandler.process(AbstractProtocol.java:890) ~[tomcat-embed-core-9.0.63.jar:9.0.63]
	at org.apache.tomcat.util.net.NioEndpoint$SocketProcessor.doRun(NioEndpoint.java:1743) ~[tomcat-embed-core-9.0.63.jar:9.0.63]
	at org.apache.tomcat.util.net.SocketProcessorBase.run(SocketProcessorBase.java:49) ~[tomcat-embed-core-9.0.63.jar:9.0.63]
	at org.apache.tomcat.util.threads.ThreadPoolExecutor.runWorker(ThreadPoolExecutor.java:1191) ~[tomcat-embed-core-9.0.63.jar:9.0.63]
	at org.apache.tomcat.util.threads.ThreadPoolExecutor$Worker.run(ThreadPoolExecutor.java:659) ~[tomcat-embed-core-9.0.63.jar:9.0.63]
	at org.apache.tomcat.util.threads.TaskThread$WrappingRunnable.run(TaskThread.java:61) ~[tomcat-embed-core-9.0.63.jar:9.0.63]
	at java.base/java.lang.Thread.run(Thread.java:842) ~[na:na]

2025-10-16 08:49:20.594 ERROR 11408 --- [http-nio-8083-exec-2] o.a.c.c.C.[Tomcat].[localhost]           : Exception Processing ErrorPage[errorCode=0, location=/error]

org.apache.catalina.connector.ClientAbortException: java.io.IOException: Uma conexão estabelecida foi anulada pelo software no computador host
	at org.apache.catalina.connector.OutputBuffer.realWriteBytes(OutputBuffer.java:353) ~[tomcat-embed-core-9.0.63.jar:9.0.63]
	at org.apache.catalina.connector.OutputBuffer.flushByteBuffer(OutputBuffer.java:783) ~[tomcat-embed-core-9.0.63.jar:9.0.63]
	at org.apache.catalina.connector.OutputBuffer.append(OutputBuffer.java:688) ~[tomcat-embed-core-9.0.63.jar:9.0.63]
	at org.apache.catalina.connector.OutputBuffer.writeBytes(OutputBuffer.java:388) ~[tomcat-embed-core-9.0.63.jar:9.0.63]
	at org.apache.catalina.connector.OutputBuffer.write(OutputBuffer.java:366) ~[tomcat-embed-core-9.0.63.jar:9.0.63]
	at org.apache.catalina.connector.CoyoteOutputStream.write(CoyoteOutputStream.java:96) ~[tomcat-embed-core-9.0.63.jar:9.0.63]
	at org.springframework.util.StreamUtils$NonClosingOutputStream.write(StreamUtils.java:287) ~[spring-core-5.3.20.jar:5.3.20]
	at com.fasterxml.jackson.core.json.UTF8JsonGenerator._flushBuffer(UTF8JsonGenerator.java:2171) ~[jackson-core-2.13.3.jar:2.13.3]
	at com.fasterxml.jackson.core.json.UTF8JsonGenerator._writeStringSegment2(UTF8JsonGenerator.java:1485) ~[jackson-core-2.13.3.jar:2.13.3]
	at com.fasterxml.jackson.core.json.UTF8JsonGenerator._writeStringSegment(UTF8JsonGenerator.java:1432) ~[jackson-core-2.13.3.jar:2.13.3]
	at com.fasterxml.jackson.core.json.UTF8JsonGenerator._writeStringSegments(UTF8JsonGenerator.java:1315) ~[jackson-core-2.13.3.jar:2.13.3]
	at com.fasterxml.jackson.core.json.UTF8JsonGenerator.writeString(UTF8JsonGenerator.java:511) ~[jackson-core-2.13.3.jar:2.13.3]
	at com.fasterxml.jackson.databind.ser.std.StringSerializer.serialize(StringSerializer.java:41) ~[jackson-databind-2.13.3.jar:2.13.3]
	at com.fasterxml.jackson.databind.ser.std.MapSerializer.serializeFields(MapSerializer.java:808) ~[jackson-databind-2.13.3.jar:2.13.3]
	at com.fasterxml.jackson.databind.ser.std.MapSerializer.serializeWithoutTypeInfo(MapSerializer.java:764) ~[jackson-databind-2.13.3.jar:2.13.3]
	at com.fasterxml.jackson.databind.ser.std.MapSerializer.serialize(MapSerializer.java:720) ~[jackson-databind-2.13.3.jar:2.13.3]
	at com.fasterxml.jackson.databind.ser.std.MapSerializer.serialize(MapSerializer.java:35) ~[jackson-databind-2.13.3.jar:2.13.3]
	at com.fasterxml.jackson.databind.ser.DefaultSerializerProvider._serialize(DefaultSerializerProvider.java:480) ~[jackson-databind-2.13.3.jar:2.13.3]
	at com.fasterxml.jackson.databind.ser.DefaultSerializerProvider.serializeValue(DefaultSerializerProvider.java:400) ~[jackson-databind-2.13.3.jar:2.13.3]
	at com.fasterxml.jackson.databind.ObjectWriter$Prefetch.serialize(ObjectWriter.java:1514) ~[jackson-databind-2.13.3.jar:2.13.3]
	at com.fasterxml.jackson.databind.ObjectWriter.writeValue(ObjectWriter.java:1007) ~[jackson-databind-2.13.3.jar:2.13.3]
	at org.springframework.http.converter.json.AbstractJackson2HttpMessageConverter.writeInternal(AbstractJackson2HttpMessageConverter.java:456) ~[spring-web-5.3.20.jar:5.3.20]
	at org.springframework.http.converter.AbstractGenericHttpMessageConverter.write(AbstractGenericHttpMessageConverter.java:104) ~[spring-web-5.3.20.jar:5.3.20]
	at org.springframework.web.servlet.mvc.method.annotation.AbstractMessageConverterMethodProcessor.writeWithMessageConverters(AbstractMessageConverterMethodProcessor.java:290) ~[spring-webmvc-5.3.20.jar:5.3.20]
	at org.springframework.web.servlet.mvc.method.annotation.HttpEntityMethodProcessor.handleReturnValue(HttpEntityMethodProcessor.java:219) ~[spring-webmvc-5.3.20.jar:5.3.20]
	at org.springframework.web.method.support.HandlerMethodReturnValueHandlerComposite.handleReturnValue(HandlerMethodReturnValueHandlerComposite.java:78) ~[spring-web-5.3.20.jar:5.3.20]
	at org.springframework.web.servlet.mvc.method.annotation.ServletInvocableHandlerMethod.invokeAndHandle(ServletInvocableHandlerMethod.java:135) ~[spring-webmvc-5.3.20.jar:5.3.20]
	at org.springframework.web.servlet.mvc.method.annotation.RequestMappingHandlerAdapter.invokeHandlerMethod(RequestMappingHandlerAdapter.java:895) ~[spring-webmvc-5.3.20.jar:5.3.20]
	at org.springframework.web.servlet.mvc.method.annotation.RequestMappingHandlerAdapter.handleInternal(RequestMappingHandlerAdapter.java:808) ~[spring-webmvc-5.3.20.jar:5.3.20]
	at org.springframework.web.servlet.mvc.method.AbstractHandlerMethodAdapter.handle(AbstractHandlerMethodAdapter.java:87) ~[spring-webmvc-5.3.20.jar:5.3.20]
	at org.springframework.web.servlet.DispatcherServlet.doDispatch(DispatcherServlet.java:1067) ~[spring-webmvc-5.3.20.jar:5.3.20]
	at org.springframework.web.servlet.DispatcherServlet.doService(DispatcherServlet.java:963) ~[spring-webmvc-5.3.20.jar:5.3.20]
	at org.springframework.web.servlet.FrameworkServlet.processRequest(FrameworkServlet.java:1006) ~[spring-webmvc-5.3.20.jar:5.3.20]
	at org.springframework.web.servlet.FrameworkServlet.doGet(FrameworkServlet.java:898) ~[spring-webmvc-5.3.20.jar:5.3.20]
	at javax.servlet.http.HttpServlet.service(HttpServlet.java:655) ~[tomcat-embed-core-9.0.63.jar:4.0.FR]
	at org.springframework.web.servlet.FrameworkServlet.service(FrameworkServlet.java:883) ~[spring-webmvc-5.3.20.jar:5.3.20]
	at javax.servlet.http.HttpServlet.service(HttpServlet.java:764) ~[tomcat-embed-core-9.0.63.jar:4.0.FR]
	at org.apache.catalina.core.ApplicationFilterChain.internalDoFilter(ApplicationFilterChain.java:227) ~[tomcat-embed-core-9.0.63.jar:9.0.63]
	at org.apache.catalina.core.ApplicationFilterChain.doFilter(ApplicationFilterChain.java:162) ~[tomcat-embed-core-9.0.63.jar:9.0.63]
	at org.springframework.web.filter.OncePerRequestFilter.doFilter(OncePerRequestFilter.java:102) ~[spring-web-5.3.20.jar:5.3.20]
	at org.apache.catalina.core.ApplicationFilterChain.internalDoFilter(ApplicationFilterChain.java:189) ~[tomcat-embed-core-9.0.63.jar:9.0.63]
	at org.apache.catalina.core.ApplicationFilterChain.doFilter(ApplicationFilterChain.java:162) ~[tomcat-embed-core-9.0.63.jar:9.0.63]
	at org.springframework.web.filter.OncePerRequestFilter.doFilter(OncePerRequestFilter.java:102) ~[spring-web-5.3.20.jar:5.3.20]
	at org.apache.catalina.core.ApplicationFilterChain.internalDoFilter(ApplicationFilterChain.java:189) ~[tomcat-embed-core-9.0.63.jar:9.0.63]
	at org.apache.catalina.core.ApplicationFilterChain.doFilter(ApplicationFilterChain.java:162) ~[tomcat-embed-core-9.0.63.jar:9.0.63]
	at org.apache.catalina.core.ApplicationDispatcher.invoke(ApplicationDispatcher.java:711) ~[tomcat-embed-core-9.0.63.jar:9.0.63]
	at org.apache.catalina.core.ApplicationDispatcher.doInclude(ApplicationDispatcher.java:578) ~[tomcat-embed-core-9.0.63.jar:9.0.63]
	at org.apache.catalina.core.ApplicationDispatcher.include(ApplicationDispatcher.java:517) ~[tomcat-embed-core-9.0.63.jar:9.0.63]
	at org.apache.catalina.core.StandardHostValve.custom(StandardHostValve.java:384) ~[tomcat-embed-core-9.0.63.jar:9.0.63]
	at org.apache.catalina.core.StandardHostValve.status(StandardHostValve.java:249) ~[tomcat-embed-core-9.0.63.jar:9.0.63]
	at org.apache.catalina.core.StandardHostValve.throwable(StandardHostValve.java:344) ~[tomcat-embed-core-9.0.63.jar:9.0.63]
	at org.apache.catalina.core.StandardHostValve.invoke(StandardHostValve.java:169) ~[tomcat-embed-core-9.0.63.jar:9.0.63]
	at org.apache.catalina.valves.ErrorReportValve.invoke(ErrorReportValve.java:92) ~[tomcat-embed-core-9.0.63.jar:9.0.63]
	at org.apache.catalina.core.StandardEngineValve.invoke(StandardEngineValve.java:78) ~[tomcat-embed-core-9.0.63.jar:9.0.63]
	at org.apache.catalina.connector.CoyoteAdapter.service(CoyoteAdapter.java:360) ~[tomcat-embed-core-9.0.63.jar:9.0.63]
	at org.apache.coyote.http11.Http11Processor.service(Http11Processor.java:399) ~[tomcat-embed-core-9.0.63.jar:9.0.63]
	at org.apache.coyote.AbstractProcessorLight.process(AbstractProcessorLight.java:65) ~[tomcat-embed-core-9.0.63.jar:9.0.63]
	at org.apache.coyote.AbstractProtocol$ConnectionHandler.process(AbstractProtocol.java:890) ~[tomcat-embed-core-9.0.63.jar:9.0.63]
	at org.apache.tomcat.util.net.NioEndpoint$SocketProcessor.doRun(NioEndpoint.java:1743) ~[tomcat-embed-core-9.0.63.jar:9.0.63]
	at org.apache.tomcat.util.net.SocketProcessorBase.run(SocketProcessorBase.java:49) ~[tomcat-embed-core-9.0.63.jar:9.0.63]
	at org.apache.tomcat.util.threads.ThreadPoolExecutor.runWorker(ThreadPoolExecutor.java:1191) ~[tomcat-embed-core-9.0.63.jar:9.0.63]
	at org.apache.tomcat.util.threads.ThreadPoolExecutor$Worker.run(ThreadPoolExecutor.java:659) ~[tomcat-embed-core-9.0.63.jar:9.0.63]
	at org.apache.tomcat.util.threads.TaskThread$WrappingRunnable.run(TaskThread.java:61) ~[tomcat-embed-core-9.0.63.jar:9.0.63]
	at java.base/java.lang.Thread.run(Thread.java:842) ~[na:na]
	Suppressed: org.apache.catalina.connector.ClientAbortException: java.io.IOException: Uma conexão estabelecida foi anulada pelo software no computador host
		at org.apache.catalina.connector.OutputBuffer.realWriteBytes(OutputBuffer.java:353) ~[tomcat-embed-core-9.0.63.jar:9.0.63]
		at org.apache.catalina.connector.OutputBuffer.flushByteBuffer(OutputBuffer.java:783) ~[tomcat-embed-core-9.0.63.jar:9.0.63]
		at org.apache.catalina.connector.OutputBuffer.append(OutputBuffer.java:688) ~[tomcat-embed-core-9.0.63.jar:9.0.63]
		at org.apache.catalina.connector.OutputBuffer.writeBytes(OutputBuffer.java:388) ~[tomcat-embed-core-9.0.63.jar:9.0.63]
		at org.apache.catalina.connector.OutputBuffer.write(OutputBuffer.java:366) ~[tomcat-embed-core-9.0.63.jar:9.0.63]
		at org.apache.catalina.connector.CoyoteOutputStream.write(CoyoteOutputStream.java:96) ~[tomcat-embed-core-9.0.63.jar:9.0.63]
		at org.springframework.util.StreamUtils$NonClosingOutputStream.write(StreamUtils.java:287) ~[spring-core-5.3.20.jar:5.3.20]
		at com.fasterxml.jackson.core.json.UTF8JsonGenerator._flushBuffer(UTF8JsonGenerator.java:2171) ~[jackson-core-2.13.3.jar:2.13.3]
		at com.fasterxml.jackson.core.json.UTF8JsonGenerator.close(UTF8JsonGenerator.java:1214) ~[jackson-core-2.13.3.jar:2.13.3]
		at org.springframework.http.converter.json.AbstractJackson2HttpMessageConverter.writeInternal(AbstractJackson2HttpMessageConverter.java:460) ~[spring-web-5.3.20.jar:5.3.20]
		... 42 common frames omitted
	Caused by: java.io.IOException: Uma conexão estabelecida foi anulada pelo software no computador host
		at java.base/sun.nio.ch.SocketDispatcher.write0(Native Method)
		at java.base/sun.nio.ch.SocketDispatcher.write(SocketDispatcher.java:54)
		at java.base/sun.nio.ch.IOUtil.writeFromNativeBuffer(IOUtil.java:132)
		at java.base/sun.nio.ch.IOUtil.write(IOUtil.java:97)
		at java.base/sun.nio.ch.IOUtil.write(IOUtil.java:53)
		at java.base/sun.nio.ch.SocketChannelImpl.write(SocketChannelImpl.java:532)
		at org.apache.tomcat.util.net.NioChannel.write(NioChannel.java:135)
		at org.apache.tomcat.util.net.NioEndpoint$NioSocketWrapper.doWrite(NioEndpoint.java:1384)
		at org.apache.tomcat.util.net.SocketWrapperBase.doWrite(SocketWrapperBase.java:773)
		at org.apache.tomcat.util.net.SocketWrapperBase.writeBlocking(SocketWrapperBase.java:593)
		at org.apache.tomcat.util.net.SocketWrapperBase.write(SocketWrapperBase.java:537)
		at org.apache.coyote.http11.Http11OutputBuffer$SocketOutputBuffer.doWrite(Http11OutputBuffer.java:547)
		at org.apache.coyote.http11.filters.ChunkedOutputFilter.doWrite(ChunkedOutputFilter.java:110)
		at org.apache.coyote.http11.Http11OutputBuffer.doWrite(Http11OutputBuffer.java:194)
		at org.apache.coyote.Response.doWrite(Response.java:615)
		at org.apache.catalina.connector.OutputBuffer.realWriteBytes(OutputBuffer.java:340)
		... 51 common frames omitted
Caused by: java.io.IOException: Uma conexão estabelecida foi anulada pelo software no computador host
	at java.base/sun.nio.ch.SocketDispatcher.write0(Native Method) ~[na:na]
	at java.base/sun.nio.ch.SocketDispatcher.write(SocketDispatcher.java:54) ~[na:na]
	at java.base/sun.nio.ch.IOUtil.writeFromNativeBuffer(IOUtil.java:132) ~[na:na]
	at java.base/sun.nio.ch.IOUtil.write(IOUtil.java:97) ~[na:na]
	at java.base/sun.nio.ch.IOUtil.write(IOUtil.java:53) ~[na:na]
	at java.base/sun.nio.ch.SocketChannelImpl.write(SocketChannelImpl.java:532) ~[na:na]
	at org.apache.tomcat.util.net.NioChannel.write(NioChannel.java:135) ~[tomcat-embed-core-9.0.63.jar:9.0.63]
	at org.apache.tomcat.util.net.NioEndpoint$NioSocketWrapper.doWrite(NioEndpoint.java:1384) ~[tomcat-embed-core-9.0.63.jar:9.0.63]
	at org.apache.tomcat.util.net.SocketWrapperBase.doWrite(SocketWrapperBase.java:773) ~[tomcat-embed-core-9.0.63.jar:9.0.63]
	at org.apache.tomcat.util.net.SocketWrapperBase.writeBlocking(SocketWrapperBase.java:593) ~[tomcat-embed-core-9.0.63.jar:9.0.63]
	at org.apache.tomcat.util.net.SocketWrapperBase.write(SocketWrapperBase.java:537) ~[tomcat-embed-core-9.0.63.jar:9.0.63]
	at org.apache.coyote.http11.Http11OutputBuffer$SocketOutputBuffer.doWrite(Http11OutputBuffer.java:547) ~[tomcat-embed-core-9.0.63.jar:9.0.63]
	at org.apache.coyote.http11.filters.ChunkedOutputFilter.doWrite(ChunkedOutputFilter.java:112) ~[tomcat-embed-core-9.0.63.jar:9.0.63]
	at org.apache.coyote.http11.Http11OutputBuffer.doWrite(Http11OutputBuffer.java:194) ~[tomcat-embed-core-9.0.63.jar:9.0.63]
	at org.apache.coyote.Response.doWrite(Response.java:615) ~[tomcat-embed-core-9.0.63.jar:9.0.63]
	at org.apache.catalina.connector.OutputBuffer.realWriteBytes(OutputBuffer.java:340) ~[tomcat-embed-core-9.0.63.jar:9.0.63]
	... 63 common frames omitted

2025-10-16 08:49:21.179  WARN 11408 --- [http-nio-8083-exec-3] .w.s.m.s.DefaultHandlerExceptionResolver : Failure while trying to resolve exception [org.springframework.http.converter.HttpMessageNotWritableException]

java.lang.IllegalStateException: Cannot call sendError() after the response has been committed
	at org.apache.catalina.connector.ResponseFacade.sendError(ResponseFacade.java:472) ~[tomcat-embed-core-9.0.63.jar:9.0.63]
	at javax.servlet.http.HttpServletResponseWrapper.sendError(HttpServletResponseWrapper.java:129) ~[tomcat-embed-core-9.0.63.jar:4.0.FR]
	at javax.servlet.http.HttpServletResponseWrapper.sendError(HttpServletResponseWrapper.java:129) ~[tomcat-embed-core-9.0.63.jar:4.0.FR]
	at javax.servlet.http.HttpServletResponseWrapper.sendError(HttpServletResponseWrapper.java:129) ~[tomcat-embed-core-9.0.63.jar:4.0.FR]
	at org.springframework.security.web.util.OnCommittedResponseWrapper.sendError(OnCommittedResponseWrapper.java:116) ~[spring-security-web-5.7.1.jar:5.7.1]
	at javax.servlet.http.HttpServletResponseWrapper.sendError(HttpServletResponseWrapper.java:129) ~[tomcat-embed-core-9.0.63.jar:4.0.FR]
	at org.springframework.security.web.util.OnCommittedResponseWrapper.sendError(OnCommittedResponseWrapper.java:116) ~[spring-security-web-5.7.1.jar:5.7.1]
	at org.springframework.web.servlet.mvc.support.DefaultHandlerExceptionResolver.sendServerError(DefaultHandlerExceptionResolver.java:552) ~[spring-webmvc-5.3.20.jar:5.3.20]
	at org.springframework.web.servlet.mvc.support.DefaultHandlerExceptionResolver.handleHttpMessageNotWritable(DefaultHandlerExceptionResolver.java:442) ~[spring-webmvc-5.3.20.jar:5.3.20]
	at org.springframework.web.servlet.mvc.support.DefaultHandlerExceptionResolver.doResolveException(DefaultHandlerExceptionResolver.java:209) ~[spring-webmvc-5.3.20.jar:5.3.20]
	at org.springframework.web.servlet.handler.AbstractHandlerExceptionResolver.resolveException(AbstractHandlerExceptionResolver.java:142) ~[spring-webmvc-5.3.20.jar:5.3.20]
	at org.springframework.web.servlet.handler.HandlerExceptionResolverComposite.resolveException(HandlerExceptionResolverComposite.java:80) ~[spring-webmvc-5.3.20.jar:5.3.20]
	at org.springframework.web.servlet.DispatcherServlet.processHandlerException(DispatcherServlet.java:1327) ~[spring-webmvc-5.3.20.jar:5.3.20]
	at org.springframework.web.servlet.DispatcherServlet.processDispatchResult(DispatcherServlet.java:1138) ~[spring-webmvc-5.3.20.jar:5.3.20]
	at org.springframework.web.servlet.DispatcherServlet.doDispatch(DispatcherServlet.java:1084) ~[spring-webmvc-5.3.20.jar:5.3.20]
	at org.springframework.web.servlet.DispatcherServlet.doService(DispatcherServlet.java:963) ~[spring-webmvc-5.3.20.jar:5.3.20]
	at org.springframework.web.servlet.FrameworkServlet.processRequest(FrameworkServlet.java:1006) ~[spring-webmvc-5.3.20.jar:5.3.20]
	at org.springframework.web.servlet.FrameworkServlet.doGet(FrameworkServlet.java:898) ~[spring-webmvc-5.3.20.jar:5.3.20]
	at javax.servlet.http.HttpServlet.service(HttpServlet.java:655) ~[tomcat-embed-core-9.0.63.jar:4.0.FR]
	at org.springframework.web.servlet.FrameworkServlet.service(FrameworkServlet.java:883) ~[spring-webmvc-5.3.20.jar:5.3.20]
	at javax.servlet.http.HttpServlet.service(HttpServlet.java:764) ~[tomcat-embed-core-9.0.63.jar:4.0.FR]
	at org.apache.catalina.core.ApplicationFilterChain.internalDoFilter(ApplicationFilterChain.java:227) ~[tomcat-embed-core-9.0.63.jar:9.0.63]
	at org.apache.catalina.core.ApplicationFilterChain.doFilter(ApplicationFilterChain.java:162) ~[tomcat-embed-core-9.0.63.jar:9.0.63]
	at org.apache.tomcat.websocket.server.WsFilter.doFilter(WsFilter.java:53) ~[tomcat-embed-websocket-9.0.63.jar:9.0.63]
	at org.apache.catalina.core.ApplicationFilterChain.internalDoFilter(ApplicationFilterChain.java:189) ~[tomcat-embed-core-9.0.63.jar:9.0.63]
	at org.apache.catalina.core.ApplicationFilterChain.doFilter(ApplicationFilterChain.java:162) ~[tomcat-embed-core-9.0.63.jar:9.0.63]
	at org.springframework.web.filter.CorsFilter.doFilterInternal(CorsFilter.java:91) ~[spring-web-5.3.20.jar:5.3.20]
	at org.springframework.web.filter.OncePerRequestFilter.doFilter(OncePerRequestFilter.java:117) ~[spring-web-5.3.20.jar:5.3.20]
	at org.apache.catalina.core.ApplicationFilterChain.internalDoFilter(ApplicationFilterChain.java:189) ~[tomcat-embed-core-9.0.63.jar:9.0.63]
	at org.apache.catalina.core.ApplicationFilterChain.doFilter(ApplicationFilterChain.java:162) ~[tomcat-embed-core-9.0.63.jar:9.0.63]
	at org.springframework.security.web.FilterChainProxy$VirtualFilterChain.doFilter(FilterChainProxy.java:327) ~[spring-security-web-5.7.1.jar:5.7.1]
	at org.springframework.security.web.access.intercept.FilterSecurityInterceptor.invoke(FilterSecurityInterceptor.java:115) ~[spring-security-web-5.7.1.jar:5.7.1]
	at org.springframework.security.web.access.intercept.FilterSecurityInterceptor.doFilter(FilterSecurityInterceptor.java:81) ~[spring-security-web-5.7.1.jar:5.7.1]
	at org.springframework.security.web.FilterChainProxy$VirtualFilterChain.doFilter(FilterChainProxy.java:336) ~[spring-security-web-5.7.1.jar:5.7.1]
	at org.springframework.security.web.access.ExceptionTranslationFilter.doFilter(ExceptionTranslationFilter.java:122) ~[spring-security-web-5.7.1.jar:5.7.1]
	at org.springframework.security.web.access.ExceptionTranslationFilter.doFilter(ExceptionTranslationFilter.java:116) ~[spring-security-web-5.7.1.jar:5.7.1]
	at org.springframework.security.web.FilterChainProxy$VirtualFilterChain.doFilter(FilterChainProxy.java:336) ~[spring-security-web-5.7.1.jar:5.7.1]
	at org.springframework.security.web.session.SessionManagementFilter.doFilter(SessionManagementFilter.java:126) ~[spring-security-web-5.7.1.jar:5.7.1]
	at org.springframework.security.web.session.SessionManagementFilter.doFilter(SessionManagementFilter.java:81) ~[spring-security-web-5.7.1.jar:5.7.1]
	at org.springframework.security.web.FilterChainProxy$VirtualFilterChain.doFilter(FilterChainProxy.java:336) ~[spring-security-web-5.7.1.jar:5.7.1]
	at org.springframework.security.web.authentication.AnonymousAuthenticationFilter.doFilter(AnonymousAuthenticationFilter.java:109) ~[spring-security-web-5.7.1.jar:5.7.1]
	at org.springframework.security.web.FilterChainProxy$VirtualFilterChain.doFilter(FilterChainProxy.java:336) ~[spring-security-web-5.7.1.jar:5.7.1]
	at org.springframework.security.web.servletapi.SecurityContextHolderAwareRequestFilter.doFilter(SecurityContextHolderAwareRequestFilter.java:149) ~[spring-security-web-5.7.1.jar:5.7.1]
	at org.springframework.security.web.FilterChainProxy$VirtualFilterChain.doFilter(FilterChainProxy.java:336) ~[spring-security-web-5.7.1.jar:5.7.1]
	at org.springframework.security.web.savedrequest.RequestCacheAwareFilter.doFilter(RequestCacheAwareFilter.java:63) ~[spring-security-web-5.7.1.jar:5.7.1]
	at org.springframework.security.web.FilterChainProxy$VirtualFilterChain.doFilter(FilterChainProxy.java:336) ~[spring-security-web-5.7.1.jar:5.7.1]
	at br.com.tonypool.atendimento.security.JwtSecurity.doFilterInternal(JwtSecurity.java:60) ~[classes/:na]
	at org.springframework.web.filter.OncePerRequestFilter.doFilter(OncePerRequestFilter.java:117) ~[spring-web-5.3.20.jar:5.3.20]
	at org.springframework.security.web.FilterChainProxy$VirtualFilterChain.doFilter(FilterChainProxy.java:336) ~[spring-security-web-5.7.1.jar:5.7.1]
	at org.springframework.security.web.authentication.logout.LogoutFilter.doFilter(LogoutFilter.java:103) ~[spring-security-web-5.7.1.jar:5.7.1]
	at org.springframework.security.web.authentication.logout.LogoutFilter.doFilter(LogoutFilter.java:89) ~[spring-security-web-5.7.1.jar:5.7.1]
	at org.springframework.security.web.FilterChainProxy$VirtualFilterChain.doFilter(FilterChainProxy.java:336) ~[spring-security-web-5.7.1.jar:5.7.1]
	at org.springframework.security.web.header.HeaderWriterFilter.doHeadersAfter(HeaderWriterFilter.java:90) ~[spring-security-web-5.7.1.jar:5.7.1]
	at org.springframework.security.web.header.HeaderWriterFilter.doFilterInternal(HeaderWriterFilter.java:75) ~[spring-security-web-5.7.1.jar:5.7.1]
	at org.springframework.web.filter.OncePerRequestFilter.doFilter(OncePerRequestFilter.java:117) ~[spring-web-5.3.20.jar:5.3.20]
	at org.springframework.security.web.FilterChainProxy$VirtualFilterChain.doFilter(FilterChainProxy.java:336) ~[spring-security-web-5.7.1.jar:5.7.1]
	at org.springframework.security.web.context.SecurityContextPersistenceFilter.doFilter(SecurityContextPersistenceFilter.java:112) ~[spring-security-web-5.7.1.jar:5.7.1]
	at org.springframework.security.web.context.SecurityContextPersistenceFilter.doFilter(SecurityContextPersistenceFilter.java:82) ~[spring-security-web-5.7.1.jar:5.7.1]
	at org.springframework.security.web.FilterChainProxy$VirtualFilterChain.doFilter(FilterChainProxy.java:336) ~[spring-security-web-5.7.1.jar:5.7.1]
	at org.springframework.security.web.context.request.async.WebAsyncManagerIntegrationFilter.doFilterInternal(WebAsyncManagerIntegrationFilter.java:55) ~[spring-security-web-5.7.1.jar:5.7.1]
	at org.springframework.web.filter.OncePerRequestFilter.doFilter(OncePerRequestFilter.java:117) ~[spring-web-5.3.20.jar:5.3.20]
	at org.springframework.security.web.FilterChainProxy$VirtualFilterChain.doFilter(FilterChainProxy.java:336) ~[spring-security-web-5.7.1.jar:5.7.1]
	at org.springframework.security.web.session.DisableEncodeUrlFilter.doFilterInternal(DisableEncodeUrlFilter.java:42) ~[spring-security-web-5.7.1.jar:5.7.1]
	at org.springframework.web.filter.OncePerRequestFilter.doFilter(OncePerRequestFilter.java:117) ~[spring-web-5.3.20.jar:5.3.20]
	at org.springframework.security.web.FilterChainProxy$VirtualFilterChain.doFilter(FilterChainProxy.java:336) ~[spring-security-web-5.7.1.jar:5.7.1]
	at org.springframework.security.web.FilterChainProxy.doFilterInternal(FilterChainProxy.java:211) ~[spring-security-web-5.7.1.jar:5.7.1]
	at org.springframework.security.web.FilterChainProxy.doFilter(FilterChainProxy.java:183) ~[spring-security-web-5.7.1.jar:5.7.1]
	at org.springframework.web.filter.DelegatingFilterProxy.invokeDelegate(DelegatingFilterProxy.java:354) ~[spring-web-5.3.20.jar:5.3.20]
	at org.springframework.web.filter.DelegatingFilterProxy.doFilter(DelegatingFilterProxy.java:267) ~[spring-web-5.3.20.jar:5.3.20]
	at org.apache.catalina.core.ApplicationFilterChain.internalDoFilter(ApplicationFilterChain.java:189) ~[tomcat-embed-core-9.0.63.jar:9.0.63]
	at org.apache.catalina.core.ApplicationFilterChain.doFilter(ApplicationFilterChain.java:162) ~[tomcat-embed-core-9.0.63.jar:9.0.63]
	at org.springframework.web.filter.CharacterEncodingFilter.doFilterInternal(CharacterEncodingFilter.java:201) ~[spring-web-5.3.20.jar:5.3.20]
	at org.springframework.web.filter.OncePerRequestFilter.doFilter(OncePerRequestFilter.java:117) ~[spring-web-5.3.20.jar:5.3.20]
	at org.apache.catalina.core.ApplicationFilterChain.internalDoFilter(ApplicationFilterChain.java:189) ~[tomcat-embed-core-9.0.63.jar:9.0.63]
	at org.apache.catalina.core.ApplicationFilterChain.doFilter(ApplicationFilterChain.java:162) ~[tomcat-embed-core-9.0.63.jar:9.0.63]
	at org.apache.catalina.core.StandardWrapperValve.invoke(StandardWrapperValve.java:197) ~[tomcat-embed-core-9.0.63.jar:9.0.63]
	at org.apache.catalina.core.StandardContextValve.invoke(StandardContextValve.java:97) ~[tomcat-embed-core-9.0.63.jar:9.0.63]
	at org.apache.catalina.authenticator.AuthenticatorBase.invoke(AuthenticatorBase.java:541) ~[tomcat-embed-core-9.0.63.jar:9.0.63]
	at org.apache.catalina.core.StandardHostValve.invoke(StandardHostValve.java:135) ~[tomcat-embed-core-9.0.63.jar:9.0.63]
	at org.apache.catalina.valves.ErrorReportValve.invoke(ErrorReportValve.java:92) ~[tomcat-embed-core-9.0.63.jar:9.0.63]
	at org.apache.catalina.core.StandardEngineValve.invoke(StandardEngineValve.java:78) ~[tomcat-embed-core-9.0.63.jar:9.0.63]
	at org.apache.catalina.connector.CoyoteAdapter.service(CoyoteAdapter.java:360) ~[tomcat-embed-core-9.0.63.jar:9.0.63]
	at org.apache.coyote.http11.Http11Processor.service(Http11Processor.java:399) ~[tomcat-embed-core-9.0.63.jar:9.0.63]
	at org.apache.coyote.AbstractProcessorLight.process(AbstractProcessorLight.java:65) ~[tomcat-embed-core-9.0.63.jar:9.0.63]
	at org.apache.coyote.AbstractProtocol$ConnectionHandler.process(AbstractProtocol.java:890) ~[tomcat-embed-core-9.0.63.jar:9.0.63]
	at org.apache.tomcat.util.net.NioEndpoint$SocketProcessor.doRun(NioEndpoint.java:1743) ~[tomcat-embed-core-9.0.63.jar:9.0.63]
	at org.apache.tomcat.util.net.SocketProcessorBase.run(SocketProcessorBase.java:49) ~[tomcat-embed-core-9.0.63.jar:9.0.63]
	at org.apache.tomcat.util.threads.ThreadPoolExecutor.runWorker(ThreadPoolExecutor.java:1191) ~[tomcat-embed-core-9.0.63.jar:9.0.63]
	at org.apache.tomcat.util.threads.ThreadPoolExecutor$Worker.run(ThreadPoolExecutor.java:659) ~[tomcat-embed-core-9.0.63.jar:9.0.63]
	at org.apache.tomcat.util.threads.TaskThread$WrappingRunnable.run(TaskThread.java:61) ~[tomcat-embed-core-9.0.63.jar:9.0.63]
	at java.base/java.lang.Thread.run(Thread.java:842) ~[na:na]

2025-10-16 08:49:21.195 ERROR 11408 --- [http-nio-8083-exec-3] o.a.c.c.C.[.[.[/].[dispatcherServlet]    : Servlet.service() for servlet [dispatcherServlet] in context with path [] threw exception

java.lang.IllegalStateException: Cannot call sendError() after the response has been committed
	at org.apache.catalina.connector.ResponseFacade.sendError(ResponseFacade.java:456) ~[tomcat-embed-core-9.0.63.jar:9.0.63]
	at javax.servlet.http.HttpServletResponseWrapper.sendError(HttpServletResponseWrapper.java:120) ~[tomcat-embed-core-9.0.63.jar:4.0.FR]
	at javax.servlet.http.HttpServletResponseWrapper.sendError(HttpServletResponseWrapper.java:120) ~[tomcat-embed-core-9.0.63.jar:4.0.FR]
	at javax.servlet.http.HttpServletResponseWrapper.sendError(HttpServletResponseWrapper.java:120) ~[tomcat-embed-core-9.0.63.jar:4.0.FR]
	at org.springframework.security.web.util.OnCommittedResponseWrapper.sendError(OnCommittedResponseWrapper.java:126) ~[spring-security-web-5.7.1.jar:5.7.1]
	at javax.servlet.http.HttpServletResponseWrapper.sendError(HttpServletResponseWrapper.java:120) ~[tomcat-embed-core-9.0.63.jar:4.0.FR]
	at org.springframework.security.web.util.OnCommittedResponseWrapper.sendError(OnCommittedResponseWrapper.java:126) ~[spring-security-web-5.7.1.jar:5.7.1]
	at br.com.tonypool.atendimento.security.JwtSecurity.doFilterInternal(JwtSecurity.java:63) ~[classes/:na]
	at org.springframework.web.filter.OncePerRequestFilter.doFilter(OncePerRequestFilter.java:117) ~[spring-web-5.3.20.jar:5.3.20]
	at org.springframework.security.web.FilterChainProxy$VirtualFilterChain.doFilter(FilterChainProxy.java:336) ~[spring-security-web-5.7.1.jar:5.7.1]
	at org.springframework.security.web.authentication.logout.LogoutFilter.doFilter(LogoutFilter.java:103) ~[spring-security-web-5.7.1.jar:5.7.1]
	at org.springframework.security.web.authentication.logout.LogoutFilter.doFilter(LogoutFilter.java:89) ~[spring-security-web-5.7.1.jar:5.7.1]
	at org.springframework.security.web.FilterChainProxy$VirtualFilterChain.doFilter(FilterChainProxy.java:336) ~[spring-security-web-5.7.1.jar:5.7.1]
	at org.springframework.security.web.header.HeaderWriterFilter.doHeadersAfter(HeaderWriterFilter.java:90) ~[spring-security-web-5.7.1.jar:5.7.1]
	at org.springframework.security.web.header.HeaderWriterFilter.doFilterInternal(HeaderWriterFilter.java:75) ~[spring-security-web-5.7.1.jar:5.7.1]
	at org.springframework.web.filter.OncePerRequestFilter.doFilter(OncePerRequestFilter.java:117) ~[spring-web-5.3.20.jar:5.3.20]
	at org.springframework.security.web.FilterChainProxy$VirtualFilterChain.doFilter(FilterChainProxy.java:336) ~[spring-security-web-5.7.1.jar:5.7.1]
	at org.springframework.security.web.context.SecurityContextPersistenceFilter.doFilter(SecurityContextPersistenceFilter.java:112) ~[spring-security-web-5.7.1.jar:5.7.1]
	at org.springframework.security.web.context.SecurityContextPersistenceFilter.doFilter(SecurityContextPersistenceFilter.java:82) ~[spring-security-web-5.7.1.jar:5.7.1]
	at org.springframework.security.web.FilterChainProxy$VirtualFilterChain.doFilter(FilterChainProxy.java:336) ~[spring-security-web-5.7.1.jar:5.7.1]
	at org.springframework.security.web.context.request.async.WebAsyncManagerIntegrationFilter.doFilterInternal(WebAsyncManagerIntegrationFilter.java:55) ~[spring-security-web-5.7.1.jar:5.7.1]
	at org.springframework.web.filter.OncePerRequestFilter.doFilter(OncePerRequestFilter.java:117) ~[spring-web-5.3.20.jar:5.3.20]
	at org.springframework.security.web.FilterChainProxy$VirtualFilterChain.doFilter(FilterChainProxy.java:336) ~[spring-security-web-5.7.1.jar:5.7.1]
	at org.springframework.security.web.session.DisableEncodeUrlFilter.doFilterInternal(DisableEncodeUrlFilter.java:42) ~[spring-security-web-5.7.1.jar:5.7.1]
	at org.springframework.web.filter.OncePerRequestFilter.doFilter(OncePerRequestFilter.java:117) ~[spring-web-5.3.20.jar:5.3.20]
	at org.springframework.security.web.FilterChainProxy$VirtualFilterChain.doFilter(FilterChainProxy.java:336) ~[spring-security-web-5.7.1.jar:5.7.1]
	at org.springframework.security.web.FilterChainProxy.doFilterInternal(FilterChainProxy.java:211) ~[spring-security-web-5.7.1.jar:5.7.1]
	at org.springframework.security.web.FilterChainProxy.doFilter(FilterChainProxy.java:183) ~[spring-security-web-5.7.1.jar:5.7.1]
	at org.springframework.web.filter.DelegatingFilterProxy.invokeDelegate(DelegatingFilterProxy.java:354) ~[spring-web-5.3.20.jar:5.3.20]
	at org.springframework.web.filter.DelegatingFilterProxy.doFilter(DelegatingFilterProxy.java:267) ~[spring-web-5.3.20.jar:5.3.20]
	at org.apache.catalina.core.ApplicationFilterChain.internalDoFilter(ApplicationFilterChain.java:189) ~[tomcat-embed-core-9.0.63.jar:9.0.63]
	at org.apache.catalina.core.ApplicationFilterChain.doFilter(ApplicationFilterChain.java:162) ~[tomcat-embed-core-9.0.63.jar:9.0.63]
	at org.springframework.web.filter.CharacterEncodingFilter.doFilterInternal(CharacterEncodingFilter.java:201) ~[spring-web-5.3.20.jar:5.3.20]
	at org.springframework.web.filter.OncePerRequestFilter.doFilter(OncePerRequestFilter.java:117) ~[spring-web-5.3.20.jar:5.3.20]
	at org.apache.catalina.core.ApplicationFilterChain.internalDoFilter(ApplicationFilterChain.java:189) ~[tomcat-embed-core-9.0.63.jar:9.0.63]
	at org.apache.catalina.core.ApplicationFilterChain.doFilter(ApplicationFilterChain.java:162) ~[tomcat-embed-core-9.0.63.jar:9.0.63]
	at org.apache.catalina.core.StandardWrapperValve.invoke(StandardWrapperValve.java:197) ~[tomcat-embed-core-9.0.63.jar:9.0.63]
	at org.apache.catalina.core.StandardContextValve.invoke(StandardContextValve.java:97) ~[tomcat-embed-core-9.0.63.jar:9.0.63]
	at org.apache.catalina.authenticator.AuthenticatorBase.invoke(AuthenticatorBase.java:541) ~[tomcat-embed-core-9.0.63.jar:9.0.63]
	at org.apache.catalina.core.StandardHostValve.invoke(StandardHostValve.java:135) ~[tomcat-embed-core-9.0.63.jar:9.0.63]
	at org.apache.catalina.valves.ErrorReportValve.invoke(ErrorReportValve.java:92) ~[tomcat-embed-core-9.0.63.jar:9.0.63]
	at org.apache.catalina.core.StandardEngineValve.invoke(StandardEngineValve.java:78) ~[tomcat-embed-core-9.0.63.jar:9.0.63]
	at org.apache.catalina.connector.CoyoteAdapter.service(CoyoteAdapter.java:360) ~[tomcat-embed-core-9.0.63.jar:9.0.63]
	at org.apache.coyote.http11.Http11Processor.service(Http11Processor.java:399) ~[tomcat-embed-core-9.0.63.jar:9.0.63]
	at org.apache.coyote.AbstractProcessorLight.process(AbstractProcessorLight.java:65) ~[tomcat-embed-core-9.0.63.jar:9.0.63]
	at org.apache.coyote.AbstractProtocol$ConnectionHandler.process(AbstractProtocol.java:890) ~[tomcat-embed-core-9.0.63.jar:9.0.63]
	at org.apache.tomcat.util.net.NioEndpoint$SocketProcessor.doRun(NioEndpoint.java:1743) ~[tomcat-embed-core-9.0.63.jar:9.0.63]
	at org.apache.tomcat.util.net.SocketProcessorBase.run(SocketProcessorBase.java:49) ~[tomcat-embed-core-9.0.63.jar:9.0.63]
	at org.apache.tomcat.util.threads.ThreadPoolExecutor.runWorker(ThreadPoolExecutor.java:1191) ~[tomcat-embed-core-9.0.63.jar:9.0.63]
	at org.apache.tomcat.util.threads.ThreadPoolExecutor$Worker.run(ThreadPoolExecutor.java:659) ~[tomcat-embed-core-9.0.63.jar:9.0.63]
	at org.apache.tomcat.util.threads.TaskThread$WrappingRunnable.run(TaskThread.java:61) ~[tomcat-embed-core-9.0.63.jar:9.0.63]
	at java.base/java.lang.Thread.run(Thread.java:842) ~[na:na]

2025-10-16 08:49:21.220 ERROR 11408 --- [http-nio-8083-exec-3] o.a.c.c.C.[Tomcat].[localhost]           : Exception Processing ErrorPage[errorCode=0, location=/error]

org.apache.catalina.connector.ClientAbortException: java.io.IOException: Uma conexão estabelecida foi anulada pelo software no computador host
	at org.apache.catalina.connector.OutputBuffer.realWriteBytes(OutputBuffer.java:353) ~[tomcat-embed-core-9.0.63.jar:9.0.63]
	at org.apache.catalina.connector.OutputBuffer.flushByteBuffer(OutputBuffer.java:783) ~[tomcat-embed-core-9.0.63.jar:9.0.63]
	at org.apache.catalina.connector.OutputBuffer.append(OutputBuffer.java:688) ~[tomcat-embed-core-9.0.63.jar:9.0.63]
	at org.apache.catalina.connector.OutputBuffer.writeBytes(OutputBuffer.java:388) ~[tomcat-embed-core-9.0.63.jar:9.0.63]
	at org.apache.catalina.connector.OutputBuffer.write(OutputBuffer.java:366) ~[tomcat-embed-core-9.0.63.jar:9.0.63]
	at org.apache.catalina.connector.CoyoteOutputStream.write(CoyoteOutputStream.java:96) ~[tomcat-embed-core-9.0.63.jar:9.0.63]
	at org.springframework.util.StreamUtils$NonClosingOutputStream.write(StreamUtils.java:287) ~[spring-core-5.3.20.jar:5.3.20]
	at com.fasterxml.jackson.core.json.UTF8JsonGenerator._flushBuffer(UTF8JsonGenerator.java:2171) ~[jackson-core-2.13.3.jar:2.13.3]
	at com.fasterxml.jackson.core.json.UTF8JsonGenerator._writeStringSegment2(UTF8JsonGenerator.java:1485) ~[jackson-core-2.13.3.jar:2.13.3]
	at com.fasterxml.jackson.core.json.UTF8JsonGenerator._writeStringSegment(UTF8JsonGenerator.java:1432) ~[jackson-core-2.13.3.jar:2.13.3]
	at com.fasterxml.jackson.core.json.UTF8JsonGenerator._writeStringSegments(UTF8JsonGenerator.java:1315) ~[jackson-core-2.13.3.jar:2.13.3]
	at com.fasterxml.jackson.core.json.UTF8JsonGenerator.writeString(UTF8JsonGenerator.java:511) ~[jackson-core-2.13.3.jar:2.13.3]
	at com.fasterxml.jackson.databind.ser.std.StringSerializer.serialize(StringSerializer.java:41) ~[jackson-databind-2.13.3.jar:2.13.3]
	at com.fasterxml.jackson.databind.ser.std.MapSerializer.serializeFields(MapSerializer.java:808) ~[jackson-databind-2.13.3.jar:2.13.3]
	at com.fasterxml.jackson.databind.ser.std.MapSerializer.serializeWithoutTypeInfo(MapSerializer.java:764) ~[jackson-databind-2.13.3.jar:2.13.3]
	at com.fasterxml.jackson.databind.ser.std.MapSerializer.serialize(MapSerializer.java:720) ~[jackson-databind-2.13.3.jar:2.13.3]
	at com.fasterxml.jackson.databind.ser.std.MapSerializer.serialize(MapSerializer.java:35) ~[jackson-databind-2.13.3.jar:2.13.3]
	at com.fasterxml.jackson.databind.ser.DefaultSerializerProvider._serialize(DefaultSerializerProvider.java:480) ~[jackson-databind-2.13.3.jar:2.13.3]
	at com.fasterxml.jackson.databind.ser.DefaultSerializerProvider.serializeValue(DefaultSerializerProvider.java:400) ~[jackson-databind-2.13.3.jar:2.13.3]
	at com.fasterxml.jackson.databind.ObjectWriter$Prefetch.serialize(ObjectWriter.java:1514) ~[jackson-databind-2.13.3.jar:2.13.3]
	at com.fasterxml.jackson.databind.ObjectWriter.writeValue(ObjectWriter.java:1007) ~[jackson-databind-2.13.3.jar:2.13.3]
	at org.springframework.http.converter.json.AbstractJackson2HttpMessageConverter.writeInternal(AbstractJackson2HttpMessageConverter.java:456) ~[spring-web-5.3.20.jar:5.3.20]
	at org.springframework.http.converter.AbstractGenericHttpMessageConverter.write(AbstractGenericHttpMessageConverter.java:104) ~[spring-web-5.3.20.jar:5.3.20]
	at org.springframework.web.servlet.mvc.method.annotation.AbstractMessageConverterMethodProcessor.writeWithMessageConverters(AbstractMessageConverterMethodProcessor.java:290) ~[spring-webmvc-5.3.20.jar:5.3.20]
	at org.springframework.web.servlet.mvc.method.annotation.HttpEntityMethodProcessor.handleReturnValue(HttpEntityMethodProcessor.java:219) ~[spring-webmvc-5.3.20.jar:5.3.20]
	at org.springframework.web.method.support.HandlerMethodReturnValueHandlerComposite.handleReturnValue(HandlerMethodReturnValueHandlerComposite.java:78) ~[spring-web-5.3.20.jar:5.3.20]
	at org.springframework.web.servlet.mvc.method.annotation.ServletInvocableHandlerMethod.invokeAndHandle(ServletInvocableHandlerMethod.java:135) ~[spring-webmvc-5.3.20.jar:5.3.20]
	at org.springframework.web.servlet.mvc.method.annotation.RequestMappingHandlerAdapter.invokeHandlerMethod(RequestMappingHandlerAdapter.java:895) ~[spring-webmvc-5.3.20.jar:5.3.20]
	at org.springframework.web.servlet.mvc.method.annotation.RequestMappingHandlerAdapter.handleInternal(RequestMappingHandlerAdapter.java:808) ~[spring-webmvc-5.3.20.jar:5.3.20]
	at org.springframework.web.servlet.mvc.method.AbstractHandlerMethodAdapter.handle(AbstractHandlerMethodAdapter.java:87) ~[spring-webmvc-5.3.20.jar:5.3.20]
	at org.springframework.web.servlet.DispatcherServlet.doDispatch(DispatcherServlet.java:1067) ~[spring-webmvc-5.3.20.jar:5.3.20]
	at org.springframework.web.servlet.DispatcherServlet.doService(DispatcherServlet.java:963) ~[spring-webmvc-5.3.20.jar:5.3.20]
	at org.springframework.web.servlet.FrameworkServlet.processRequest(FrameworkServlet.java:1006) ~[spring-webmvc-5.3.20.jar:5.3.20]
	at org.springframework.web.servlet.FrameworkServlet.doGet(FrameworkServlet.java:898) ~[spring-webmvc-5.3.20.jar:5.3.20]
	at javax.servlet.http.HttpServlet.service(HttpServlet.java:655) ~[tomcat-embed-core-9.0.63.jar:4.0.FR]
	at org.springframework.web.servlet.FrameworkServlet.service(FrameworkServlet.java:883) ~[spring-webmvc-5.3.20.jar:5.3.20]
	at javax.servlet.http.HttpServlet.service(HttpServlet.java:764) ~[tomcat-embed-core-9.0.63.jar:4.0.FR]
	at org.apache.catalina.core.ApplicationFilterChain.internalDoFilter(ApplicationFilterChain.java:227) ~[tomcat-embed-core-9.0.63.jar:9.0.63]
	at org.apache.catalina.core.ApplicationFilterChain.doFilter(ApplicationFilterChain.java:162) ~[tomcat-embed-core-9.0.63.jar:9.0.63]
	at org.springframework.web.filter.OncePerRequestFilter.doFilter(OncePerRequestFilter.java:102) ~[spring-web-5.3.20.jar:5.3.20]
	at org.apache.catalina.core.ApplicationFilterChain.internalDoFilter(ApplicationFilterChain.java:189) ~[tomcat-embed-core-9.0.63.jar:9.0.63]
	at org.apache.catalina.core.ApplicationFilterChain.doFilter(ApplicationFilterChain.java:162) ~[tomcat-embed-core-9.0.63.jar:9.0.63]
	at org.springframework.web.filter.OncePerRequestFilter.doFilter(OncePerRequestFilter.java:102) ~[spring-web-5.3.20.jar:5.3.20]
	at org.apache.catalina.core.ApplicationFilterChain.internalDoFilter(ApplicationFilterChain.java:189) ~[tomcat-embed-core-9.0.63.jar:9.0.63]
	at org.apache.catalina.core.ApplicationFilterChain.doFilter(ApplicationFilterChain.java:162) ~[tomcat-embed-core-9.0.63.jar:9.0.63]
	at org.apache.catalina.core.ApplicationDispatcher.invoke(ApplicationDispatcher.java:711) ~[tomcat-embed-core-9.0.63.jar:9.0.63]
	at org.apache.catalina.core.ApplicationDispatcher.doInclude(ApplicationDispatcher.java:578) ~[tomcat-embed-core-9.0.63.jar:9.0.63]
	at org.apache.catalina.core.ApplicationDispatcher.include(ApplicationDispatcher.java:517) ~[tomcat-embed-core-9.0.63.jar:9.0.63]
	at org.apache.catalina.core.StandardHostValve.custom(StandardHostValve.java:384) ~[tomcat-embed-core-9.0.63.jar:9.0.63]
	at org.apache.catalina.core.StandardHostValve.status(StandardHostValve.java:249) ~[tomcat-embed-core-9.0.63.jar:9.0.63]
	at org.apache.catalina.core.StandardHostValve.throwable(StandardHostValve.java:344) ~[tomcat-embed-core-9.0.63.jar:9.0.63]
	at org.apache.catalina.core.StandardHostValve.invoke(StandardHostValve.java:169) ~[tomcat-embed-core-9.0.63.jar:9.0.63]
	at org.apache.catalina.valves.ErrorReportValve.invoke(ErrorReportValve.java:92) ~[tomcat-embed-core-9.0.63.jar:9.0.63]
	at org.apache.catalina.core.StandardEngineValve.invoke(StandardEngineValve.java:78) ~[tomcat-embed-core-9.0.63.jar:9.0.63]
	at org.apache.catalina.connector.CoyoteAdapter.service(CoyoteAdapter.java:360) ~[tomcat-embed-core-9.0.63.jar:9.0.63]
	at org.apache.coyote.http11.Http11Processor.service(Http11Processor.java:399) ~[tomcat-embed-core-9.0.63.jar:9.0.63]
	at org.apache.coyote.AbstractProcessorLight.process(AbstractProcessorLight.java:65) ~[tomcat-embed-core-9.0.63.jar:9.0.63]
	at org.apache.coyote.AbstractProtocol$ConnectionHandler.process(AbstractProtocol.java:890) ~[tomcat-embed-core-9.0.63.jar:9.0.63]
	at org.apache.tomcat.util.net.NioEndpoint$SocketProcessor.doRun(NioEndpoint.java:1743) ~[tomcat-embed-core-9.0.63.jar:9.0.63]
	at org.apache.tomcat.util.net.SocketProcessorBase.run(SocketProcessorBase.java:49) ~[tomcat-embed-core-9.0.63.jar:9.0.63]
	at org.apache.tomcat.util.threads.ThreadPoolExecutor.runWorker(ThreadPoolExecutor.java:1191) ~[tomcat-embed-core-9.0.63.jar:9.0.63]
	at org.apache.tomcat.util.threads.ThreadPoolExecutor$Worker.run(ThreadPoolExecutor.java:659) ~[tomcat-embed-core-9.0.63.jar:9.0.63]
	at org.apache.tomcat.util.threads.TaskThread$WrappingRunnable.run(TaskThread.java:61) ~[tomcat-embed-core-9.0.63.jar:9.0.63]
	at java.base/java.lang.Thread.run(Thread.java:842) ~[na:na]
	Suppressed: org.apache.catalina.connector.ClientAbortException: java.io.IOException: Uma conexão estabelecida foi anulada pelo software no computador host
		at org.apache.catalina.connector.OutputBuffer.realWriteBytes(OutputBuffer.java:353) ~[tomcat-embed-core-9.0.63.jar:9.0.63]
		at org.apache.catalina.connector.OutputBuffer.flushByteBuffer(OutputBuffer.java:783) ~[tomcat-embed-core-9.0.63.jar:9.0.63]
		at org.apache.catalina.connector.OutputBuffer.append(OutputBuffer.java:688) ~[tomcat-embed-core-9.0.63.jar:9.0.63]
		at org.apache.catalina.connector.OutputBuffer.writeBytes(OutputBuffer.java:388) ~[tomcat-embed-core-9.0.63.jar:9.0.63]
		at org.apache.catalina.connector.OutputBuffer.write(OutputBuffer.java:366) ~[tomcat-embed-core-9.0.63.jar:9.0.63]
		at org.apache.catalina.connector.CoyoteOutputStream.write(CoyoteOutputStream.java:96) ~[tomcat-embed-core-9.0.63.jar:9.0.63]
		at org.springframework.util.StreamUtils$NonClosingOutputStream.write(StreamUtils.java:287) ~[spring-core-5.3.20.jar:5.3.20]
		at com.fasterxml.jackson.core.json.UTF8JsonGenerator._flushBuffer(UTF8JsonGenerator.java:2171) ~[jackson-core-2.13.3.jar:2.13.3]
		at com.fasterxml.jackson.core.json.UTF8JsonGenerator.close(UTF8JsonGenerator.java:1214) ~[jackson-core-2.13.3.jar:2.13.3]
		at org.springframework.http.converter.json.AbstractJackson2HttpMessageConverter.writeInternal(AbstractJackson2HttpMessageConverter.java:460) ~[spring-web-5.3.20.jar:5.3.20]
		... 42 common frames omitted
	Caused by: java.io.IOException: Uma conexão estabelecida foi anulada pelo software no computador host
		at java.base/sun.nio.ch.SocketDispatcher.write0(Native Method)
		at java.base/sun.nio.ch.SocketDispatcher.write(SocketDispatcher.java:54)
		at java.base/sun.nio.ch.IOUtil.writeFromNativeBuffer(IOUtil.java:132)
		at java.base/sun.nio.ch.IOUtil.write(IOUtil.java:97)
		at java.base/sun.nio.ch.IOUtil.write(IOUtil.java:53)
		at java.base/sun.nio.ch.SocketChannelImpl.write(SocketChannelImpl.java:532)
		at org.apache.tomcat.util.net.NioChannel.write(NioChannel.java:135)
		at org.apache.tomcat.util.net.NioEndpoint$NioSocketWrapper.doWrite(NioEndpoint.java:1384)
		at org.apache.tomcat.util.net.SocketWrapperBase.doWrite(SocketWrapperBase.java:773)
		at org.apache.tomcat.util.net.SocketWrapperBase.writeBlocking(SocketWrapperBase.java:593)
		at org.apache.tomcat.util.net.SocketWrapperBase.write(SocketWrapperBase.java:537)
		at org.apache.coyote.http11.Http11OutputBuffer$SocketOutputBuffer.doWrite(Http11OutputBuffer.java:547)
		at org.apache.coyote.http11.filters.ChunkedOutputFilter.doWrite(ChunkedOutputFilter.java:110)
		at org.apache.coyote.http11.Http11OutputBuffer.doWrite(Http11OutputBuffer.java:194)
		at org.apache.coyote.Response.doWrite(Response.java:615)
		at org.apache.catalina.connector.OutputBuffer.realWriteBytes(OutputBuffer.java:340)
		... 51 common frames omitted
Caused by: java.io.IOException: Uma conexão estabelecida foi anulada pelo software no computador host
	at java.base/sun.nio.ch.SocketDispatcher.write0(Native Method) ~[na:na]
	at java.base/sun.nio.ch.SocketDispatcher.write(SocketDispatcher.java:54) ~[na:na]
	at java.base/sun.nio.ch.IOUtil.writeFromNativeBuffer(IOUtil.java:132) ~[na:na]
	at java.base/sun.nio.ch.IOUtil.write(IOUtil.java:97) ~[na:na]
	at java.base/sun.nio.ch.IOUtil.write(IOUtil.java:53) ~[na:na]
	at java.base/sun.nio.ch.SocketChannelImpl.write(SocketChannelImpl.java:532) ~[na:na]
	at org.apache.tomcat.util.net.NioChannel.write(NioChannel.java:135) ~[tomcat-embed-core-9.0.63.jar:9.0.63]
	at org.apache.tomcat.util.net.NioEndpoint$NioSocketWrapper.doWrite(NioEndpoint.java:1384) ~[tomcat-embed-core-9.0.63.jar:9.0.63]
	at org.apache.tomcat.util.net.SocketWrapperBase.doWrite(SocketWrapperBase.java:773) ~[tomcat-embed-core-9.0.63.jar:9.0.63]
	at org.apache.tomcat.util.net.SocketWrapperBase.writeBlocking(SocketWrapperBase.java:593) ~[tomcat-embed-core-9.0.63.jar:9.0.63]
	at org.apache.tomcat.util.net.SocketWrapperBase.write(SocketWrapperBase.java:537) ~[tomcat-embed-core-9.0.63.jar:9.0.63]
	at org.apache.coyote.http11.Http11OutputBuffer$SocketOutputBuffer.doWrite(Http11OutputBuffer.java:547) ~[tomcat-embed-core-9.0.63.jar:9.0.63]
	at org.apache.coyote.http11.filters.ChunkedOutputFilter.doWrite(ChunkedOutputFilter.java:112) ~[tomcat-embed-core-9.0.63.jar:9.0.63]
	at org.apache.coyote.http11.Http11OutputBuffer.doWrite(Http11OutputBuffer.java:194) ~[tomcat-embed-core-9.0.63.jar:9.0.63]
	at org.apache.coyote.Response.doWrite(Response.java:615) ~[tomcat-embed-core-9.0.63.jar:9.0.63]
	at org.apache.catalina.connector.OutputBuffer.realWriteBytes(OutputBuffer.java:340) ~[tomcat-embed-core-9.0.63.jar:9.0.63]
	... 63 common frames omitted

2025-10-16 08:49:25.783 ERROR 11408 --- [http-nio-8083-exec-6] o.a.c.c.C.[.[.[/].[dispatcherServlet]    : Servlet.service() for servlet [dispatcherServlet] in context with path [] threw exception

java.lang.IllegalStateException: Cannot call sendError() after the response has been committed
	at org.apache.catalina.connector.ResponseFacade.sendError(ResponseFacade.java:456) ~[tomcat-embed-core-9.0.63.jar:9.0.63]
	at javax.servlet.http.HttpServletResponseWrapper.sendError(HttpServletResponseWrapper.java:120) ~[tomcat-embed-core-9.0.63.jar:4.0.FR]
	at javax.servlet.http.HttpServletResponseWrapper.sendError(HttpServletResponseWrapper.java:120) ~[tomcat-embed-core-9.0.63.jar:4.0.FR]
	at javax.servlet.http.HttpServletResponseWrapper.sendError(HttpServletResponseWrapper.java:120) ~[tomcat-embed-core-9.0.63.jar:4.0.FR]
	at org.springframework.security.web.util.OnCommittedResponseWrapper.sendError(OnCommittedResponseWrapper.java:126) ~[spring-security-web-5.7.1.jar:5.7.1]
	at javax.servlet.http.HttpServletResponseWrapper.sendError(HttpServletResponseWrapper.java:120) ~[tomcat-embed-core-9.0.63.jar:4.0.FR]
	at org.springframework.security.web.util.OnCommittedResponseWrapper.sendError(OnCommittedResponseWrapper.java:126) ~[spring-security-web-5.7.1.jar:5.7.1]
	at br.com.tonypool.atendimento.security.JwtSecurity.doFilterInternal(JwtSecurity.java:63) ~[classes/:na]
	at org.springframework.web.filter.OncePerRequestFilter.doFilter(OncePerRequestFilter.java:117) ~[spring-web-5.3.20.jar:5.3.20]
	at org.springframework.security.web.FilterChainProxy$VirtualFilterChain.doFilter(FilterChainProxy.java:336) ~[spring-security-web-5.7.1.jar:5.7.1]
	at org.springframework.security.web.authentication.logout.LogoutFilter.doFilter(LogoutFilter.java:103) ~[spring-security-web-5.7.1.jar:5.7.1]
	at org.springframework.security.web.authentication.logout.LogoutFilter.doFilter(LogoutFilter.java:89) ~[spring-security-web-5.7.1.jar:5.7.1]
	at org.springframework.security.web.FilterChainProxy$VirtualFilterChain.doFilter(FilterChainProxy.java:336) ~[spring-security-web-5.7.1.jar:5.7.1]
	at org.springframework.security.web.header.HeaderWriterFilter.doHeadersAfter(HeaderWriterFilter.java:90) ~[spring-security-web-5.7.1.jar:5.7.1]
	at org.springframework.security.web.header.HeaderWriterFilter.doFilterInternal(HeaderWriterFilter.java:75) ~[spring-security-web-5.7.1.jar:5.7.1]
	at org.springframework.web.filter.OncePerRequestFilter.doFilter(OncePerRequestFilter.java:117) ~[spring-web-5.3.20.jar:5.3.20]
	at org.springframework.security.web.FilterChainProxy$VirtualFilterChain.doFilter(FilterChainProxy.java:336) ~[spring-security-web-5.7.1.jar:5.7.1]
	at org.springframework.security.web.context.SecurityContextPersistenceFilter.doFilter(SecurityContextPersistenceFilter.java:112) ~[spring-security-web-5.7.1.jar:5.7.1]
	at org.springframework.security.web.context.SecurityContextPersistenceFilter.doFilter(SecurityContextPersistenceFilter.java:82) ~[spring-security-web-5.7.1.jar:5.7.1]
	at org.springframework.security.web.FilterChainProxy$VirtualFilterChain.doFilter(FilterChainProxy.java:336) ~[spring-security-web-5.7.1.jar:5.7.1]
	at org.springframework.security.web.context.request.async.WebAsyncManagerIntegrationFilter.doFilterInternal(WebAsyncManagerIntegrationFilter.java:55) ~[spring-security-web-5.7.1.jar:5.7.1]
	at org.springframework.web.filter.OncePerRequestFilter.doFilter(OncePerRequestFilter.java:117) ~[spring-web-5.3.20.jar:5.3.20]
	at org.springframework.security.web.FilterChainProxy$VirtualFilterChain.doFilter(FilterChainProxy.java:336) ~[spring-security-web-5.7.1.jar:5.7.1]
	at org.springframework.security.web.session.DisableEncodeUrlFilter.doFilterInternal(DisableEncodeUrlFilter.java:42) ~[spring-security-web-5.7.1.jar:5.7.1]
	at org.springframework.web.filter.OncePerRequestFilter.doFilter(OncePerRequestFilter.java:117) ~[spring-web-5.3.20.jar:5.3.20]
	at org.springframework.security.web.FilterChainProxy$VirtualFilterChain.doFilter(FilterChainProxy.java:336) ~[spring-security-web-5.7.1.jar:5.7.1]
	at org.springframework.security.web.FilterChainProxy.doFilterInternal(FilterChainProxy.java:211) ~[spring-security-web-5.7.1.jar:5.7.1]
	at org.springframework.security.web.FilterChainProxy.doFilter(FilterChainProxy.java:183) ~[spring-security-web-5.7.1.jar:5.7.1]
	at org.springframework.web.filter.DelegatingFilterProxy.invokeDelegate(DelegatingFilterProxy.java:354) ~[spring-web-5.3.20.jar:5.3.20]
	at org.springframework.web.filter.DelegatingFilterProxy.doFilter(DelegatingFilterProxy.java:267) ~[spring-web-5.3.20.jar:5.3.20]
	at org.apache.catalina.core.ApplicationFilterChain.internalDoFilter(ApplicationFilterChain.java:189) ~[tomcat-embed-core-9.0.63.jar:9.0.63]
	at org.apache.catalina.core.ApplicationFilterChain.doFilter(ApplicationFilterChain.java:162) ~[tomcat-embed-core-9.0.63.jar:9.0.63]
	at org.springframework.web.filter.CharacterEncodingFilter.doFilterInternal(CharacterEncodingFilter.java:201) ~[spring-web-5.3.20.jar:5.3.20]
	at org.springframework.web.filter.OncePerRequestFilter.doFilter(OncePerRequestFilter.java:117) ~[spring-web-5.3.20.jar:5.3.20]
	at org.apache.catalina.core.ApplicationFilterChain.internalDoFilter(ApplicationFilterChain.java:189) ~[tomcat-embed-core-9.0.63.jar:9.0.63]
	at org.apache.catalina.core.ApplicationFilterChain.doFilter(ApplicationFilterChain.java:162) ~[tomcat-embed-core-9.0.63.jar:9.0.63]
	at org.apache.catalina.core.StandardWrapperValve.invoke(StandardWrapperValve.java:197) ~[tomcat-embed-core-9.0.63.jar:9.0.63]
	at org.apache.catalina.core.StandardContextValve.invoke(StandardContextValve.java:97) ~[tomcat-embed-core-9.0.63.jar:9.0.63]
	at org.apache.catalina.authenticator.AuthenticatorBase.invoke(AuthenticatorBase.java:541) ~[tomcat-embed-core-9.0.63.jar:9.0.63]
	at org.apache.catalina.core.StandardHostValve.invoke(StandardHostValve.java:135) ~[tomcat-embed-core-9.0.63.jar:9.0.63]
	at org.apache.catalina.valves.ErrorReportValve.invoke(ErrorReportValve.java:92) ~[tomcat-embed-core-9.0.63.jar:9.0.63]
	at org.apache.catalina.core.StandardEngineValve.invoke(StandardEngineValve.java:78) ~[tomcat-embed-core-9.0.63.jar:9.0.63]
	at org.apache.catalina.connector.CoyoteAdapter.service(CoyoteAdapter.java:360) ~[tomcat-embed-core-9.0.63.jar:9.0.63]
	at org.apache.coyote.http11.Http11Processor.service(Http11Processor.java:399) ~[tomcat-embed-core-9.0.63.jar:9.0.63]
	at org.apache.coyote.AbstractProcessorLight.process(AbstractProcessorLight.java:65) ~[tomcat-embed-core-9.0.63.jar:9.0.63]
	at org.apache.coyote.AbstractProtocol$ConnectionHandler.process(AbstractProtocol.java:890) ~[tomcat-embed-core-9.0.63.jar:9.0.63]
	at org.apache.tomcat.util.net.NioEndpoint$SocketProcessor.doRun(NioEndpoint.java:1743) ~[tomcat-embed-core-9.0.63.jar:9.0.63]
	at org.apache.tomcat.util.net.SocketProcessorBase.run(SocketProcessorBase.java:49) ~[tomcat-embed-core-9.0.63.jar:9.0.63]
	at org.apache.tomcat.util.threads.ThreadPoolExecutor.runWorker(ThreadPoolExecutor.java:1191) ~[tomcat-embed-core-9.0.63.jar:9.0.63]
	at org.apache.tomcat.util.threads.ThreadPoolExecutor$Worker.run(ThreadPoolExecutor.java:659) ~[tomcat-embed-core-9.0.63.jar:9.0.63]
	at org.apache.tomcat.util.threads.TaskThread$WrappingRunnable.run(TaskThread.java:61) ~[tomcat-embed-core-9.0.63.jar:9.0.63]
	at java.base/java.lang.Thread.run(Thread.java:842) ~[na:na]

2025-10-16 09:21:04.436  INFO 11408 --- [Thread-5] j.LocalContainerEntityManagerFactoryBean : Closing JPA EntityManagerFactory for persistence unit 'default'
2025-10-16 09:21:04.550  INFO 11408 --- [Thread-5] com.zaxxer.hikari.HikariDataSource       : HikariPool-1 - Shutdown initiated...
2025-10-16 09:21:04.584  INFO 11408 --- [Thread-5] com.zaxxer.hikari.HikariDataSource       : HikariPool-1 - Shutdown completed.
2025-10-16 09:21:05.445  INFO 11408 --- [restartedMain] b.c.t.a.AuthServiceApplication           : Starting AuthServiceApplication using Java 17.0.12 on DESKTOP-HLR4AN3 with PID 11408 (C:\Users\tonyp\OneDrive\Documentos\curso_java\workspace\microsservicos-atendimento\atendimento-service\target\classes started by tonyp in C:\Users\tonyp\OneDrive\Documentos\curso_java\workspace\microsservicos-atendimento\atendimento-service)
2025-10-16 09:21:05.445  INFO 11408 --- [restartedMain] b.c.t.a.AuthServiceApplication           : No active profile set, falling back to 1 default profile: "default"
2025-10-16 09:21:06.308  INFO 11408 --- [restartedMain] .s.d.r.c.RepositoryConfigurationDelegate : Bootstrapping Spring Data JPA repositories in DEFAULT mode.
2025-10-16 09:21:06.354  INFO 11408 --- [restartedMain] .s.d.r.c.RepositoryConfigurationDelegate : Finished Spring Data repository scanning in 45 ms. Found 3 JPA repository interfaces.
2025-10-16 09:21:06.640  INFO 11408 --- [restartedMain] o.s.cloud.context.scope.GenericScope     : BeanFactory id=e3782361-5eb7-38d7-8416-ac2898fb879f
2025-10-16 09:21:07.909  INFO 11408 --- [restartedMain] o.s.b.w.embedded.tomcat.TomcatWebServer  : Tomcat initialized with port(s): 8083 (http)
2025-10-16 09:21:07.914  INFO 11408 --- [restartedMain] o.apache.catalina.core.StandardService   : Starting service [Tomcat]
2025-10-16 09:21:07.914  INFO 11408 --- [restartedMain] org.apache.catalina.core.StandardEngine  : Starting Servlet engine: [Apache Tomcat/9.0.63]
2025-10-16 09:21:08.525  INFO 11408 --- [restartedMain] o.a.c.c.C.[Tomcat].[localhost].[/]       : Initializing Spring embedded WebApplicationContext
2025-10-16 09:21:08.525  INFO 11408 --- [restartedMain] w.s.c.ServletWebServerApplicationContext : Root WebApplicationContext: initialization completed in 3070 ms
2025-10-16 09:21:09.018  INFO 11408 --- [restartedMain] o.hibernate.jpa.internal.util.LogHelper  : HHH000204: Processing PersistenceUnitInfo [name: default]
2025-10-16 09:21:09.624  INFO 11408 --- [restartedMain] com.zaxxer.hikari.HikariDataSource       : HikariPool-2 - Starting...
2025-10-16 09:21:10.552  INFO 11408 --- [restartedMain] com.zaxxer.hikari.HikariDataSource       : HikariPool-2 - Start completed.
2025-10-16 09:21:10.668  INFO 11408 --- [restartedMain] org.hibernate.dialect.Dialect            : HHH000400: Using dialect: org.hibernate.dialect.PostgreSQLDialect
2025-10-16 09:21:11.629  INFO 11408 --- [restartedMain] o.h.e.t.j.p.i.JtaPlatformInitiator       : HHH000490: Using JtaPlatform implementation: [org.hibernate.engine.transaction.jta.platform.internal.NoJtaPlatform]
2025-10-16 09:21:11.630  INFO 11408 --- [restartedMain] j.LocalContainerEntityManagerFactoryBean : Initialized JPA EntityManagerFactory for persistence unit 'default'
2025-10-16 09:21:11.819  WARN 11408 --- [restartedMain] JpaBaseConfiguration$JpaWebConfiguration : spring.jpa.open-in-view is enabled by default. Therefore, database queries may be performed during view rendering. Explicitly configure spring.jpa.open-in-view to disable this warning
2025-10-16 09:21:11.846  INFO 11408 --- [restartedMain] o.s.b.d.a.OptionalLiveReloadServer       : LiveReload server is running on port 35729
2025-10-16 09:21:12.213  WARN 11408 --- [restartedMain] .s.s.UserDetailsServiceAutoConfiguration : 

Using generated security password: 362b9fcb-3565-4ca6-b76f-90aca2550b13

This generated password is for development use only. Your security configuration must be updated before running your application in production.

2025-10-16 09:21:12.238  INFO 11408 --- [restartedMain] o.s.s.web.DefaultSecurityFilterChain     : Will secure any request with [org.springframework.security.web.session.DisableEncodeUrlFilter@99b21a7, org.springframework.security.web.context.request.async.WebAsyncManagerIntegrationFilter@160312e2, org.springframework.security.web.context.SecurityContextPersistenceFilter@3ba441f5, org.springframework.security.web.header.HeaderWriterFilter@1290b186, org.springframework.security.web.authentication.logout.LogoutFilter@43121114, br.com.tonypool.atendimento.security.JwtSecurity@385c5c2f, org.springframework.security.web.savedrequest.RequestCacheAwareFilter@7079c81a, org.springframework.security.web.servletapi.SecurityContextHolderAwareRequestFilter@67f25b12, org.springframework.security.web.authentication.AnonymousAuthenticationFilter@4ba4a035, org.springframework.security.web.session.SessionManagementFilter@1c53e0b0, org.springframework.security.web.access.ExceptionTranslationFilter@5b920083, org.springframework.security.web.access.intercept.FilterSecurityInterceptor@14ccf8e1]
2025-10-16 09:21:12.247  WARN 11408 --- [restartedMain] o.s.s.c.a.web.builders.WebSecurity       : You are asking Spring Security to ignore Ant [pattern='/v2/api-docs']. This is not recommended -- please use permitAll via HttpSecurity#authorizeHttpRequests instead.
2025-10-16 09:21:12.247  INFO 11408 --- [restartedMain] o.s.s.web.DefaultSecurityFilterChain     : Will not secure Ant [pattern='/v2/api-docs']
2025-10-16 09:21:12.247  WARN 11408 --- [restartedMain] o.s.s.c.a.web.builders.WebSecurity       : You are asking Spring Security to ignore Ant [pattern='/swagger-resources']. This is not recommended -- please use permitAll via HttpSecurity#authorizeHttpRequests instead.
2025-10-16 09:21:12.248  INFO 11408 --- [restartedMain] o.s.s.web.DefaultSecurityFilterChain     : Will not secure Ant [pattern='/swagger-resources']
2025-10-16 09:21:12.248  WARN 11408 --- [restartedMain] o.s.s.c.a.web.builders.WebSecurity       : You are asking Spring Security to ignore Ant [pattern='/swagger-resources/**']. This is not recommended -- please use permitAll via HttpSecurity#authorizeHttpRequests instead.
2025-10-16 09:21:12.248  INFO 11408 --- [restartedMain] o.s.s.web.DefaultSecurityFilterChain     : Will not secure Ant [pattern='/swagger-resources/**']
2025-10-16 09:21:12.248  WARN 11408 --- [restartedMain] o.s.s.c.a.web.builders.WebSecurity       : You are asking Spring Security to ignore Ant [pattern='/configuration/ui']. This is not recommended -- please use permitAll via HttpSecurity#authorizeHttpRequests instead.
2025-10-16 09:21:12.248  INFO 11408 --- [restartedMain] o.s.s.web.DefaultSecurityFilterChain     : Will not secure Ant [pattern='/configuration/ui']
2025-10-16 09:21:12.248  WARN 11408 --- [restartedMain] o.s.s.c.a.web.builders.WebSecurity       : You are asking Spring Security to ignore Ant [pattern='/configuration/security']. This is not recommended -- please use permitAll via HttpSecurity#authorizeHttpRequests instead.
2025-10-16 09:21:12.248  INFO 11408 --- [restartedMain] o.s.s.web.DefaultSecurityFilterChain     : Will not secure Ant [pattern='/configuration/security']
2025-10-16 09:21:12.248  WARN 11408 --- [restartedMain] o.s.s.c.a.web.builders.WebSecurity       : You are asking Spring Security to ignore Ant [pattern='/swagger-ui.html']. This is not recommended -- please use permitAll via HttpSecurity#authorizeHttpRequests instead.
2025-10-16 09:21:12.248  INFO 11408 --- [restartedMain] o.s.s.web.DefaultSecurityFilterChain     : Will not secure Ant [pattern='/swagger-ui.html']
2025-10-16 09:21:12.249  WARN 11408 --- [restartedMain] o.s.s.c.a.web.builders.WebSecurity       : You are asking Spring Security to ignore Ant [pattern='/webjars/**']. This is not recommended -- please use permitAll via HttpSecurity#authorizeHttpRequests instead.
2025-10-16 09:21:12.249  INFO 11408 --- [restartedMain] o.s.s.web.DefaultSecurityFilterChain     : Will not secure Ant [pattern='/webjars/**']
2025-10-16 09:21:12.249  WARN 11408 --- [restartedMain] o.s.s.c.a.web.builders.WebSecurity       : You are asking Spring Security to ignore Ant [pattern='/v3/api-docs/**']. This is not recommended -- please use permitAll via HttpSecurity#authorizeHttpRequests instead.
2025-10-16 09:21:12.249  INFO 11408 --- [restartedMain] o.s.s.web.DefaultSecurityFilterChain     : Will not secure Ant [pattern='/v3/api-docs/**']
2025-10-16 09:21:12.249  WARN 11408 --- [restartedMain] o.s.s.c.a.web.builders.WebSecurity       : You are asking Spring Security to ignore Ant [pattern='/swagger-ui/**']. This is not recommended -- please use permitAll via HttpSecurity#authorizeHttpRequests instead.
2025-10-16 09:21:12.249  INFO 11408 --- [restartedMain] o.s.s.web.DefaultSecurityFilterChain     : Will not secure Ant [pattern='/swagger-ui/**']
2025-10-16 09:21:12.650  INFO 11408 --- [restartedMain] o.s.b.w.embedded.tomcat.TomcatWebServer  : Tomcat started on port(s): 8083 (http) with context path ''
2025-10-16 09:21:12.868  INFO 11408 --- [restartedMain] b.c.t.a.AuthServiceApplication           : Started AuthServiceApplication in 7.828 seconds (JVM running for 2548.408)
2025-10-16 09:21:12.874  INFO 11408 --- [restartedMain] .ConditionEvaluationDeltaLoggingListener : Condition evaluation unchanged
2025-10-16 09:21:13.943  INFO 11408 --- [Thread-9] j.LocalContainerEntityManagerFactoryBean : Closing JPA EntityManagerFactory for persistence unit 'default'
2025-10-16 09:21:13.945  INFO 11408 --- [Thread-9] com.zaxxer.hikari.HikariDataSource       : HikariPool-2 - Shutdown initiated...
2025-10-16 09:21:13.961  INFO 11408 --- [Thread-9] com.zaxxer.hikari.HikariDataSource       : HikariPool-2 - Shutdown completed.
2025-10-16 09:21:14.372  INFO 11408 --- [restartedMain] b.c.t.a.AuthServiceApplication           : Starting AuthServiceApplication using Java 17.0.12 on DESKTOP-HLR4AN3 with PID 11408 (C:\Users\tonyp\OneDrive\Documentos\curso_java\workspace\microsservicos-atendimento\atendimento-service\target\classes started by tonyp in C:\Users\tonyp\OneDrive\Documentos\curso_java\workspace\microsservicos-atendimento\atendimento-service)
2025-10-16 09:21:14.373  INFO 11408 --- [restartedMain] b.c.t.a.AuthServiceApplication           : No active profile set, falling back to 1 default profile: "default"
2025-10-16 09:21:14.995  INFO 11408 --- [restartedMain] .s.d.r.c.RepositoryConfigurationDelegate : Bootstrapping Spring Data JPA repositories in DEFAULT mode.
2025-10-16 09:21:15.017  INFO 11408 --- [restartedMain] .s.d.r.c.RepositoryConfigurationDelegate : Finished Spring Data repository scanning in 21 ms. Found 3 JPA repository interfaces.
2025-10-16 09:21:15.088  INFO 11408 --- [restartedMain] o.s.cloud.context.scope.GenericScope     : BeanFactory id=e3782361-5eb7-38d7-8416-ac2898fb879f
2025-10-16 09:21:15.184  INFO 11408 --- [restartedMain] o.s.b.w.embedded.tomcat.TomcatWebServer  : Tomcat initialized with port(s): 8083 (http)
2025-10-16 09:21:15.185  INFO 11408 --- [restartedMain] o.apache.catalina.core.StandardService   : Starting service [Tomcat]
2025-10-16 09:21:15.185  INFO 11408 --- [restartedMain] org.apache.catalina.core.StandardEngine  : Starting Servlet engine: [Apache Tomcat/9.0.63]
2025-10-16 09:21:15.212  INFO 11408 --- [restartedMain] o.a.c.c.C.[Tomcat].[localhost].[/]       : Initializing Spring embedded WebApplicationContext
2025-10-16 09:21:15.213  INFO 11408 --- [restartedMain] w.s.c.ServletWebServerApplicationContext : Root WebApplicationContext: initialization completed in 833 ms
2025-10-16 09:21:15.271  INFO 11408 --- [restartedMain] o.hibernate.jpa.internal.util.LogHelper  : HHH000204: Processing PersistenceUnitInfo [name: default]
2025-10-16 09:21:15.275  INFO 11408 --- [restartedMain] com.zaxxer.hikari.HikariDataSource       : HikariPool-3 - Starting...
2025-10-16 09:21:15.347  INFO 11408 --- [restartedMain] com.zaxxer.hikari.HikariDataSource       : HikariPool-3 - Start completed.
2025-10-16 09:21:15.348  INFO 11408 --- [restartedMain] org.hibernate.dialect.Dialect            : HHH000400: Using dialect: org.hibernate.dialect.PostgreSQLDialect
2025-10-16 09:21:15.495  INFO 11408 --- [restartedMain] o.h.e.t.j.p.i.JtaPlatformInitiator       : HHH000490: Using JtaPlatform implementation: [org.hibernate.engine.transaction.jta.platform.internal.NoJtaPlatform]
2025-10-16 09:21:15.495  INFO 11408 --- [restartedMain] j.LocalContainerEntityManagerFactoryBean : Initialized JPA EntityManagerFactory for persistence unit 'default'
2025-10-16 09:21:15.643  WARN 11408 --- [restartedMain] JpaBaseConfiguration$JpaWebConfiguration : spring.jpa.open-in-view is enabled by default. Therefore, database queries may be performed during view rendering. Explicitly configure spring.jpa.open-in-view to disable this warning
2025-10-16 09:21:15.666  INFO 11408 --- [restartedMain] o.s.b.d.a.OptionalLiveReloadServer       : LiveReload server is running on port 35729
2025-10-16 09:21:15.827  WARN 11408 --- [restartedMain] .s.s.UserDetailsServiceAutoConfiguration : 

Using generated security password: e3a90e3f-4e6f-4a82-adf4-6bcd0395fd3d

This generated password is for development use only. Your security configuration must be updated before running your application in production.

2025-10-16 09:21:15.848  INFO 11408 --- [restartedMain] o.s.s.web.DefaultSecurityFilterChain     : Will secure any request with [org.springframework.security.web.session.DisableEncodeUrlFilter@4f276449, org.springframework.security.web.context.request.async.WebAsyncManagerIntegrationFilter@5f43bd23, org.springframework.security.web.context.SecurityContextPersistenceFilter@3bde1f3b, org.springframework.security.web.header.HeaderWriterFilter@4ddc134a, org.springframework.security.web.authentication.logout.LogoutFilter@6475f34d, br.com.tonypool.atendimento.security.JwtSecurity@1862dbd8, org.springframework.security.web.savedrequest.RequestCacheAwareFilter@3664a2c2, org.springframework.security.web.servletapi.SecurityContextHolderAwareRequestFilter@1b0fa107, org.springframework.security.web.authentication.AnonymousAuthenticationFilter@5b432aa, org.springframework.security.web.session.SessionManagementFilter@28938632, org.springframework.security.web.access.ExceptionTranslationFilter@561b758f, org.springframework.security.web.access.intercept.FilterSecurityInterceptor@3305c9cf]
2025-10-16 09:21:15.854  WARN 11408 --- [restartedMain] o.s.s.c.a.web.builders.WebSecurity       : You are asking Spring Security to ignore Ant [pattern='/v2/api-docs']. This is not recommended -- please use permitAll via HttpSecurity#authorizeHttpRequests instead.
2025-10-16 09:21:15.855  INFO 11408 --- [restartedMain] o.s.s.web.DefaultSecurityFilterChain     : Will not secure Ant [pattern='/v2/api-docs']
2025-10-16 09:21:15.855  WARN 11408 --- [restartedMain] o.s.s.c.a.web.builders.WebSecurity       : You are asking Spring Security to ignore Ant [pattern='/swagger-resources']. This is not recommended -- please use permitAll via HttpSecurity#authorizeHttpRequests instead.
2025-10-16 09:21:15.855  INFO 11408 --- [restartedMain] o.s.s.web.DefaultSecurityFilterChain     : Will not secure Ant [pattern='/swagger-resources']
2025-10-16 09:21:15.855  WARN 11408 --- [restartedMain] o.s.s.c.a.web.builders.WebSecurity       : You are asking Spring Security to ignore Ant [pattern='/swagger-resources/**']. This is not recommended -- please use permitAll via HttpSecurity#authorizeHttpRequests instead.
2025-10-16 09:21:15.855  INFO 11408 --- [restartedMain] o.s.s.web.DefaultSecurityFilterChain     : Will not secure Ant [pattern='/swagger-resources/**']
2025-10-16 09:21:15.855  WARN 11408 --- [restartedMain] o.s.s.c.a.web.builders.WebSecurity       : You are asking Spring Security to ignore Ant [pattern='/configuration/ui']. This is not recommended -- please use permitAll via HttpSecurity#authorizeHttpRequests instead.
2025-10-16 09:21:15.855  INFO 11408 --- [restartedMain] o.s.s.web.DefaultSecurityFilterChain     : Will not secure Ant [pattern='/configuration/ui']
2025-10-16 09:21:15.855  WARN 11408 --- [restartedMain] o.s.s.c.a.web.builders.WebSecurity       : You are asking Spring Security to ignore Ant [pattern='/configuration/security']. This is not recommended -- please use permitAll via HttpSecurity#authorizeHttpRequests instead.
2025-10-16 09:21:15.855  INFO 11408 --- [restartedMain] o.s.s.web.DefaultSecurityFilterChain     : Will not secure Ant [pattern='/configuration/security']
2025-10-16 09:21:15.855  WARN 11408 --- [restartedMain] o.s.s.c.a.web.builders.WebSecurity       : You are asking Spring Security to ignore Ant [pattern='/swagger-ui.html']. This is not recommended -- please use permitAll via HttpSecurity#authorizeHttpRequests instead.
2025-10-16 09:21:15.855  INFO 11408 --- [restartedMain] o.s.s.web.DefaultSecurityFilterChain     : Will not secure Ant [pattern='/swagger-ui.html']
2025-10-16 09:21:15.855  WARN 11408 --- [restartedMain] o.s.s.c.a.web.builders.WebSecurity       : You are asking Spring Security to ignore Ant [pattern='/webjars/**']. This is not recommended -- please use permitAll via HttpSecurity#authorizeHttpRequests instead.
2025-10-16 09:21:15.856  INFO 11408 --- [restartedMain] o.s.s.web.DefaultSecurityFilterChain     : Will not secure Ant [pattern='/webjars/**']
2025-10-16 09:21:15.856  WARN 11408 --- [restartedMain] o.s.s.c.a.web.builders.WebSecurity       : You are asking Spring Security to ignore Ant [pattern='/v3/api-docs/**']. This is not recommended -- please use permitAll via HttpSecurity#authorizeHttpRequests instead.
2025-10-16 09:21:15.856  INFO 11408 --- [restartedMain] o.s.s.web.DefaultSecurityFilterChain     : Will not secure Ant [pattern='/v3/api-docs/**']
2025-10-16 09:21:15.856  WARN 11408 --- [restartedMain] o.s.s.c.a.web.builders.WebSecurity       : You are asking Spring Security to ignore Ant [pattern='/swagger-ui/**']. This is not recommended -- please use permitAll via HttpSecurity#authorizeHttpRequests instead.
2025-10-16 09:21:15.856  INFO 11408 --- [restartedMain] o.s.s.web.DefaultSecurityFilterChain     : Will not secure Ant [pattern='/swagger-ui/**']
2025-10-16 09:21:16.148  INFO 11408 --- [restartedMain] o.s.b.w.embedded.tomcat.TomcatWebServer  : Tomcat started on port(s): 8083 (http) with context path ''
2025-10-16 09:21:16.299  INFO 11408 --- [restartedMain] b.c.t.a.AuthServiceApplication           : Started AuthServiceApplication in 2.237 seconds (JVM running for 2551.839)
2025-10-16 09:21:16.301  INFO 11408 --- [restartedMain] .ConditionEvaluationDeltaLoggingListener : Condition evaluation unchanged
2025-10-16 09:21:40.169  INFO 11408 --- [Thread-15] j.LocalContainerEntityManagerFactoryBean : Closing JPA EntityManagerFactory for persistence unit 'default'
2025-10-16 09:21:40.170  INFO 11408 --- [Thread-15] com.zaxxer.hikari.HikariDataSource       : HikariPool-3 - Shutdown initiated...
2025-10-16 09:21:40.184  INFO 11408 --- [Thread-15] com.zaxxer.hikari.HikariDataSource       : HikariPool-3 - Shutdown completed.
2025-10-16 09:21:40.472  INFO 11408 --- [restartedMain] b.c.t.a.AuthServiceApplication           : Starting AuthServiceApplication using Java 17.0.12 on DESKTOP-HLR4AN3 with PID 11408 (C:\Users\tonyp\OneDrive\Documentos\curso_java\workspace\microsservicos-atendimento\atendimento-service\target\classes started by tonyp in C:\Users\tonyp\OneDrive\Documentos\curso_java\workspace\microsservicos-atendimento\atendimento-service)
2025-10-16 09:21:40.472  INFO 11408 --- [restartedMain] b.c.t.a.AuthServiceApplication           : No active profile set, falling back to 1 default profile: "default"
2025-10-16 09:21:41.020  INFO 11408 --- [restartedMain] .s.d.r.c.RepositoryConfigurationDelegate : Bootstrapping Spring Data JPA repositories in DEFAULT mode.
2025-10-16 09:21:41.042  INFO 11408 --- [restartedMain] .s.d.r.c.RepositoryConfigurationDelegate : Finished Spring Data repository scanning in 21 ms. Found 3 JPA repository interfaces.
2025-10-16 09:21:41.129  INFO 11408 --- [restartedMain] o.s.cloud.context.scope.GenericScope     : BeanFactory id=e3782361-5eb7-38d7-8416-ac2898fb879f
2025-10-16 09:21:41.236  INFO 11408 --- [restartedMain] o.s.b.w.embedded.tomcat.TomcatWebServer  : Tomcat initialized with port(s): 8083 (http)
2025-10-16 09:21:41.237  INFO 11408 --- [restartedMain] o.apache.catalina.core.StandardService   : Starting service [Tomcat]
2025-10-16 09:21:41.237  INFO 11408 --- [restartedMain] org.apache.catalina.core.StandardEngine  : Starting Servlet engine: [Apache Tomcat/9.0.63]
2025-10-16 09:21:41.270  INFO 11408 --- [restartedMain] o.a.c.c.C.[Tomcat].[localhost].[/]       : Initializing Spring embedded WebApplicationContext
2025-10-16 09:21:41.271  INFO 11408 --- [restartedMain] w.s.c.ServletWebServerApplicationContext : Root WebApplicationContext: initialization completed in 796 ms
2025-10-16 09:21:41.340  INFO 11408 --- [restartedMain] o.hibernate.jpa.internal.util.LogHelper  : HHH000204: Processing PersistenceUnitInfo [name: default]
2025-10-16 09:21:41.345  INFO 11408 --- [restartedMain] com.zaxxer.hikari.HikariDataSource       : HikariPool-4 - Starting...
2025-10-16 09:21:41.407  INFO 11408 --- [restartedMain] com.zaxxer.hikari.HikariDataSource       : HikariPool-4 - Start completed.
2025-10-16 09:21:41.408  INFO 11408 --- [restartedMain] org.hibernate.dialect.Dialect            : HHH000400: Using dialect: org.hibernate.dialect.PostgreSQLDialect
2025-10-16 09:21:41.566  INFO 11408 --- [restartedMain] o.h.e.t.j.p.i.JtaPlatformInitiator       : HHH000490: Using JtaPlatform implementation: [org.hibernate.engine.transaction.jta.platform.internal.NoJtaPlatform]
2025-10-16 09:21:41.566  INFO 11408 --- [restartedMain] j.LocalContainerEntityManagerFactoryBean : Initialized JPA EntityManagerFactory for persistence unit 'default'
2025-10-16 09:21:41.783  WARN 11408 --- [restartedMain] JpaBaseConfiguration$JpaWebConfiguration : spring.jpa.open-in-view is enabled by default. Therefore, database queries may be performed during view rendering. Explicitly configure spring.jpa.open-in-view to disable this warning
2025-10-16 09:21:41.829  INFO 11408 --- [restartedMain] o.s.b.d.a.OptionalLiveReloadServer       : LiveReload server is running on port 35729
2025-10-16 09:21:42.012  WARN 11408 --- [restartedMain] .s.s.UserDetailsServiceAutoConfiguration : 

Using generated security password: 6c0ea51d-24dd-451e-9abb-41752a21f2e0

This generated password is for development use only. Your security configuration must be updated before running your application in production.

2025-10-16 09:21:42.033  INFO 11408 --- [restartedMain] o.s.s.web.DefaultSecurityFilterChain     : Will secure any request with [org.springframework.security.web.session.DisableEncodeUrlFilter@4f5f487d, org.springframework.security.web.context.request.async.WebAsyncManagerIntegrationFilter@75cc3910, org.springframework.security.web.context.SecurityContextPersistenceFilter@64635a95, org.springframework.security.web.header.HeaderWriterFilter@3f091638, org.springframework.security.web.authentication.logout.LogoutFilter@33d846be, br.com.tonypool.atendimento.security.JwtSecurity@4a804e74, org.springframework.security.web.savedrequest.RequestCacheAwareFilter@389a785e, org.springframework.security.web.servletapi.SecurityContextHolderAwareRequestFilter@4fd501a3, org.springframework.security.web.authentication.AnonymousAuthenticationFilter@2920dc7c, org.springframework.security.web.session.SessionManagementFilter@d61f4e6, org.springframework.security.web.access.ExceptionTranslationFilter@277f6b4c, org.springframework.security.web.access.intercept.FilterSecurityInterceptor@79035800]
2025-10-16 09:21:42.042  WARN 11408 --- [restartedMain] o.s.s.c.a.web.builders.WebSecurity       : You are asking Spring Security to ignore Ant [pattern='/v2/api-docs']. This is not recommended -- please use permitAll via HttpSecurity#authorizeHttpRequests instead.
2025-10-16 09:21:42.042  INFO 11408 --- [restartedMain] o.s.s.web.DefaultSecurityFilterChain     : Will not secure Ant [pattern='/v2/api-docs']
2025-10-16 09:21:42.042  WARN 11408 --- [restartedMain] o.s.s.c.a.web.builders.WebSecurity       : You are asking Spring Security to ignore Ant [pattern='/swagger-resources']. This is not recommended -- please use permitAll via HttpSecurity#authorizeHttpRequests instead.
2025-10-16 09:21:42.042  INFO 11408 --- [restartedMain] o.s.s.web.DefaultSecurityFilterChain     : Will not secure Ant [pattern='/swagger-resources']
2025-10-16 09:21:42.042  WARN 11408 --- [restartedMain] o.s.s.c.a.web.builders.WebSecurity       : You are asking Spring Security to ignore Ant [pattern='/swagger-resources/**']. This is not recommended -- please use permitAll via HttpSecurity#authorizeHttpRequests instead.
2025-10-16 09:21:42.042  INFO 11408 --- [restartedMain] o.s.s.web.DefaultSecurityFilterChain     : Will not secure Ant [pattern='/swagger-resources/**']
2025-10-16 09:21:42.042  WARN 11408 --- [restartedMain] o.s.s.c.a.web.builders.WebSecurity       : You are asking Spring Security to ignore Ant [pattern='/configuration/ui']. This is not recommended -- please use permitAll via HttpSecurity#authorizeHttpRequests instead.
2025-10-16 09:21:42.042  INFO 11408 --- [restartedMain] o.s.s.web.DefaultSecurityFilterChain     : Will not secure Ant [pattern='/configuration/ui']
2025-10-16 09:21:42.043  WARN 11408 --- [restartedMain] o.s.s.c.a.web.builders.WebSecurity       : You are asking Spring Security to ignore Ant [pattern='/configuration/security']. This is not recommended -- please use permitAll via HttpSecurity#authorizeHttpRequests instead.
2025-10-16 09:21:42.043  INFO 11408 --- [restartedMain] o.s.s.web.DefaultSecurityFilterChain     : Will not secure Ant [pattern='/configuration/security']
2025-10-16 09:21:42.043  WARN 11408 --- [restartedMain] o.s.s.c.a.web.builders.WebSecurity       : You are asking Spring Security to ignore Ant [pattern='/swagger-ui.html']. This is not recommended -- please use permitAll via HttpSecurity#authorizeHttpRequests instead.
2025-10-16 09:21:42.043  INFO 11408 --- [restartedMain] o.s.s.web.DefaultSecurityFilterChain     : Will not secure Ant [pattern='/swagger-ui.html']
2025-10-16 09:21:42.043  WARN 11408 --- [restartedMain] o.s.s.c.a.web.builders.WebSecurity       : You are asking Spring Security to ignore Ant [pattern='/webjars/**']. This is not recommended -- please use permitAll via HttpSecurity#authorizeHttpRequests instead.
2025-10-16 09:21:42.043  INFO 11408 --- [restartedMain] o.s.s.web.DefaultSecurityFilterChain     : Will not secure Ant [pattern='/webjars/**']
2025-10-16 09:21:42.043  WARN 11408 --- [restartedMain] o.s.s.c.a.web.builders.WebSecurity       : You are asking Spring Security to ignore Ant [pattern='/v3/api-docs/**']. This is not recommended -- please use permitAll via HttpSecurity#authorizeHttpRequests instead.
2025-10-16 09:21:42.043  INFO 11408 --- [restartedMain] o.s.s.web.DefaultSecurityFilterChain     : Will not secure Ant [pattern='/v3/api-docs/**']
2025-10-16 09:21:42.044  WARN 11408 --- [restartedMain] o.s.s.c.a.web.builders.WebSecurity       : You are asking Spring Security to ignore Ant [pattern='/swagger-ui/**']. This is not recommended -- please use permitAll via HttpSecurity#authorizeHttpRequests instead.
2025-10-16 09:21:42.044  INFO 11408 --- [restartedMain] o.s.s.web.DefaultSecurityFilterChain     : Will not secure Ant [pattern='/swagger-ui/**']
2025-10-16 09:21:42.327  INFO 11408 --- [restartedMain] o.s.b.w.embedded.tomcat.TomcatWebServer  : Tomcat started on port(s): 8083 (http) with context path ''
2025-10-16 09:21:42.467  INFO 11408 --- [restartedMain] b.c.t.a.AuthServiceApplication           : Started AuthServiceApplication in 2.191 seconds (JVM running for 2578.008)
2025-10-16 09:21:42.470  INFO 11408 --- [restartedMain] .ConditionEvaluationDeltaLoggingListener : Condition evaluation unchanged
2025-10-16 09:22:37.442  INFO 11408 --- [Thread-21] j.LocalContainerEntityManagerFactoryBean : Closing JPA EntityManagerFactory for persistence unit 'default'
2025-10-16 09:22:37.443  INFO 11408 --- [Thread-21] com.zaxxer.hikari.HikariDataSource       : HikariPool-4 - Shutdown initiated...
2025-10-16 09:22:37.445  INFO 11408 --- [Thread-21] com.zaxxer.hikari.HikariDataSource       : HikariPool-4 - Shutdown completed.
2025-10-16 09:22:37.788  INFO 11408 --- [restartedMain] b.c.t.a.AuthServiceApplication           : Starting AuthServiceApplication using Java 17.0.12 on DESKTOP-HLR4AN3 with PID 11408 (C:\Users\tonyp\OneDrive\Documentos\curso_java\workspace\microsservicos-atendimento\atendimento-service\target\classes started by tonyp in C:\Users\tonyp\OneDrive\Documentos\curso_java\workspace\microsservicos-atendimento\atendimento-service)
2025-10-16 09:22:37.788  INFO 11408 --- [restartedMain] b.c.t.a.AuthServiceApplication           : No active profile set, falling back to 1 default profile: "default"
2025-10-16 09:22:38.231  INFO 11408 --- [restartedMain] .s.d.r.c.RepositoryConfigurationDelegate : Bootstrapping Spring Data JPA repositories in DEFAULT mode.
2025-10-16 09:22:38.256  INFO 11408 --- [restartedMain] .s.d.r.c.RepositoryConfigurationDelegate : Finished Spring Data repository scanning in 24 ms. Found 3 JPA repository interfaces.
2025-10-16 09:22:38.378  INFO 11408 --- [restartedMain] o.s.cloud.context.scope.GenericScope     : BeanFactory id=e3782361-5eb7-38d7-8416-ac2898fb879f
2025-10-16 09:22:38.504  INFO 11408 --- [restartedMain] o.s.b.w.embedded.tomcat.TomcatWebServer  : Tomcat initialized with port(s): 8083 (http)
2025-10-16 09:22:38.504  INFO 11408 --- [restartedMain] o.apache.catalina.core.StandardService   : Starting service [Tomcat]
2025-10-16 09:22:38.504  INFO 11408 --- [restartedMain] org.apache.catalina.core.StandardEngine  : Starting Servlet engine: [Apache Tomcat/9.0.63]
2025-10-16 09:22:38.532  INFO 11408 --- [restartedMain] o.a.c.c.C.[Tomcat].[localhost].[/]       : Initializing Spring embedded WebApplicationContext
2025-10-16 09:22:38.532  INFO 11408 --- [restartedMain] w.s.c.ServletWebServerApplicationContext : Root WebApplicationContext: initialization completed in 740 ms
2025-10-16 09:22:38.589  INFO 11408 --- [restartedMain] o.hibernate.jpa.internal.util.LogHelper  : HHH000204: Processing PersistenceUnitInfo [name: default]
2025-10-16 09:22:38.594  INFO 11408 --- [restartedMain] com.zaxxer.hikari.HikariDataSource       : HikariPool-5 - Starting...
2025-10-16 09:22:38.657  INFO 11408 --- [restartedMain] com.zaxxer.hikari.HikariDataSource       : HikariPool-5 - Start completed.
2025-10-16 09:22:38.657  INFO 11408 --- [restartedMain] org.hibernate.dialect.Dialect            : HHH000400: Using dialect: org.hibernate.dialect.PostgreSQLDialect
2025-10-16 09:22:38.791  INFO 11408 --- [restartedMain] o.h.e.t.j.p.i.JtaPlatformInitiator       : HHH000490: Using JtaPlatform implementation: [org.hibernate.engine.transaction.jta.platform.internal.NoJtaPlatform]
2025-10-16 09:22:38.791  INFO 11408 --- [restartedMain] j.LocalContainerEntityManagerFactoryBean : Initialized JPA EntityManagerFactory for persistence unit 'default'
2025-10-16 09:22:38.923  WARN 11408 --- [restartedMain] JpaBaseConfiguration$JpaWebConfiguration : spring.jpa.open-in-view is enabled by default. Therefore, database queries may be performed during view rendering. Explicitly configure spring.jpa.open-in-view to disable this warning
2025-10-16 09:22:38.944  INFO 11408 --- [restartedMain] o.s.b.d.a.OptionalLiveReloadServer       : LiveReload server is running on port 35729
2025-10-16 09:22:39.100  WARN 11408 --- [restartedMain] .s.s.UserDetailsServiceAutoConfiguration : 

Using generated security password: 139c39fc-3db5-427e-a25f-7ba9411b43fd

This generated password is for development use only. Your security configuration must be updated before running your application in production.

2025-10-16 09:22:39.129  INFO 11408 --- [restartedMain] o.s.s.web.DefaultSecurityFilterChain     : Will secure any request with [org.springframework.security.web.session.DisableEncodeUrlFilter@61f3d5ba, org.springframework.security.web.context.request.async.WebAsyncManagerIntegrationFilter@101aefd3, org.springframework.security.web.context.SecurityContextPersistenceFilter@9d9f1f5, org.springframework.security.web.header.HeaderWriterFilter@3a55c508, org.springframework.security.web.authentication.logout.LogoutFilter@2aba1510, br.com.tonypool.atendimento.security.JwtSecurity@6572475b, org.springframework.security.web.savedrequest.RequestCacheAwareFilter@7357aa9, org.springframework.security.web.servletapi.SecurityContextHolderAwareRequestFilter@135c92c2, org.springframework.security.web.authentication.AnonymousAuthenticationFilter@4976bec6, org.springframework.security.web.session.SessionManagementFilter@147d7e8e, org.springframework.security.web.access.ExceptionTranslationFilter@1ae2801f, org.springframework.security.web.access.intercept.FilterSecurityInterceptor@15c73dfe]
2025-10-16 09:22:39.136  WARN 11408 --- [restartedMain] o.s.s.c.a.web.builders.WebSecurity       : You are asking Spring Security to ignore Ant [pattern='/v2/api-docs']. This is not recommended -- please use permitAll via HttpSecurity#authorizeHttpRequests instead.
2025-10-16 09:22:39.136  INFO 11408 --- [restartedMain] o.s.s.web.DefaultSecurityFilterChain     : Will not secure Ant [pattern='/v2/api-docs']
2025-10-16 09:22:39.136  WARN 11408 --- [restartedMain] o.s.s.c.a.web.builders.WebSecurity       : You are asking Spring Security to ignore Ant [pattern='/swagger-resources']. This is not recommended -- please use permitAll via HttpSecurity#authorizeHttpRequests instead.
2025-10-16 09:22:39.136  INFO 11408 --- [restartedMain] o.s.s.web.DefaultSecurityFilterChain     : Will not secure Ant [pattern='/swagger-resources']
2025-10-16 09:22:39.136  WARN 11408 --- [restartedMain] o.s.s.c.a.web.builders.WebSecurity       : You are asking Spring Security to ignore Ant [pattern='/swagger-resources/**']. This is not recommended -- please use permitAll via HttpSecurity#authorizeHttpRequests instead.
2025-10-16 09:22:39.136  INFO 11408 --- [restartedMain] o.s.s.web.DefaultSecurityFilterChain     : Will not secure Ant [pattern='/swagger-resources/**']
2025-10-16 09:22:39.136  WARN 11408 --- [restartedMain] o.s.s.c.a.web.builders.WebSecurity       : You are asking Spring Security to ignore Ant [pattern='/configuration/ui']. This is not recommended -- please use permitAll via HttpSecurity#authorizeHttpRequests instead.
2025-10-16 09:22:39.136  INFO 11408 --- [restartedMain] o.s.s.web.DefaultSecurityFilterChain     : Will not secure Ant [pattern='/configuration/ui']
2025-10-16 09:22:39.136  WARN 11408 --- [restartedMain] o.s.s.c.a.web.builders.WebSecurity       : You are asking Spring Security to ignore Ant [pattern='/configuration/security']. This is not recommended -- please use permitAll via HttpSecurity#authorizeHttpRequests instead.
2025-10-16 09:22:39.136  INFO 11408 --- [restartedMain] o.s.s.web.DefaultSecurityFilterChain     : Will not secure Ant [pattern='/configuration/security']
2025-10-16 09:22:39.136  WARN 11408 --- [restartedMain] o.s.s.c.a.web.builders.WebSecurity       : You are asking Spring Security to ignore Ant [pattern='/swagger-ui.html']. This is not recommended -- please use permitAll via HttpSecurity#authorizeHttpRequests instead.
2025-10-16 09:22:39.136  INFO 11408 --- [restartedMain] o.s.s.web.DefaultSecurityFilterChain     : Will not secure Ant [pattern='/swagger-ui.html']
2025-10-16 09:22:39.136  WARN 11408 --- [restartedMain] o.s.s.c.a.web.builders.WebSecurity       : You are asking Spring Security to ignore Ant [pattern='/webjars/**']. This is not recommended -- please use permitAll via HttpSecurity#authorizeHttpRequests instead.
2025-10-16 09:22:39.136  INFO 11408 --- [restartedMain] o.s.s.web.DefaultSecurityFilterChain     : Will not secure Ant [pattern='/webjars/**']
2025-10-16 09:22:39.136  WARN 11408 --- [restartedMain] o.s.s.c.a.web.builders.WebSecurity       : You are asking Spring Security to ignore Ant [pattern='/v3/api-docs/**']. This is not recommended -- please use permitAll via HttpSecurity#authorizeHttpRequests instead.
2025-10-16 09:22:39.136  INFO 11408 --- [restartedMain] o.s.s.web.DefaultSecurityFilterChain     : Will not secure Ant [pattern='/v3/api-docs/**']
2025-10-16 09:22:39.136  WARN 11408 --- [restartedMain] o.s.s.c.a.web.builders.WebSecurity       : You are asking Spring Security to ignore Ant [pattern='/swagger-ui/**']. This is not recommended -- please use permitAll via HttpSecurity#authorizeHttpRequests instead.
2025-10-16 09:22:39.138  INFO 11408 --- [restartedMain] o.s.s.web.DefaultSecurityFilterChain     : Will not secure Ant [pattern='/swagger-ui/**']
2025-10-16 09:22:39.447  INFO 11408 --- [restartedMain] o.s.b.w.embedded.tomcat.TomcatWebServer  : Tomcat started on port(s): 8083 (http) with context path ''
2025-10-16 09:22:39.585  INFO 11408 --- [restartedMain] b.c.t.a.AuthServiceApplication           : Started AuthServiceApplication in 2.05 seconds (JVM running for 2635.126)
2025-10-16 09:22:39.587  INFO 11408 --- [restartedMain] .ConditionEvaluationDeltaLoggingListener : Condition evaluation unchanged
2025-10-16 10:10:03.548  WARN 11408 --- [HikariPool-5 housekeeper] com.zaxxer.hikari.pool.HikariPool        : HikariPool-5 - Thread starvation or clock leap detected (housekeeper delta=18m54s379ms878µs).
2025-10-16 10:34:15.839  INFO 11408 --- [Thread-27] j.LocalContainerEntityManagerFactoryBean : Closing JPA EntityManagerFactory for persistence unit 'default'
2025-10-16 10:34:15.869  INFO 11408 --- [Thread-27] com.zaxxer.hikari.HikariDataSource       : HikariPool-5 - Shutdown initiated...
2025-10-16 10:34:15.880  INFO 11408 --- [Thread-27] com.zaxxer.hikari.HikariDataSource       : HikariPool-5 - Shutdown completed.
2025-10-16 10:34:16.361  INFO 11408 --- [restartedMain] b.c.t.a.AuthServiceApplication           : Starting AuthServiceApplication using Java 17.0.12 on DESKTOP-HLR4AN3 with PID 11408 (C:\Users\tonyp\OneDrive\Documentos\curso_java\workspace\microsservicos-atendimento\atendimento-service\target\classes started by tonyp in C:\Users\tonyp\OneDrive\Documentos\curso_java\workspace\microsservicos-atendimento\atendimento-service)
2025-10-16 10:34:16.361  INFO 11408 --- [restartedMain] b.c.t.a.AuthServiceApplication           : No active profile set, falling back to 1 default profile: "default"
2025-10-16 10:34:16.932  INFO 11408 --- [restartedMain] .s.d.r.c.RepositoryConfigurationDelegate : Bootstrapping Spring Data JPA repositories in DEFAULT mode.
2025-10-16 10:34:16.966  INFO 11408 --- [restartedMain] .s.d.r.c.RepositoryConfigurationDelegate : Finished Spring Data repository scanning in 33 ms. Found 3 JPA repository interfaces.
2025-10-16 10:34:17.112  INFO 11408 --- [restartedMain] o.s.cloud.context.scope.GenericScope     : BeanFactory id=e3782361-5eb7-38d7-8416-ac2898fb879f
2025-10-16 10:34:18.888  INFO 11408 --- [restartedMain] o.s.b.w.embedded.tomcat.TomcatWebServer  : Tomcat initialized with port(s): 8083 (http)
2025-10-16 10:34:18.889  INFO 11408 --- [restartedMain] o.apache.catalina.core.StandardService   : Starting service [Tomcat]
2025-10-16 10:34:18.889  INFO 11408 --- [restartedMain] org.apache.catalina.core.StandardEngine  : Starting Servlet engine: [Apache Tomcat/9.0.63]
2025-10-16 10:34:18.916  INFO 11408 --- [restartedMain] o.a.c.c.C.[Tomcat].[localhost].[/]       : Initializing Spring embedded WebApplicationContext
2025-10-16 10:34:18.916  INFO 11408 --- [restartedMain] w.s.c.ServletWebServerApplicationContext : Root WebApplicationContext: initialization completed in 2549 ms
2025-10-16 10:34:18.968  INFO 11408 --- [restartedMain] o.hibernate.jpa.internal.util.LogHelper  : HHH000204: Processing PersistenceUnitInfo [name: default]
2025-10-16 10:34:18.974  INFO 11408 --- [restartedMain] com.zaxxer.hikari.HikariDataSource       : HikariPool-6 - Starting...
2025-10-16 10:34:19.063  INFO 11408 --- [restartedMain] com.zaxxer.hikari.HikariDataSource       : HikariPool-6 - Start completed.
2025-10-16 10:34:19.064  INFO 11408 --- [restartedMain] org.hibernate.dialect.Dialect            : HHH000400: Using dialect: org.hibernate.dialect.PostgreSQLDialect
2025-10-16 10:34:19.252  INFO 11408 --- [restartedMain] o.h.e.t.j.p.i.JtaPlatformInitiator       : HHH000490: Using JtaPlatform implementation: [org.hibernate.engine.transaction.jta.platform.internal.NoJtaPlatform]
2025-10-16 10:34:19.252  INFO 11408 --- [restartedMain] j.LocalContainerEntityManagerFactoryBean : Initialized JPA EntityManagerFactory for persistence unit 'default'
2025-10-16 10:34:19.405  WARN 11408 --- [restartedMain] JpaBaseConfiguration$JpaWebConfiguration : spring.jpa.open-in-view is enabled by default. Therefore, database queries may be performed during view rendering. Explicitly configure spring.jpa.open-in-view to disable this warning
2025-10-16 10:34:19.429  INFO 11408 --- [restartedMain] o.s.b.d.a.OptionalLiveReloadServer       : LiveReload server is running on port 35729
2025-10-16 10:34:19.603  WARN 11408 --- [restartedMain] .s.s.UserDetailsServiceAutoConfiguration : 

Using generated security password: 8dcba488-f3cc-4123-ba04-083946e3bbb2

This generated password is for development use only. Your security configuration must be updated before running your application in production.

2025-10-16 10:34:19.627  INFO 11408 --- [restartedMain] o.s.s.web.DefaultSecurityFilterChain     : Will secure any request with [org.springframework.security.web.session.DisableEncodeUrlFilter@54bc4fdb, org.springframework.security.web.context.request.async.WebAsyncManagerIntegrationFilter@3469dd33, org.springframework.security.web.context.SecurityContextPersistenceFilter@2c4e3923, org.springframework.security.web.header.HeaderWriterFilter@628d7f20, org.springframework.security.web.authentication.logout.LogoutFilter@804762, br.com.tonypool.atendimento.security.JwtSecurity@35ac929a, org.springframework.security.web.savedrequest.RequestCacheAwareFilter@796eafca, org.springframework.security.web.servletapi.SecurityContextHolderAwareRequestFilter@7013abb8, org.springframework.security.web.authentication.AnonymousAuthenticationFilter@16d66fad, org.springframework.security.web.session.SessionManagementFilter@3d44400, org.springframework.security.web.access.ExceptionTranslationFilter@7bc5c616, org.springframework.security.web.access.intercept.FilterSecurityInterceptor@42cc22a0]
2025-10-16 10:34:19.639  WARN 11408 --- [restartedMain] o.s.s.c.a.web.builders.WebSecurity       : You are asking Spring Security to ignore Ant [pattern='/v2/api-docs']. This is not recommended -- please use permitAll via HttpSecurity#authorizeHttpRequests instead.
2025-10-16 10:34:19.639  INFO 11408 --- [restartedMain] o.s.s.web.DefaultSecurityFilterChain     : Will not secure Ant [pattern='/v2/api-docs']
2025-10-16 10:34:19.639  WARN 11408 --- [restartedMain] o.s.s.c.a.web.builders.WebSecurity       : You are asking Spring Security to ignore Ant [pattern='/swagger-resources']. This is not recommended -- please use permitAll via HttpSecurity#authorizeHttpRequests instead.
2025-10-16 10:34:19.639  INFO 11408 --- [restartedMain] o.s.s.web.DefaultSecurityFilterChain     : Will not secure Ant [pattern='/swagger-resources']
2025-10-16 10:34:19.640  WARN 11408 --- [restartedMain] o.s.s.c.a.web.builders.WebSecurity       : You are asking Spring Security to ignore Ant [pattern='/swagger-resources/**']. This is not recommended -- please use permitAll via HttpSecurity#authorizeHttpRequests instead.
2025-10-16 10:34:19.640  INFO 11408 --- [restartedMain] o.s.s.web.DefaultSecurityFilterChain     : Will not secure Ant [pattern='/swagger-resources/**']
2025-10-16 10:34:19.640  WARN 11408 --- [restartedMain] o.s.s.c.a.web.builders.WebSecurity       : You are asking Spring Security to ignore Ant [pattern='/configuration/ui']. This is not recommended -- please use permitAll via HttpSecurity#authorizeHttpRequests instead.
2025-10-16 10:34:19.640  INFO 11408 --- [restartedMain] o.s.s.web.DefaultSecurityFilterChain     : Will not secure Ant [pattern='/configuration/ui']
2025-10-16 10:34:19.640  WARN 11408 --- [restartedMain] o.s.s.c.a.web.builders.WebSecurity       : You are asking Spring Security to ignore Ant [pattern='/configuration/security']. This is not recommended -- please use permitAll via HttpSecurity#authorizeHttpRequests instead.
2025-10-16 10:34:19.640  INFO 11408 --- [restartedMain] o.s.s.web.DefaultSecurityFilterChain     : Will not secure Ant [pattern='/configuration/security']
2025-10-16 10:34:19.640  WARN 11408 --- [restartedMain] o.s.s.c.a.web.builders.WebSecurity       : You are asking Spring Security to ignore Ant [pattern='/swagger-ui.html']. This is not recommended -- please use permitAll via HttpSecurity#authorizeHttpRequests instead.
2025-10-16 10:34:19.640  INFO 11408 --- [restartedMain] o.s.s.web.DefaultSecurityFilterChain     : Will not secure Ant [pattern='/swagger-ui.html']
2025-10-16 10:34:19.640  WARN 11408 --- [restartedMain] o.s.s.c.a.web.builders.WebSecurity       : You are asking Spring Security to ignore Ant [pattern='/webjars/**']. This is not recommended -- please use permitAll via HttpSecurity#authorizeHttpRequests instead.
2025-10-16 10:34:19.640  INFO 11408 --- [restartedMain] o.s.s.web.DefaultSecurityFilterChain     : Will not secure Ant [pattern='/webjars/**']
2025-10-16 10:34:19.640  WARN 11408 --- [restartedMain] o.s.s.c.a.web.builders.WebSecurity       : You are asking Spring Security to ignore Ant [pattern='/v3/api-docs/**']. This is not recommended -- please use permitAll via HttpSecurity#authorizeHttpRequests instead.
2025-10-16 10:34:19.640  INFO 11408 --- [restartedMain] o.s.s.web.DefaultSecurityFilterChain     : Will not secure Ant [pattern='/v3/api-docs/**']
2025-10-16 10:34:19.640  WARN 11408 --- [restartedMain] o.s.s.c.a.web.builders.WebSecurity       : You are asking Spring Security to ignore Ant [pattern='/swagger-ui/**']. This is not recommended -- please use permitAll via HttpSecurity#authorizeHttpRequests instead.
2025-10-16 10:34:19.640  INFO 11408 --- [restartedMain] o.s.s.web.DefaultSecurityFilterChain     : Will not secure Ant [pattern='/swagger-ui/**']
2025-10-16 10:34:19.955  INFO 11408 --- [restartedMain] o.s.b.w.embedded.tomcat.TomcatWebServer  : Tomcat started on port(s): 8083 (http) with context path ''
2025-10-16 10:34:20.103  INFO 11408 --- [restartedMain] b.c.t.a.AuthServiceApplication           : Started AuthServiceApplication in 3.981 seconds (JVM running for 6935.649)
2025-10-16 10:34:20.105  INFO 11408 --- [restartedMain] .ConditionEvaluationDeltaLoggingListener : Condition evaluation unchanged
2025-10-16 10:47:51.093  INFO 23204 --- [restartedMain] b.c.t.a.AuthServiceApplication           : Starting AuthServiceApplication using Java 17.0.12 on DESKTOP-HLR4AN3 with PID 23204 (C:\Users\tonyp\OneDrive\Documentos\curso_java\workspace\microsservicos-atendimento\atendimento-service\target\classes started by tonyp in C:\Users\tonyp\OneDrive\Documentos\curso_java\workspace\microsservicos-atendimento\atendimento-service)
2025-10-16 10:47:51.095  INFO 23204 --- [restartedMain] b.c.t.a.AuthServiceApplication           : No active profile set, falling back to 1 default profile: "default"
2025-10-16 10:47:51.167  INFO 23204 --- [restartedMain] .e.DevToolsPropertyDefaultsPostProcessor : Devtools property defaults active! Set 'spring.devtools.add-properties' to 'false' to disable
2025-10-16 10:47:51.167  INFO 23204 --- [restartedMain] .e.DevToolsPropertyDefaultsPostProcessor : For additional web related logging consider setting the 'logging.level.web' property to 'DEBUG'
2025-10-16 10:47:52.439  INFO 23204 --- [restartedMain] .s.d.r.c.RepositoryConfigurationDelegate : Bootstrapping Spring Data JPA repositories in DEFAULT mode.
2025-10-16 10:47:52.534  INFO 23204 --- [restartedMain] .s.d.r.c.RepositoryConfigurationDelegate : Finished Spring Data repository scanning in 81 ms. Found 3 JPA repository interfaces.
2025-10-16 10:47:52.846  INFO 23204 --- [restartedMain] o.s.cloud.context.scope.GenericScope     : BeanFactory id=e3782361-5eb7-38d7-8416-ac2898fb879f
2025-10-16 10:47:53.647  INFO 23204 --- [restartedMain] o.s.b.w.embedded.tomcat.TomcatWebServer  : Tomcat initialized with port(s): 8083 (http)
2025-10-16 10:47:53.668  INFO 23204 --- [restartedMain] o.apache.catalina.core.StandardService   : Starting service [Tomcat]
2025-10-16 10:47:53.669  INFO 23204 --- [restartedMain] org.apache.catalina.core.StandardEngine  : Starting Servlet engine: [Apache Tomcat/9.0.63]
2025-10-16 10:47:53.832  INFO 23204 --- [restartedMain] o.a.c.c.C.[Tomcat].[localhost].[/]       : Initializing Spring embedded WebApplicationContext
2025-10-16 10:47:53.833  INFO 23204 --- [restartedMain] w.s.c.ServletWebServerApplicationContext : Root WebApplicationContext: initialization completed in 2666 ms
2025-10-16 10:47:54.227  INFO 23204 --- [restartedMain] o.hibernate.jpa.internal.util.LogHelper  : HHH000204: Processing PersistenceUnitInfo [name: default]
2025-10-16 10:47:54.349  INFO 23204 --- [restartedMain] org.hibernate.Version                    : HHH000412: Hibernate ORM core version 5.6.9.Final
2025-10-16 10:47:54.691  INFO 23204 --- [restartedMain] o.hibernate.annotations.common.Version   : HCANN000001: Hibernate Commons Annotations {5.1.2.Final}
2025-10-16 10:47:54.986  INFO 23204 --- [restartedMain] com.zaxxer.hikari.HikariDataSource       : HikariPool-1 - Starting...
2025-10-16 10:47:55.499  INFO 23204 --- [restartedMain] com.zaxxer.hikari.HikariDataSource       : HikariPool-1 - Start completed.
2025-10-16 10:47:55.598  INFO 23204 --- [restartedMain] org.hibernate.dialect.Dialect            : HHH000400: Using dialect: org.hibernate.dialect.PostgreSQLDialect
2025-10-16 10:47:57.037  INFO 23204 --- [restartedMain] o.h.e.t.j.p.i.JtaPlatformInitiator       : HHH000490: Using JtaPlatform implementation: [org.hibernate.engine.transaction.jta.platform.internal.NoJtaPlatform]
2025-10-16 10:47:57.049  INFO 23204 --- [restartedMain] j.LocalContainerEntityManagerFactoryBean : Initialized JPA EntityManagerFactory for persistence unit 'default'
2025-10-16 10:47:57.667  WARN 23204 --- [restartedMain] JpaBaseConfiguration$JpaWebConfiguration : spring.jpa.open-in-view is enabled by default. Therefore, database queries may be performed during view rendering. Explicitly configure spring.jpa.open-in-view to disable this warning
2025-10-16 10:47:57.726  INFO 23204 --- [restartedMain] o.s.b.d.a.OptionalLiveReloadServer       : LiveReload server is running on port 35729
2025-10-16 10:47:58.251  WARN 23204 --- [restartedMain] .s.s.UserDetailsServiceAutoConfiguration : 

Using generated security password: 2455949d-186e-417c-849e-451ffd4cc288

This generated password is for development use only. Your security configuration must be updated before running your application in production.

2025-10-16 10:47:58.376  INFO 23204 --- [restartedMain] o.s.s.web.DefaultSecurityFilterChain     : Will secure any request with [org.springframework.security.web.session.DisableEncodeUrlFilter@3e7e9758, org.springframework.security.web.context.request.async.WebAsyncManagerIntegrationFilter@2de0d1e4, org.springframework.security.web.context.SecurityContextPersistenceFilter@118001e7, org.springframework.security.web.header.HeaderWriterFilter@1644e339, org.springframework.security.web.authentication.logout.LogoutFilter@31131991, br.com.tonypool.atendimento.security.JwtSecurity@1300cb69, org.springframework.security.web.savedrequest.RequestCacheAwareFilter@47026de0, org.springframework.security.web.servletapi.SecurityContextHolderAwareRequestFilter@3a7b7992, org.springframework.security.web.authentication.AnonymousAuthenticationFilter@4b5710ea, org.springframework.security.web.session.SessionManagementFilter@21f2341c, org.springframework.security.web.access.ExceptionTranslationFilter@2a44bd53, org.springframework.security.web.access.intercept.FilterSecurityInterceptor@76acb43f]
2025-10-16 10:47:58.379  WARN 23204 --- [restartedMain] o.s.s.c.a.web.builders.WebSecurity       : You are asking Spring Security to ignore Ant [pattern='/v2/api-docs']. This is not recommended -- please use permitAll via HttpSecurity#authorizeHttpRequests instead.
2025-10-16 10:47:58.379  INFO 23204 --- [restartedMain] o.s.s.web.DefaultSecurityFilterChain     : Will not secure Ant [pattern='/v2/api-docs']
2025-10-16 10:47:58.379  WARN 23204 --- [restartedMain] o.s.s.c.a.web.builders.WebSecurity       : You are asking Spring Security to ignore Ant [pattern='/swagger-resources']. This is not recommended -- please use permitAll via HttpSecurity#authorizeHttpRequests instead.
2025-10-16 10:47:58.380  INFO 23204 --- [restartedMain] o.s.s.web.DefaultSecurityFilterChain     : Will not secure Ant [pattern='/swagger-resources']
2025-10-16 10:47:58.380  WARN 23204 --- [restartedMain] o.s.s.c.a.web.builders.WebSecurity       : You are asking Spring Security to ignore Ant [pattern='/swagger-resources/**']. This is not recommended -- please use permitAll via HttpSecurity#authorizeHttpRequests instead.
2025-10-16 10:47:58.380  INFO 23204 --- [restartedMain] o.s.s.web.DefaultSecurityFilterChain     : Will not secure Ant [pattern='/swagger-resources/**']
2025-10-16 10:47:58.380  WARN 23204 --- [restartedMain] o.s.s.c.a.web.builders.WebSecurity       : You are asking Spring Security to ignore Ant [pattern='/configuration/ui']. This is not recommended -- please use permitAll via HttpSecurity#authorizeHttpRequests instead.
2025-10-16 10:47:58.380  INFO 23204 --- [restartedMain] o.s.s.web.DefaultSecurityFilterChain     : Will not secure Ant [pattern='/configuration/ui']
2025-10-16 10:47:58.381  WARN 23204 --- [restartedMain] o.s.s.c.a.web.builders.WebSecurity       : You are asking Spring Security to ignore Ant [pattern='/configuration/security']. This is not recommended -- please use permitAll via HttpSecurity#authorizeHttpRequests instead.
2025-10-16 10:47:58.381  INFO 23204 --- [restartedMain] o.s.s.web.DefaultSecurityFilterChain     : Will not secure Ant [pattern='/configuration/security']
2025-10-16 10:47:58.381  WARN 23204 --- [restartedMain] o.s.s.c.a.web.builders.WebSecurity       : You are asking Spring Security to ignore Ant [pattern='/swagger-ui.html']. This is not recommended -- please use permitAll via HttpSecurity#authorizeHttpRequests instead.
2025-10-16 10:47:58.381  INFO 23204 --- [restartedMain] o.s.s.web.DefaultSecurityFilterChain     : Will not secure Ant [pattern='/swagger-ui.html']
2025-10-16 10:47:58.381  WARN 23204 --- [restartedMain] o.s.s.c.a.web.builders.WebSecurity       : You are asking Spring Security to ignore Ant [pattern='/webjars/**']. This is not recommended -- please use permitAll via HttpSecurity#authorizeHttpRequests instead.
2025-10-16 10:47:58.381  INFO 23204 --- [restartedMain] o.s.s.web.DefaultSecurityFilterChain     : Will not secure Ant [pattern='/webjars/**']
2025-10-16 10:47:58.381  WARN 23204 --- [restartedMain] o.s.s.c.a.web.builders.WebSecurity       : You are asking Spring Security to ignore Ant [pattern='/v3/api-docs/**']. This is not recommended -- please use permitAll via HttpSecurity#authorizeHttpRequests instead.
2025-10-16 10:47:58.382  INFO 23204 --- [restartedMain] o.s.s.web.DefaultSecurityFilterChain     : Will not secure Ant [pattern='/v3/api-docs/**']
2025-10-16 10:47:58.382  WARN 23204 --- [restartedMain] o.s.s.c.a.web.builders.WebSecurity       : You are asking Spring Security to ignore Ant [pattern='/swagger-ui/**']. This is not recommended -- please use permitAll via HttpSecurity#authorizeHttpRequests instead.
2025-10-16 10:47:58.382  INFO 23204 --- [restartedMain] o.s.s.web.DefaultSecurityFilterChain     : Will not secure Ant [pattern='/swagger-ui/**']
2025-10-16 10:47:59.005  INFO 23204 --- [restartedMain] o.s.b.w.embedded.tomcat.TomcatWebServer  : Tomcat started on port(s): 8083 (http) with context path ''
2025-10-16 10:47:59.212  INFO 23204 --- [restartedMain] b.c.t.a.AuthServiceApplication           : Started AuthServiceApplication in 8.848 seconds (JVM running for 10.046)
2025-10-16 10:49:04.923  INFO 23204 --- [http-nio-8083-exec-1] o.a.c.c.C.[Tomcat].[localhost].[/]       : Initializing Spring DispatcherServlet 'dispatcherServlet'
2025-10-16 10:49:04.925  INFO 23204 --- [http-nio-8083-exec-1] o.s.web.servlet.DispatcherServlet        : Initializing Servlet 'dispatcherServlet'
2025-10-16 10:49:04.931  INFO 23204 --- [http-nio-8083-exec-1] o.s.web.servlet.DispatcherServlet        : Completed initialization in 6 ms
2025-10-16 10:49:05.721  WARN 23204 --- [http-nio-8083-exec-2] o.a.c.util.SessionIdGeneratorBase        : Creation of SecureRandom instance for session ID generation using [SHA1PRNG] took [112] milliseconds.
2025-10-16 10:50:22.996  WARN 23204 --- [http-nio-8083-exec-7] o.s.web.servlet.PageNotFound             : No mapping for GET /api/atendimentos/por-cliente/3
2025-10-16 11:00:46.336 ERROR 23204 --- [http-nio-8083-exec-1] o.a.c.c.C.[.[.[/].[dispatcherServlet]    : Servlet.service() for servlet [dispatcherServlet] in context with path [] threw exception

java.lang.IllegalStateException: Cannot call sendError() after the response has been committed
	at org.apache.catalina.connector.ResponseFacade.sendError(ResponseFacade.java:456) ~[tomcat-embed-core-9.0.63.jar:9.0.63]
	at javax.servlet.http.HttpServletResponseWrapper.sendError(HttpServletResponseWrapper.java:120) ~[tomcat-embed-core-9.0.63.jar:4.0.FR]
	at javax.servlet.http.HttpServletResponseWrapper.sendError(HttpServletResponseWrapper.java:120) ~[tomcat-embed-core-9.0.63.jar:4.0.FR]
	at javax.servlet.http.HttpServletResponseWrapper.sendError(HttpServletResponseWrapper.java:120) ~[tomcat-embed-core-9.0.63.jar:4.0.FR]
	at org.springframework.security.web.util.OnCommittedResponseWrapper.sendError(OnCommittedResponseWrapper.java:126) ~[spring-security-web-5.7.1.jar:5.7.1]
	at javax.servlet.http.HttpServletResponseWrapper.sendError(HttpServletResponseWrapper.java:120) ~[tomcat-embed-core-9.0.63.jar:4.0.FR]
	at org.springframework.security.web.util.OnCommittedResponseWrapper.sendError(OnCommittedResponseWrapper.java:126) ~[spring-security-web-5.7.1.jar:5.7.1]
	at br.com.tonypool.atendimento.security.JwtSecurity.doFilterInternal(JwtSecurity.java:63) ~[classes/:na]
	at org.springframework.web.filter.OncePerRequestFilter.doFilter(OncePerRequestFilter.java:117) ~[spring-web-5.3.20.jar:5.3.20]
	at org.springframework.security.web.FilterChainProxy$VirtualFilterChain.doFilter(FilterChainProxy.java:336) ~[spring-security-web-5.7.1.jar:5.7.1]
	at org.springframework.security.web.authentication.logout.LogoutFilter.doFilter(LogoutFilter.java:103) ~[spring-security-web-5.7.1.jar:5.7.1]
	at org.springframework.security.web.authentication.logout.LogoutFilter.doFilter(LogoutFilter.java:89) ~[spring-security-web-5.7.1.jar:5.7.1]
	at org.springframework.security.web.FilterChainProxy$VirtualFilterChain.doFilter(FilterChainProxy.java:336) ~[spring-security-web-5.7.1.jar:5.7.1]
	at org.springframework.security.web.header.HeaderWriterFilter.doHeadersAfter(HeaderWriterFilter.java:90) ~[spring-security-web-5.7.1.jar:5.7.1]
	at org.springframework.security.web.header.HeaderWriterFilter.doFilterInternal(HeaderWriterFilter.java:75) ~[spring-security-web-5.7.1.jar:5.7.1]
	at org.springframework.web.filter.OncePerRequestFilter.doFilter(OncePerRequestFilter.java:117) ~[spring-web-5.3.20.jar:5.3.20]
	at org.springframework.security.web.FilterChainProxy$VirtualFilterChain.doFilter(FilterChainProxy.java:336) ~[spring-security-web-5.7.1.jar:5.7.1]
	at org.springframework.security.web.context.SecurityContextPersistenceFilter.doFilter(SecurityContextPersistenceFilter.java:112) ~[spring-security-web-5.7.1.jar:5.7.1]
	at org.springframework.security.web.context.SecurityContextPersistenceFilter.doFilter(SecurityContextPersistenceFilter.java:82) ~[spring-security-web-5.7.1.jar:5.7.1]
	at org.springframework.security.web.FilterChainProxy$VirtualFilterChain.doFilter(FilterChainProxy.java:336) ~[spring-security-web-5.7.1.jar:5.7.1]
	at org.springframework.security.web.context.request.async.WebAsyncManagerIntegrationFilter.doFilterInternal(WebAsyncManagerIntegrationFilter.java:55) ~[spring-security-web-5.7.1.jar:5.7.1]
	at org.springframework.web.filter.OncePerRequestFilter.doFilter(OncePerRequestFilter.java:117) ~[spring-web-5.3.20.jar:5.3.20]
	at org.springframework.security.web.FilterChainProxy$VirtualFilterChain.doFilter(FilterChainProxy.java:336) ~[spring-security-web-5.7.1.jar:5.7.1]
	at org.springframework.security.web.session.DisableEncodeUrlFilter.doFilterInternal(DisableEncodeUrlFilter.java:42) ~[spring-security-web-5.7.1.jar:5.7.1]
	at org.springframework.web.filter.OncePerRequestFilter.doFilter(OncePerRequestFilter.java:117) ~[spring-web-5.3.20.jar:5.3.20]
	at org.springframework.security.web.FilterChainProxy$VirtualFilterChain.doFilter(FilterChainProxy.java:336) ~[spring-security-web-5.7.1.jar:5.7.1]
	at org.springframework.security.web.FilterChainProxy.doFilterInternal(FilterChainProxy.java:211) ~[spring-security-web-5.7.1.jar:5.7.1]
	at org.springframework.security.web.FilterChainProxy.doFilter(FilterChainProxy.java:183) ~[spring-security-web-5.7.1.jar:5.7.1]
	at org.springframework.web.filter.DelegatingFilterProxy.invokeDelegate(DelegatingFilterProxy.java:354) ~[spring-web-5.3.20.jar:5.3.20]
	at org.springframework.web.filter.DelegatingFilterProxy.doFilter(DelegatingFilterProxy.java:267) ~[spring-web-5.3.20.jar:5.3.20]
	at org.apache.catalina.core.ApplicationFilterChain.internalDoFilter(ApplicationFilterChain.java:189) ~[tomcat-embed-core-9.0.63.jar:9.0.63]
	at org.apache.catalina.core.ApplicationFilterChain.doFilter(ApplicationFilterChain.java:162) ~[tomcat-embed-core-9.0.63.jar:9.0.63]
	at org.springframework.web.filter.CharacterEncodingFilter.doFilterInternal(CharacterEncodingFilter.java:201) ~[spring-web-5.3.20.jar:5.3.20]
	at org.springframework.web.filter.OncePerRequestFilter.doFilter(OncePerRequestFilter.java:117) ~[spring-web-5.3.20.jar:5.3.20]
	at org.apache.catalina.core.ApplicationFilterChain.internalDoFilter(ApplicationFilterChain.java:189) ~[tomcat-embed-core-9.0.63.jar:9.0.63]
	at org.apache.catalina.core.ApplicationFilterChain.doFilter(ApplicationFilterChain.java:162) ~[tomcat-embed-core-9.0.63.jar:9.0.63]
	at org.apache.catalina.core.StandardWrapperValve.invoke(StandardWrapperValve.java:197) ~[tomcat-embed-core-9.0.63.jar:9.0.63]
	at org.apache.catalina.core.StandardContextValve.invoke(StandardContextValve.java:97) ~[tomcat-embed-core-9.0.63.jar:9.0.63]
	at org.apache.catalina.authenticator.AuthenticatorBase.invoke(AuthenticatorBase.java:541) ~[tomcat-embed-core-9.0.63.jar:9.0.63]
	at org.apache.catalina.core.StandardHostValve.invoke(StandardHostValve.java:135) ~[tomcat-embed-core-9.0.63.jar:9.0.63]
	at org.apache.catalina.valves.ErrorReportValve.invoke(ErrorReportValve.java:92) ~[tomcat-embed-core-9.0.63.jar:9.0.63]
	at org.apache.catalina.core.StandardEngineValve.invoke(StandardEngineValve.java:78) ~[tomcat-embed-core-9.0.63.jar:9.0.63]
	at org.apache.catalina.connector.CoyoteAdapter.service(CoyoteAdapter.java:360) ~[tomcat-embed-core-9.0.63.jar:9.0.63]
	at org.apache.coyote.http11.Http11Processor.service(Http11Processor.java:399) ~[tomcat-embed-core-9.0.63.jar:9.0.63]
	at org.apache.coyote.AbstractProcessorLight.process(AbstractProcessorLight.java:65) ~[tomcat-embed-core-9.0.63.jar:9.0.63]
	at org.apache.coyote.AbstractProtocol$ConnectionHandler.process(AbstractProtocol.java:890) ~[tomcat-embed-core-9.0.63.jar:9.0.63]
	at org.apache.tomcat.util.net.NioEndpoint$SocketProcessor.doRun(NioEndpoint.java:1743) ~[tomcat-embed-core-9.0.63.jar:9.0.63]
	at org.apache.tomcat.util.net.SocketProcessorBase.run(SocketProcessorBase.java:49) ~[tomcat-embed-core-9.0.63.jar:9.0.63]
	at org.apache.tomcat.util.threads.ThreadPoolExecutor.runWorker(ThreadPoolExecutor.java:1191) ~[tomcat-embed-core-9.0.63.jar:9.0.63]
	at org.apache.tomcat.util.threads.ThreadPoolExecutor$Worker.run(ThreadPoolExecutor.java:659) ~[tomcat-embed-core-9.0.63.jar:9.0.63]
	at org.apache.tomcat.util.threads.TaskThread$WrappingRunnable.run(TaskThread.java:61) ~[tomcat-embed-core-9.0.63.jar:9.0.63]
	at java.base/java.lang.Thread.run(Thread.java:842) ~[na:na]

2025-10-16 11:14:34.258 ERROR 23204 --- [http-nio-8083-exec-7] b.c.t.a.c.AtendimentosController         : Erro ao consultar atendimento por ID: [404] during [GET] to [http://localhost:8081/api/clientes/2] [ClienteServiceClient#buscarPorId(Integer)]: [{"timestamp":1760624074215,"status":404,"error":"Not Found","message":"No message available","path":"/api/clientes/2"}]
2025-10-16 11:15:19.949 ERROR 23204 --- [http-nio-8083-exec-4] b.c.t.a.c.AtendimentosController         : Erro ao consultar atendimento por ID: [404] during [GET] to [http://localhost:8081/api/clientes/2] [ClienteServiceClient#buscarPorId(Integer)]: [{"timestamp":1760624119946,"status":404,"error":"Not Found","message":"No message available","path":"/api/clientes/2"}]
2025-10-16 11:19:26.868 ERROR 23204 --- [http-nio-8083-exec-8] b.c.t.a.c.AtendimentosController         : Erro ao consultar atendimento por ID: [404] during [GET] to [http://localhost:8081/api/clientes/2] [ClienteServiceClient#buscarPorId(Integer)]: [{"timestamp":1760624366865,"status":404,"error":"Not Found","message":"No message available","path":"/api/clientes/2"}]
2025-10-16 11:20:13.145 ERROR 23204 --- [http-nio-8083-exec-3] b.c.t.a.c.AtendimentosController         : Erro ao consultar atendimento por ID: [404] during [GET] to [http://localhost:8081/api/clientes/2] [ClienteServiceClient#buscarPorId(Integer)]: [{"timestamp":1760624413139,"status":404,"error":"Not Found","message":"No message available","path":"/api/clientes/2"}]
2025-10-16 15:17:57.937  WARN 23204 --- [HikariPool-1 housekeeper] com.zaxxer.hikari.pool.HikariPool        : HikariPool-1 - Thread starvation or clock leap detected (housekeeper delta=3h30s963ms164µs700ns).
2025-10-16 17:01:11.974  WARN 23204 --- [HikariPool-1 housekeeper] com.zaxxer.hikari.pool.HikariPool        : HikariPool-1 - Thread starvation or clock leap detected (housekeeper delta=1h43m16s880ms646µs500ns).
2025-10-16 17:11:32.221  INFO 23204 --- [Thread-5] j.LocalContainerEntityManagerFactoryBean : Closing JPA EntityManagerFactory for persistence unit 'default'
2025-10-16 17:11:32.272  INFO 23204 --- [Thread-5] com.zaxxer.hikari.HikariDataSource       : HikariPool-1 - Shutdown initiated...
2025-10-16 17:11:32.281  INFO 23204 --- [Thread-5] com.zaxxer.hikari.HikariDataSource       : HikariPool-1 - Shutdown completed.
2025-10-16 17:11:32.908  INFO 23204 --- [restartedMain] b.c.t.a.AuthServiceApplication           : Starting AuthServiceApplication using Java 17.0.12 on DESKTOP-HLR4AN3 with PID 23204 (C:\Users\tonyp\OneDrive\Documentos\curso_java\workspace\microsservicos-atendimento\atendimento-service\target\classes started by tonyp in C:\Users\tonyp\OneDrive\Documentos\curso_java\workspace\microsservicos-atendimento\atendimento-service)
2025-10-16 17:11:32.909  INFO 23204 --- [restartedMain] b.c.t.a.AuthServiceApplication           : No active profile set, falling back to 1 default profile: "default"
2025-10-16 17:11:33.777  INFO 23204 --- [restartedMain] .s.d.r.c.RepositoryConfigurationDelegate : Bootstrapping Spring Data JPA repositories in DEFAULT mode.
2025-10-16 17:11:33.814  INFO 23204 --- [restartedMain] .s.d.r.c.RepositoryConfigurationDelegate : Finished Spring Data repository scanning in 35 ms. Found 3 JPA repository interfaces.
2025-10-16 17:11:33.944  INFO 23204 --- [restartedMain] o.s.cloud.context.scope.GenericScope     : BeanFactory id=e3782361-5eb7-38d7-8416-ac2898fb879f
2025-10-16 17:11:34.182  INFO 23204 --- [restartedMain] o.s.b.w.embedded.tomcat.TomcatWebServer  : Tomcat initialized with port(s): 8083 (http)
2025-10-16 17:11:34.183  INFO 23204 --- [restartedMain] o.apache.catalina.core.StandardService   : Starting service [Tomcat]
2025-10-16 17:11:34.183  INFO 23204 --- [restartedMain] org.apache.catalina.core.StandardEngine  : Starting Servlet engine: [Apache Tomcat/9.0.63]
2025-10-16 17:11:34.221  INFO 23204 --- [restartedMain] o.a.c.c.C.[Tomcat].[localhost].[/]       : Initializing Spring embedded WebApplicationContext
2025-10-16 17:11:34.221  INFO 23204 --- [restartedMain] w.s.c.ServletWebServerApplicationContext : Root WebApplicationContext: initialization completed in 1307 ms
2025-10-16 17:11:34.286  INFO 23204 --- [restartedMain] o.hibernate.jpa.internal.util.LogHelper  : HHH000204: Processing PersistenceUnitInfo [name: default]
2025-10-16 17:11:34.293  INFO 23204 --- [restartedMain] com.zaxxer.hikari.HikariDataSource       : HikariPool-2 - Starting...
2025-10-16 17:11:34.376  INFO 23204 --- [restartedMain] com.zaxxer.hikari.HikariDataSource       : HikariPool-2 - Start completed.
2025-10-16 17:11:34.376  INFO 23204 --- [restartedMain] org.hibernate.dialect.Dialect            : HHH000400: Using dialect: org.hibernate.dialect.PostgreSQLDialect
2025-10-16 17:11:34.591  INFO 23204 --- [restartedMain] o.h.e.t.j.p.i.JtaPlatformInitiator       : HHH000490: Using JtaPlatform implementation: [org.hibernate.engine.transaction.jta.platform.internal.NoJtaPlatform]
2025-10-16 17:11:34.592  INFO 23204 --- [restartedMain] j.LocalContainerEntityManagerFactoryBean : Initialized JPA EntityManagerFactory for persistence unit 'default'
2025-10-16 17:11:34.779  WARN 23204 --- [restartedMain] JpaBaseConfiguration$JpaWebConfiguration : spring.jpa.open-in-view is enabled by default. Therefore, database queries may be performed during view rendering. Explicitly configure spring.jpa.open-in-view to disable this warning
2025-10-16 17:11:34.806  INFO 23204 --- [restartedMain] o.s.b.d.a.OptionalLiveReloadServer       : LiveReload server is running on port 35729
2025-10-16 17:11:35.019  WARN 23204 --- [restartedMain] .s.s.UserDetailsServiceAutoConfiguration : 

Using generated security password: f79ab4c7-5547-43c6-9008-5ce2b1c32fb3

This generated password is for development use only. Your security configuration must be updated before running your application in production.

2025-10-16 17:11:35.045  INFO 23204 --- [restartedMain] o.s.s.web.DefaultSecurityFilterChain     : Will secure any request with [org.springframework.security.web.session.DisableEncodeUrlFilter@381d0e89, org.springframework.security.web.context.request.async.WebAsyncManagerIntegrationFilter@536a2caf, org.springframework.security.web.context.SecurityContextPersistenceFilter@3ac94972, org.springframework.security.web.header.HeaderWriterFilter@42fc343b, org.springframework.security.web.authentication.logout.LogoutFilter@ea29090, br.com.tonypool.atendimento.security.JwtSecurity@306d0c5, org.springframework.security.web.savedrequest.RequestCacheAwareFilter@1399e2ae, org.springframework.security.web.servletapi.SecurityContextHolderAwareRequestFilter@30e7410a, org.springframework.security.web.authentication.AnonymousAuthenticationFilter@32b0db80, org.springframework.security.web.session.SessionManagementFilter@269820d, org.springframework.security.web.access.ExceptionTranslationFilter@1757d5d0, org.springframework.security.web.access.intercept.FilterSecurityInterceptor@232254b9]
2025-10-16 17:11:35.046  WARN 23204 --- [restartedMain] o.s.s.c.a.web.builders.WebSecurity       : You are asking Spring Security to ignore Ant [pattern='/v2/api-docs']. This is not recommended -- please use permitAll via HttpSecurity#authorizeHttpRequests instead.
2025-10-16 17:11:35.046  INFO 23204 --- [restartedMain] o.s.s.web.DefaultSecurityFilterChain     : Will not secure Ant [pattern='/v2/api-docs']
2025-10-16 17:11:35.046  WARN 23204 --- [restartedMain] o.s.s.c.a.web.builders.WebSecurity       : You are asking Spring Security to ignore Ant [pattern='/swagger-resources']. This is not recommended -- please use permitAll via HttpSecurity#authorizeHttpRequests instead.
2025-10-16 17:11:35.047  INFO 23204 --- [restartedMain] o.s.s.web.DefaultSecurityFilterChain     : Will not secure Ant [pattern='/swagger-resources']
2025-10-16 17:11:35.047  WARN 23204 --- [restartedMain] o.s.s.c.a.web.builders.WebSecurity       : You are asking Spring Security to ignore Ant [pattern='/swagger-resources/**']. This is not recommended -- please use permitAll via HttpSecurity#authorizeHttpRequests instead.
2025-10-16 17:11:35.047  INFO 23204 --- [restartedMain] o.s.s.web.DefaultSecurityFilterChain     : Will not secure Ant [pattern='/swagger-resources/**']
2025-10-16 17:11:35.047  WARN 23204 --- [restartedMain] o.s.s.c.a.web.builders.WebSecurity       : You are asking Spring Security to ignore Ant [pattern='/configuration/ui']. This is not recommended -- please use permitAll via HttpSecurity#authorizeHttpRequests instead.
2025-10-16 17:11:35.047  INFO 23204 --- [restartedMain] o.s.s.web.DefaultSecurityFilterChain     : Will not secure Ant [pattern='/configuration/ui']
2025-10-16 17:11:35.047  WARN 23204 --- [restartedMain] o.s.s.c.a.web.builders.WebSecurity       : You are asking Spring Security to ignore Ant [pattern='/configuration/security']. This is not recommended -- please use permitAll via HttpSecurity#authorizeHttpRequests instead.
2025-10-16 17:11:35.047  INFO 23204 --- [restartedMain] o.s.s.web.DefaultSecurityFilterChain     : Will not secure Ant [pattern='/configuration/security']
2025-10-16 17:11:35.047  WARN 23204 --- [restartedMain] o.s.s.c.a.web.builders.WebSecurity       : You are asking Spring Security to ignore Ant [pattern='/swagger-ui.html']. This is not recommended -- please use permitAll via HttpSecurity#authorizeHttpRequests instead.
2025-10-16 17:11:35.047  INFO 23204 --- [restartedMain] o.s.s.web.DefaultSecurityFilterChain     : Will not secure Ant [pattern='/swagger-ui.html']
2025-10-16 17:11:35.048  WARN 23204 --- [restartedMain] o.s.s.c.a.web.builders.WebSecurity       : You are asking Spring Security to ignore Ant [pattern='/webjars/**']. This is not recommended -- please use permitAll via HttpSecurity#authorizeHttpRequests instead.
2025-10-16 17:11:35.048  INFO 23204 --- [restartedMain] o.s.s.web.DefaultSecurityFilterChain     : Will not secure Ant [pattern='/webjars/**']
2025-10-16 17:11:35.048  WARN 23204 --- [restartedMain] o.s.s.c.a.web.builders.WebSecurity       : You are asking Spring Security to ignore Ant [pattern='/v3/api-docs/**']. This is not recommended -- please use permitAll via HttpSecurity#authorizeHttpRequests instead.
2025-10-16 17:11:35.048  INFO 23204 --- [restartedMain] o.s.s.web.DefaultSecurityFilterChain     : Will not secure Ant [pattern='/v3/api-docs/**']
2025-10-16 17:11:35.048  WARN 23204 --- [restartedMain] o.s.s.c.a.web.builders.WebSecurity       : You are asking Spring Security to ignore Ant [pattern='/swagger-ui/**']. This is not recommended -- please use permitAll via HttpSecurity#authorizeHttpRequests instead.
2025-10-16 17:11:35.048  INFO 23204 --- [restartedMain] o.s.s.web.DefaultSecurityFilterChain     : Will not secure Ant [pattern='/swagger-ui/**']
2025-10-16 17:11:35.364  INFO 23204 --- [restartedMain] o.s.b.w.embedded.tomcat.TomcatWebServer  : Tomcat started on port(s): 8083 (http) with context path ''
2025-10-16 17:11:35.510  INFO 23204 --- [restartedMain] b.c.t.a.AuthServiceApplication           : Started AuthServiceApplication in 2.864 seconds (JVM running for 23029.114)
2025-10-16 17:11:35.513  INFO 23204 --- [restartedMain] .ConditionEvaluationDeltaLoggingListener : Condition evaluation unchanged
2025-10-16 17:11:49.200  INFO 23204 --- [Thread-9] j.LocalContainerEntityManagerFactoryBean : Closing JPA EntityManagerFactory for persistence unit 'default'
2025-10-16 17:11:49.201  INFO 23204 --- [Thread-9] com.zaxxer.hikari.HikariDataSource       : HikariPool-2 - Shutdown initiated...
2025-10-16 17:11:49.210  INFO 23204 --- [Thread-9] com.zaxxer.hikari.HikariDataSource       : HikariPool-2 - Shutdown completed.
2025-10-16 17:11:49.530  INFO 23204 --- [restartedMain] b.c.t.a.AuthServiceApplication           : Starting AuthServiceApplication using Java 17.0.12 on DESKTOP-HLR4AN3 with PID 23204 (C:\Users\tonyp\OneDrive\Documentos\curso_java\workspace\microsservicos-atendimento\atendimento-service\target\classes started by tonyp in C:\Users\tonyp\OneDrive\Documentos\curso_java\workspace\microsservicos-atendimento\atendimento-service)
2025-10-16 17:11:49.531  INFO 23204 --- [restartedMain] b.c.t.a.AuthServiceApplication           : No active profile set, falling back to 1 default profile: "default"
2025-10-16 17:11:49.927  INFO 23204 --- [restartedMain] .s.d.r.c.RepositoryConfigurationDelegate : Bootstrapping Spring Data JPA repositories in DEFAULT mode.
2025-10-16 17:11:49.953  INFO 23204 --- [restartedMain] .s.d.r.c.RepositoryConfigurationDelegate : Finished Spring Data repository scanning in 26 ms. Found 3 JPA repository interfaces.
2025-10-16 17:11:50.019  INFO 23204 --- [restartedMain] o.s.cloud.context.scope.GenericScope     : BeanFactory id=e3782361-5eb7-38d7-8416-ac2898fb879f
2025-10-16 17:11:50.117  INFO 23204 --- [restartedMain] o.s.b.w.embedded.tomcat.TomcatWebServer  : Tomcat initialized with port(s): 8083 (http)
2025-10-16 17:11:50.118  INFO 23204 --- [restartedMain] o.apache.catalina.core.StandardService   : Starting service [Tomcat]
2025-10-16 17:11:50.118  INFO 23204 --- [restartedMain] org.apache.catalina.core.StandardEngine  : Starting Servlet engine: [Apache Tomcat/9.0.63]
2025-10-16 17:11:50.146  INFO 23204 --- [restartedMain] o.a.c.c.C.[Tomcat].[localhost].[/]       : Initializing Spring embedded WebApplicationContext
2025-10-16 17:11:50.146  INFO 23204 --- [restartedMain] w.s.c.ServletWebServerApplicationContext : Root WebApplicationContext: initialization completed in 612 ms
2025-10-16 17:11:50.200  INFO 23204 --- [restartedMain] o.hibernate.jpa.internal.util.LogHelper  : HHH000204: Processing PersistenceUnitInfo [name: default]
2025-10-16 17:11:50.206  INFO 23204 --- [restartedMain] com.zaxxer.hikari.HikariDataSource       : HikariPool-3 - Starting...
2025-10-16 17:11:50.267  INFO 23204 --- [restartedMain] com.zaxxer.hikari.HikariDataSource       : HikariPool-3 - Start completed.
2025-10-16 17:11:50.268  INFO 23204 --- [restartedMain] org.hibernate.dialect.Dialect            : HHH000400: Using dialect: org.hibernate.dialect.PostgreSQLDialect
2025-10-16 17:11:50.390  INFO 23204 --- [restartedMain] o.h.e.t.j.p.i.JtaPlatformInitiator       : HHH000490: Using JtaPlatform implementation: [org.hibernate.engine.transaction.jta.platform.internal.NoJtaPlatform]
2025-10-16 17:11:50.391  INFO 23204 --- [restartedMain] j.LocalContainerEntityManagerFactoryBean : Initialized JPA EntityManagerFactory for persistence unit 'default'
2025-10-16 17:11:50.541  WARN 23204 --- [restartedMain] JpaBaseConfiguration$JpaWebConfiguration : spring.jpa.open-in-view is enabled by default. Therefore, database queries may be performed during view rendering. Explicitly configure spring.jpa.open-in-view to disable this warning
2025-10-16 17:11:50.566  INFO 23204 --- [restartedMain] o.s.b.d.a.OptionalLiveReloadServer       : LiveReload server is running on port 35729
2025-10-16 17:11:50.737  WARN 23204 --- [restartedMain] .s.s.UserDetailsServiceAutoConfiguration : 

Using generated security password: f4be354b-6685-49bf-bc00-165f772e667f

This generated password is for development use only. Your security configuration must be updated before running your application in production.

2025-10-16 17:11:50.754  INFO 23204 --- [restartedMain] o.s.s.web.DefaultSecurityFilterChain     : Will secure any request with [org.springframework.security.web.session.DisableEncodeUrlFilter@2b3d8eb9, org.springframework.security.web.context.request.async.WebAsyncManagerIntegrationFilter@3e8ba82e, org.springframework.security.web.context.SecurityContextPersistenceFilter@79190685, org.springframework.security.web.header.HeaderWriterFilter@21b36d12, org.springframework.security.web.authentication.logout.LogoutFilter@263bb622, br.com.tonypool.atendimento.security.JwtSecurity@76fd310b, org.springframework.security.web.savedrequest.RequestCacheAwareFilter@19662ecd, org.springframework.security.web.servletapi.SecurityContextHolderAwareRequestFilter@23870b0e, org.springframework.security.web.authentication.AnonymousAuthenticationFilter@6e5f7202, org.springframework.security.web.session.SessionManagementFilter@3a31c4af, org.springframework.security.web.access.ExceptionTranslationFilter@2d19b0c3, org.springframework.security.web.access.intercept.FilterSecurityInterceptor@23c77fa1]
2025-10-16 17:11:50.756  WARN 23204 --- [restartedMain] o.s.s.c.a.web.builders.WebSecurity       : You are asking Spring Security to ignore Ant [pattern='/v2/api-docs']. This is not recommended -- please use permitAll via HttpSecurity#authorizeHttpRequests instead.
2025-10-16 17:11:50.756  INFO 23204 --- [restartedMain] o.s.s.web.DefaultSecurityFilterChain     : Will not secure Ant [pattern='/v2/api-docs']
2025-10-16 17:11:50.757  WARN 23204 --- [restartedMain] o.s.s.c.a.web.builders.WebSecurity       : You are asking Spring Security to ignore Ant [pattern='/swagger-resources']. This is not recommended -- please use permitAll via HttpSecurity#authorizeHttpRequests instead.
2025-10-16 17:11:50.757  INFO 23204 --- [restartedMain] o.s.s.web.DefaultSecurityFilterChain     : Will not secure Ant [pattern='/swagger-resources']
2025-10-16 17:11:50.757  WARN 23204 --- [restartedMain] o.s.s.c.a.web.builders.WebSecurity       : You are asking Spring Security to ignore Ant [pattern='/swagger-resources/**']. This is not recommended -- please use permitAll via HttpSecurity#authorizeHttpRequests instead.
2025-10-16 17:11:50.757  INFO 23204 --- [restartedMain] o.s.s.web.DefaultSecurityFilterChain     : Will not secure Ant [pattern='/swagger-resources/**']
2025-10-16 17:11:50.757  WARN 23204 --- [restartedMain] o.s.s.c.a.web.builders.WebSecurity       : You are asking Spring Security to ignore Ant [pattern='/configuration/ui']. This is not recommended -- please use permitAll via HttpSecurity#authorizeHttpRequests instead.
2025-10-16 17:11:50.757  INFO 23204 --- [restartedMain] o.s.s.web.DefaultSecurityFilterChain     : Will not secure Ant [pattern='/configuration/ui']
2025-10-16 17:11:50.757  WARN 23204 --- [restartedMain] o.s.s.c.a.web.builders.WebSecurity       : You are asking Spring Security to ignore Ant [pattern='/configuration/security']. This is not recommended -- please use permitAll via HttpSecurity#authorizeHttpRequests instead.
2025-10-16 17:11:50.757  INFO 23204 --- [restartedMain] o.s.s.web.DefaultSecurityFilterChain     : Will not secure Ant [pattern='/configuration/security']
2025-10-16 17:11:50.757  WARN 23204 --- [restartedMain] o.s.s.c.a.web.builders.WebSecurity       : You are asking Spring Security to ignore Ant [pattern='/swagger-ui.html']. This is not recommended -- please use permitAll via HttpSecurity#authorizeHttpRequests instead.
2025-10-16 17:11:50.757  INFO 23204 --- [restartedMain] o.s.s.web.DefaultSecurityFilterChain     : Will not secure Ant [pattern='/swagger-ui.html']
2025-10-16 17:11:50.757  WARN 23204 --- [restartedMain] o.s.s.c.a.web.builders.WebSecurity       : You are asking Spring Security to ignore Ant [pattern='/webjars/**']. This is not recommended -- please use permitAll via HttpSecurity#authorizeHttpRequests instead.
2025-10-16 17:11:50.757  INFO 23204 --- [restartedMain] o.s.s.web.DefaultSecurityFilterChain     : Will not secure Ant [pattern='/webjars/**']
2025-10-16 17:11:50.757  WARN 23204 --- [restartedMain] o.s.s.c.a.web.builders.WebSecurity       : You are asking Spring Security to ignore Ant [pattern='/v3/api-docs/**']. This is not recommended -- please use permitAll via HttpSecurity#authorizeHttpRequests instead.
2025-10-16 17:11:50.757  INFO 23204 --- [restartedMain] o.s.s.web.DefaultSecurityFilterChain     : Will not secure Ant [pattern='/v3/api-docs/**']
2025-10-16 17:11:50.757  WARN 23204 --- [restartedMain] o.s.s.c.a.web.builders.WebSecurity       : You are asking Spring Security to ignore Ant [pattern='/swagger-ui/**']. This is not recommended -- please use permitAll via HttpSecurity#authorizeHttpRequests instead.
2025-10-16 17:11:50.758  INFO 23204 --- [restartedMain] o.s.s.web.DefaultSecurityFilterChain     : Will not secure Ant [pattern='/swagger-ui/**']
2025-10-16 17:11:51.059  INFO 23204 --- [restartedMain] o.s.b.w.embedded.tomcat.TomcatWebServer  : Tomcat started on port(s): 8083 (http) with context path ''
2025-10-16 17:11:51.195  INFO 23204 --- [restartedMain] b.c.t.a.AuthServiceApplication           : Started AuthServiceApplication in 1.872 seconds (JVM running for 23044.799)
2025-10-16 17:11:51.197  INFO 23204 --- [restartedMain] .ConditionEvaluationDeltaLoggingListener : Condition evaluation unchanged
2025-10-16 17:12:30.379  INFO 23204 --- [http-nio-8083-exec-1] o.a.c.c.C.[Tomcat].[localhost].[/]       : Initializing Spring DispatcherServlet 'dispatcherServlet'
2025-10-16 17:12:30.381  INFO 23204 --- [http-nio-8083-exec-1] o.s.web.servlet.DispatcherServlet        : Initializing Servlet 'dispatcherServlet'
2025-10-16 17:12:30.389  INFO 23204 --- [http-nio-8083-exec-1] o.s.web.servlet.DispatcherServlet        : Completed initialization in 8 ms
2025-10-16 17:15:47.587  INFO 23204 --- [Thread-15] j.LocalContainerEntityManagerFactoryBean : Closing JPA EntityManagerFactory for persistence unit 'default'
2025-10-16 17:15:47.588  INFO 23204 --- [Thread-15] com.zaxxer.hikari.HikariDataSource       : HikariPool-3 - Shutdown initiated...
2025-10-16 17:15:47.598  INFO 23204 --- [Thread-15] com.zaxxer.hikari.HikariDataSource       : HikariPool-3 - Shutdown completed.
2025-10-16 17:15:47.865  INFO 23204 --- [restartedMain] b.c.t.a.AuthServiceApplication           : Starting AuthServiceApplication using Java 17.0.12 on DESKTOP-HLR4AN3 with PID 23204 (C:\Users\tonyp\OneDrive\Documentos\curso_java\workspace\microsservicos-atendimento\atendimento-service\target\classes started by tonyp in C:\Users\tonyp\OneDrive\Documentos\curso_java\workspace\microsservicos-atendimento\atendimento-service)
2025-10-16 17:15:47.866  INFO 23204 --- [restartedMain] b.c.t.a.AuthServiceApplication           : No active profile set, falling back to 1 default profile: "default"
2025-10-16 17:15:48.505  INFO 23204 --- [restartedMain] .s.d.r.c.RepositoryConfigurationDelegate : Bootstrapping Spring Data JPA repositories in DEFAULT mode.
2025-10-16 17:15:48.531  INFO 23204 --- [restartedMain] .s.d.r.c.RepositoryConfigurationDelegate : Finished Spring Data repository scanning in 25 ms. Found 3 JPA repository interfaces.
2025-10-16 17:15:48.615  INFO 23204 --- [restartedMain] o.s.cloud.context.scope.GenericScope     : BeanFactory id=e3782361-5eb7-38d7-8416-ac2898fb879f
2025-10-16 17:15:48.701  INFO 23204 --- [restartedMain] o.s.b.w.embedded.tomcat.TomcatWebServer  : Tomcat initialized with port(s): 8083 (http)
2025-10-16 17:15:48.702  INFO 23204 --- [restartedMain] o.apache.catalina.core.StandardService   : Starting service [Tomcat]
2025-10-16 17:15:48.702  INFO 23204 --- [restartedMain] org.apache.catalina.core.StandardEngine  : Starting Servlet engine: [Apache Tomcat/9.0.63]
2025-10-16 17:15:48.727  INFO 23204 --- [restartedMain] o.a.c.c.C.[Tomcat].[localhost].[/]       : Initializing Spring embedded WebApplicationContext
2025-10-16 17:15:48.727  INFO 23204 --- [restartedMain] w.s.c.ServletWebServerApplicationContext : Root WebApplicationContext: initialization completed in 856 ms
2025-10-16 17:15:48.787  INFO 23204 --- [restartedMain] o.hibernate.jpa.internal.util.LogHelper  : HHH000204: Processing PersistenceUnitInfo [name: default]
2025-10-16 17:15:48.791  INFO 23204 --- [restartedMain] com.zaxxer.hikari.HikariDataSource       : HikariPool-4 - Starting...
2025-10-16 17:15:48.855  INFO 23204 --- [restartedMain] com.zaxxer.hikari.HikariDataSource       : HikariPool-4 - Start completed.
2025-10-16 17:15:48.856  INFO 23204 --- [restartedMain] org.hibernate.dialect.Dialect            : HHH000400: Using dialect: org.hibernate.dialect.PostgreSQLDialect
2025-10-16 17:15:48.971  INFO 23204 --- [restartedMain] o.h.e.t.j.p.i.JtaPlatformInitiator       : HHH000490: Using JtaPlatform implementation: [org.hibernate.engine.transaction.jta.platform.internal.NoJtaPlatform]
2025-10-16 17:15:48.971  INFO 23204 --- [restartedMain] j.LocalContainerEntityManagerFactoryBean : Initialized JPA EntityManagerFactory for persistence unit 'default'
2025-10-16 17:15:49.120  WARN 23204 --- [restartedMain] JpaBaseConfiguration$JpaWebConfiguration : spring.jpa.open-in-view is enabled by default. Therefore, database queries may be performed during view rendering. Explicitly configure spring.jpa.open-in-view to disable this warning
2025-10-16 17:15:49.144  INFO 23204 --- [restartedMain] o.s.b.d.a.OptionalLiveReloadServer       : LiveReload server is running on port 35729
2025-10-16 17:15:49.324  WARN 23204 --- [restartedMain] .s.s.UserDetailsServiceAutoConfiguration : 

Using generated security password: 44412ba8-f146-4523-b11c-d2eae105c333

This generated password is for development use only. Your security configuration must be updated before running your application in production.

2025-10-16 17:15:49.344  INFO 23204 --- [restartedMain] o.s.s.web.DefaultSecurityFilterChain     : Will secure any request with [org.springframework.security.web.session.DisableEncodeUrlFilter@5484a4e8, org.springframework.security.web.context.request.async.WebAsyncManagerIntegrationFilter@1d120748, org.springframework.security.web.context.SecurityContextPersistenceFilter@d65973e, org.springframework.security.web.header.HeaderWriterFilter@7e64f34e, org.springframework.security.web.authentication.logout.LogoutFilter@1f12d513, br.com.tonypool.atendimento.security.JwtSecurity@f2ed1b2, org.springframework.security.web.savedrequest.RequestCacheAwareFilter@5aa4fbf8, org.springframework.security.web.servletapi.SecurityContextHolderAwareRequestFilter@3839d61, org.springframework.security.web.authentication.AnonymousAuthenticationFilter@76d15655, org.springframework.security.web.session.SessionManagementFilter@78b8bd23, org.springframework.security.web.access.ExceptionTranslationFilter@208ef311, org.springframework.security.web.access.intercept.FilterSecurityInterceptor@4d868012]
2025-10-16 17:15:49.347  WARN 23204 --- [restartedMain] o.s.s.c.a.web.builders.WebSecurity       : You are asking Spring Security to ignore Ant [pattern='/v2/api-docs']. This is not recommended -- please use permitAll via HttpSecurity#authorizeHttpRequests instead.
2025-10-16 17:15:49.348  INFO 23204 --- [restartedMain] o.s.s.web.DefaultSecurityFilterChain     : Will not secure Ant [pattern='/v2/api-docs']
2025-10-16 17:15:49.348  WARN 23204 --- [restartedMain] o.s.s.c.a.web.builders.WebSecurity       : You are asking Spring Security to ignore Ant [pattern='/swagger-resources']. This is not recommended -- please use permitAll via HttpSecurity#authorizeHttpRequests instead.
2025-10-16 17:15:49.348  INFO 23204 --- [restartedMain] o.s.s.web.DefaultSecurityFilterChain     : Will not secure Ant [pattern='/swagger-resources']
2025-10-16 17:15:49.349  WARN 23204 --- [restartedMain] o.s.s.c.a.web.builders.WebSecurity       : You are asking Spring Security to ignore Ant [pattern='/swagger-resources/**']. This is not recommended -- please use permitAll via HttpSecurity#authorizeHttpRequests instead.
2025-10-16 17:15:49.349  INFO 23204 --- [restartedMain] o.s.s.web.DefaultSecurityFilterChain     : Will not secure Ant [pattern='/swagger-resources/**']
2025-10-16 17:15:49.349  WARN 23204 --- [restartedMain] o.s.s.c.a.web.builders.WebSecurity       : You are asking Spring Security to ignore Ant [pattern='/configuration/ui']. This is not recommended -- please use permitAll via HttpSecurity#authorizeHttpRequests instead.
2025-10-16 17:15:49.349  INFO 23204 --- [restartedMain] o.s.s.web.DefaultSecurityFilterChain     : Will not secure Ant [pattern='/configuration/ui']
2025-10-16 17:15:49.349  WARN 23204 --- [restartedMain] o.s.s.c.a.web.builders.WebSecurity       : You are asking Spring Security to ignore Ant [pattern='/configuration/security']. This is not recommended -- please use permitAll via HttpSecurity#authorizeHttpRequests instead.
2025-10-16 17:15:49.349  INFO 23204 --- [restartedMain] o.s.s.web.DefaultSecurityFilterChain     : Will not secure Ant [pattern='/configuration/security']
2025-10-16 17:15:49.349  WARN 23204 --- [restartedMain] o.s.s.c.a.web.builders.WebSecurity       : You are asking Spring Security to ignore Ant [pattern='/swagger-ui.html']. This is not recommended -- please use permitAll via HttpSecurity#authorizeHttpRequests instead.
2025-10-16 17:15:49.349  INFO 23204 --- [restartedMain] o.s.s.web.DefaultSecurityFilterChain     : Will not secure Ant [pattern='/swagger-ui.html']
2025-10-16 17:15:49.349  WARN 23204 --- [restartedMain] o.s.s.c.a.web.builders.WebSecurity       : You are asking Spring Security to ignore Ant [pattern='/webjars/**']. This is not recommended -- please use permitAll via HttpSecurity#authorizeHttpRequests instead.
2025-10-16 17:15:49.349  INFO 23204 --- [restartedMain] o.s.s.web.DefaultSecurityFilterChain     : Will not secure Ant [pattern='/webjars/**']
2025-10-16 17:15:49.349  WARN 23204 --- [restartedMain] o.s.s.c.a.web.builders.WebSecurity       : You are asking Spring Security to ignore Ant [pattern='/v3/api-docs/**']. This is not recommended -- please use permitAll via HttpSecurity#authorizeHttpRequests instead.
2025-10-16 17:15:49.349  INFO 23204 --- [restartedMain] o.s.s.web.DefaultSecurityFilterChain     : Will not secure Ant [pattern='/v3/api-docs/**']
2025-10-16 17:15:49.349  WARN 23204 --- [restartedMain] o.s.s.c.a.web.builders.WebSecurity       : You are asking Spring Security to ignore Ant [pattern='/swagger-ui/**']. This is not recommended -- please use permitAll via HttpSecurity#authorizeHttpRequests instead.
2025-10-16 17:15:49.349  INFO 23204 --- [restartedMain] o.s.s.web.DefaultSecurityFilterChain     : Will not secure Ant [pattern='/swagger-ui/**']
2025-10-16 17:15:49.650  INFO 23204 --- [restartedMain] o.s.b.w.embedded.tomcat.TomcatWebServer  : Tomcat started on port(s): 8083 (http) with context path ''
2025-10-16 17:15:49.791  INFO 23204 --- [restartedMain] b.c.t.a.AuthServiceApplication           : Started AuthServiceApplication in 2.118 seconds (JVM running for 23283.396)
2025-10-16 17:15:49.793  INFO 23204 --- [restartedMain] .ConditionEvaluationDeltaLoggingListener : Condition evaluation unchanged
2025-10-16 17:16:50.864  INFO 23204 --- [http-nio-8083-exec-1] o.a.c.c.C.[Tomcat].[localhost].[/]       : Initializing Spring DispatcherServlet 'dispatcherServlet'
2025-10-16 17:16:50.866  INFO 23204 --- [http-nio-8083-exec-1] o.s.web.servlet.DispatcherServlet        : Initializing Servlet 'dispatcherServlet'
2025-10-16 17:16:50.874  INFO 23204 --- [http-nio-8083-exec-1] o.s.web.servlet.DispatcherServlet        : Completed initialization in 8 ms
2025-10-16 17:16:57.680  INFO 23204 --- [http-nio-8083-exec-6] b.c.t.a.c.AtendimentosController         : Serviços do profissional: [4, 5]
2025-10-16 17:16:57.680  INFO 23204 --- [http-nio-8083-exec-6] b.c.t.a.c.AtendimentosController         : Serviço solicitado: 1
2025-10-16 17:16:57.680  WARN 23204 --- [http-nio-8083-exec-6] b.c.t.a.c.AtendimentosController         : Tentativa de reagendar para profissional que não faz o serviço. Atendimento id: 18, Profissional id: 43, Serviço id: 1
2025-10-16 17:17:29.416  INFO 23204 --- [http-nio-8083-exec-4] b.c.t.a.c.AtendimentosController         : Serviços do profissional: [4, 5]
2025-10-16 17:17:29.416  INFO 23204 --- [http-nio-8083-exec-4] b.c.t.a.c.AtendimentosController         : Serviço solicitado: 4
2025-10-16 17:17:29.416  INFO 23204 --- [http-nio-8083-exec-4] b.c.t.a.c.AtendimentosController         : Reagendamento permitido. Atendimento id: 18 será salvo.
2025-10-16 17:20:25.655  INFO 23204 --- [Thread-21] j.LocalContainerEntityManagerFactoryBean : Closing JPA EntityManagerFactory for persistence unit 'default'
2025-10-16 17:20:25.656  INFO 23204 --- [Thread-21] com.zaxxer.hikari.HikariDataSource       : HikariPool-4 - Shutdown initiated...
2025-10-16 17:20:25.669  INFO 23204 --- [Thread-21] com.zaxxer.hikari.HikariDataSource       : HikariPool-4 - Shutdown completed.
2025-10-16 17:20:26.046  INFO 23204 --- [restartedMain] b.c.t.a.AuthServiceApplication           : Starting AuthServiceApplication using Java 17.0.12 on DESKTOP-HLR4AN3 with PID 23204 (C:\Users\tonyp\OneDrive\Documentos\curso_java\workspace\microsservicos-atendimento\atendimento-service\target\classes started by tonyp in C:\Users\tonyp\OneDrive\Documentos\curso_java\workspace\microsservicos-atendimento\atendimento-service)
2025-10-16 17:20:26.046  INFO 23204 --- [restartedMain] b.c.t.a.AuthServiceApplication           : No active profile set, falling back to 1 default profile: "default"
2025-10-16 17:20:26.703  INFO 23204 --- [restartedMain] .s.d.r.c.RepositoryConfigurationDelegate : Bootstrapping Spring Data JPA repositories in DEFAULT mode.
2025-10-16 17:20:26.736  INFO 23204 --- [restartedMain] .s.d.r.c.RepositoryConfigurationDelegate : Finished Spring Data repository scanning in 32 ms. Found 3 JPA repository interfaces.
2025-10-16 17:20:26.876  INFO 23204 --- [restartedMain] o.s.cloud.context.scope.GenericScope     : BeanFactory id=e3782361-5eb7-38d7-8416-ac2898fb879f
2025-10-16 17:20:28.206  INFO 23204 --- [restartedMain] o.s.b.w.embedded.tomcat.TomcatWebServer  : Tomcat initialized with port(s): 8083 (http)
2025-10-16 17:20:28.207  INFO 23204 --- [restartedMain] o.apache.catalina.core.StandardService   : Starting service [Tomcat]
2025-10-16 17:20:28.207  INFO 23204 --- [restartedMain] org.apache.catalina.core.StandardEngine  : Starting Servlet engine: [Apache Tomcat/9.0.63]
2025-10-16 17:20:28.277  INFO 23204 --- [restartedMain] o.a.c.c.C.[Tomcat].[localhost].[/]       : Initializing Spring embedded WebApplicationContext
2025-10-16 17:20:28.277  INFO 23204 --- [restartedMain] w.s.c.ServletWebServerApplicationContext : Root WebApplicationContext: initialization completed in 2225 ms
2025-10-16 17:20:28.346  INFO 23204 --- [restartedMain] o.hibernate.jpa.internal.util.LogHelper  : HHH000204: Processing PersistenceUnitInfo [name: default]
2025-10-16 17:20:28.355  INFO 23204 --- [restartedMain] com.zaxxer.hikari.HikariDataSource       : HikariPool-5 - Starting...
2025-10-16 17:20:28.427  INFO 23204 --- [restartedMain] com.zaxxer.hikari.HikariDataSource       : HikariPool-5 - Start completed.
2025-10-16 17:20:28.427  INFO 23204 --- [restartedMain] org.hibernate.dialect.Dialect            : HHH000400: Using dialect: org.hibernate.dialect.PostgreSQLDialect
2025-10-16 17:20:28.554  INFO 23204 --- [restartedMain] o.h.e.t.j.p.i.JtaPlatformInitiator       : HHH000490: Using JtaPlatform implementation: [org.hibernate.engine.transaction.jta.platform.internal.NoJtaPlatform]
2025-10-16 17:20:28.554  INFO 23204 --- [restartedMain] j.LocalContainerEntityManagerFactoryBean : Initialized JPA EntityManagerFactory for persistence unit 'default'
2025-10-16 17:20:28.739  WARN 23204 --- [restartedMain] JpaBaseConfiguration$JpaWebConfiguration : spring.jpa.open-in-view is enabled by default. Therefore, database queries may be performed during view rendering. Explicitly configure spring.jpa.open-in-view to disable this warning
2025-10-16 17:20:28.772  INFO 23204 --- [restartedMain] o.s.b.d.a.OptionalLiveReloadServer       : LiveReload server is running on port 35729
2025-10-16 17:20:28.974  WARN 23204 --- [restartedMain] .s.s.UserDetailsServiceAutoConfiguration : 

Using generated security password: 903a7e3e-b7f2-4224-9705-2e896a1be55b

This generated password is for development use only. Your security configuration must be updated before running your application in production.

2025-10-16 17:20:29.001  INFO 23204 --- [restartedMain] o.s.s.web.DefaultSecurityFilterChain     : Will secure any request with [org.springframework.security.web.session.DisableEncodeUrlFilter@4e4ed449, org.springframework.security.web.context.request.async.WebAsyncManagerIntegrationFilter@170eb449, org.springframework.security.web.context.SecurityContextPersistenceFilter@18dd3bfe, org.springframework.security.web.header.HeaderWriterFilter@5fbede51, org.springframework.security.web.authentication.logout.LogoutFilter@167ef7b4, br.com.tonypool.atendimento.security.JwtSecurity@786d68aa, org.springframework.security.web.savedrequest.RequestCacheAwareFilter@2614497a, org.springframework.security.web.servletapi.SecurityContextHolderAwareRequestFilter@ff147bf, org.springframework.security.web.authentication.AnonymousAuthenticationFilter@76ce2cbd, org.springframework.security.web.session.SessionManagementFilter@5f56e851, org.springframework.security.web.access.ExceptionTranslationFilter@2003ce99, org.springframework.security.web.access.intercept.FilterSecurityInterceptor@5e9a06fc]
2025-10-16 17:20:29.002  WARN 23204 --- [restartedMain] o.s.s.c.a.web.builders.WebSecurity       : You are asking Spring Security to ignore Ant [pattern='/v2/api-docs']. This is not recommended -- please use permitAll via HttpSecurity#authorizeHttpRequests instead.
2025-10-16 17:20:29.002  INFO 23204 --- [restartedMain] o.s.s.web.DefaultSecurityFilterChain     : Will not secure Ant [pattern='/v2/api-docs']
2025-10-16 17:20:29.002  WARN 23204 --- [restartedMain] o.s.s.c.a.web.builders.WebSecurity       : You are asking Spring Security to ignore Ant [pattern='/swagger-resources']. This is not recommended -- please use permitAll via HttpSecurity#authorizeHttpRequests instead.
2025-10-16 17:20:29.003  INFO 23204 --- [restartedMain] o.s.s.web.DefaultSecurityFilterChain     : Will not secure Ant [pattern='/swagger-resources']
2025-10-16 17:20:29.003  WARN 23204 --- [restartedMain] o.s.s.c.a.web.builders.WebSecurity       : You are asking Spring Security to ignore Ant [pattern='/swagger-resources/**']. This is not recommended -- please use permitAll via HttpSecurity#authorizeHttpRequests instead.
2025-10-16 17:20:29.003  INFO 23204 --- [restartedMain] o.s.s.web.DefaultSecurityFilterChain     : Will not secure Ant [pattern='/swagger-resources/**']
2025-10-16 17:20:29.003  WARN 23204 --- [restartedMain] o.s.s.c.a.web.builders.WebSecurity       : You are asking Spring Security to ignore Ant [pattern='/configuration/ui']. This is not recommended -- please use permitAll via HttpSecurity#authorizeHttpRequests instead.
2025-10-16 17:20:29.003  INFO 23204 --- [restartedMain] o.s.s.web.DefaultSecurityFilterChain     : Will not secure Ant [pattern='/configuration/ui']
2025-10-16 17:20:29.003  WARN 23204 --- [restartedMain] o.s.s.c.a.web.builders.WebSecurity       : You are asking Spring Security to ignore Ant [pattern='/configuration/security']. This is not recommended -- please use permitAll via HttpSecurity#authorizeHttpRequests instead.
2025-10-16 17:20:29.003  INFO 23204 --- [restartedMain] o.s.s.web.DefaultSecurityFilterChain     : Will not secure Ant [pattern='/configuration/security']
2025-10-16 17:20:29.003  WARN 23204 --- [restartedMain] o.s.s.c.a.web.builders.WebSecurity       : You are asking Spring Security to ignore Ant [pattern='/swagger-ui.html']. This is not recommended -- please use permitAll via HttpSecurity#authorizeHttpRequests instead.
2025-10-16 17:20:29.003  INFO 23204 --- [restartedMain] o.s.s.web.DefaultSecurityFilterChain     : Will not secure Ant [pattern='/swagger-ui.html']
2025-10-16 17:20:29.003  WARN 23204 --- [restartedMain] o.s.s.c.a.web.builders.WebSecurity       : You are asking Spring Security to ignore Ant [pattern='/webjars/**']. This is not recommended -- please use permitAll via HttpSecurity#authorizeHttpRequests instead.
2025-10-16 17:20:29.003  INFO 23204 --- [restartedMain] o.s.s.web.DefaultSecurityFilterChain     : Will not secure Ant [pattern='/webjars/**']
2025-10-16 17:20:29.003  WARN 23204 --- [restartedMain] o.s.s.c.a.web.builders.WebSecurity       : You are asking Spring Security to ignore Ant [pattern='/v3/api-docs/**']. This is not recommended -- please use permitAll via HttpSecurity#authorizeHttpRequests instead.
2025-10-16 17:20:29.003  INFO 23204 --- [restartedMain] o.s.s.web.DefaultSecurityFilterChain     : Will not secure Ant [pattern='/v3/api-docs/**']
2025-10-16 17:20:29.003  WARN 23204 --- [restartedMain] o.s.s.c.a.web.builders.WebSecurity       : You are asking Spring Security to ignore Ant [pattern='/swagger-ui/**']. This is not recommended -- please use permitAll via HttpSecurity#authorizeHttpRequests instead.
2025-10-16 17:20:29.003  INFO 23204 --- [restartedMain] o.s.s.web.DefaultSecurityFilterChain     : Will not secure Ant [pattern='/swagger-ui/**']
2025-10-16 17:20:29.301  INFO 23204 --- [restartedMain] o.s.b.w.embedded.tomcat.TomcatWebServer  : Tomcat started on port(s): 8083 (http) with context path ''
2025-10-16 17:20:29.454  INFO 23204 --- [restartedMain] b.c.t.a.AuthServiceApplication           : Started AuthServiceApplication in 3.707 seconds (JVM running for 23563.058)
2025-10-16 17:20:29.456  INFO 23204 --- [restartedMain] .ConditionEvaluationDeltaLoggingListener : Condition evaluation unchanged
2025-10-16 17:23:24.155  INFO 23204 --- [http-nio-8083-exec-2] o.a.c.c.C.[Tomcat].[localhost].[/]       : Initializing Spring DispatcherServlet 'dispatcherServlet'
2025-10-16 17:23:24.157  INFO 23204 --- [http-nio-8083-exec-2] o.s.web.servlet.DispatcherServlet        : Initializing Servlet 'dispatcherServlet'
2025-10-16 17:23:24.165  INFO 23204 --- [http-nio-8083-exec-2] o.s.web.servlet.DispatcherServlet        : Completed initialization in 8 ms
2025-10-16 17:23:32.518  INFO 23204 --- [http-nio-8083-exec-7] b.c.t.a.c.AtendimentosController         : Serviços do profissional: [4, 5]
2025-10-16 17:23:32.518  INFO 23204 --- [http-nio-8083-exec-7] b.c.t.a.c.AtendimentosController         : Serviço solicitado: 2
2025-10-16 17:23:32.518  WARN 23204 --- [http-nio-8083-exec-7] b.c.t.a.c.AtendimentosController         : Tentativa de reagendar para profissional que não faz o serviço. Atendimento id: 18, Profissional id: 43, Serviço id: 2
2025-10-16 17:24:15.744  INFO 23204 --- [http-nio-8083-exec-7] b.c.t.a.c.AtendimentosController         : Serviços do profissional: [4, 5]
2025-10-16 17:24:15.744  INFO 23204 --- [http-nio-8083-exec-7] b.c.t.a.c.AtendimentosController         : Serviço solicitado: 9
2025-10-16 17:24:15.744  WARN 23204 --- [http-nio-8083-exec-7] b.c.t.a.c.AtendimentosController         : Tentativa de reagendar para profissional que não faz o serviço. Atendimento id: 18, Profissional id: 43, Serviço id: 9
2025-10-16 17:25:46.697  INFO 23204 --- [Thread-27] j.LocalContainerEntityManagerFactoryBean : Closing JPA EntityManagerFactory for persistence unit 'default'
2025-10-16 17:25:46.700  INFO 23204 --- [Thread-27] com.zaxxer.hikari.HikariDataSource       : HikariPool-5 - Shutdown initiated...
2025-10-16 17:25:46.704  INFO 23204 --- [Thread-27] com.zaxxer.hikari.HikariDataSource       : HikariPool-5 - Shutdown completed.
2025-10-16 17:25:47.063  INFO 23204 --- [restartedMain] b.c.t.a.AuthServiceApplication           : Starting AuthServiceApplication using Java 17.0.12 on DESKTOP-HLR4AN3 with PID 23204 (C:\Users\tonyp\OneDrive\Documentos\curso_java\workspace\microsservicos-atendimento\atendimento-service\target\classes started by tonyp in C:\Users\tonyp\OneDrive\Documentos\curso_java\workspace\microsservicos-atendimento\atendimento-service)
2025-10-16 17:25:47.064  INFO 23204 --- [restartedMain] b.c.t.a.AuthServiceApplication           : No active profile set, falling back to 1 default profile: "default"
2025-10-16 17:25:47.614  INFO 23204 --- [restartedMain] .s.d.r.c.RepositoryConfigurationDelegate : Bootstrapping Spring Data JPA repositories in DEFAULT mode.
2025-10-16 17:25:47.633  INFO 23204 --- [restartedMain] .s.d.r.c.RepositoryConfigurationDelegate : Finished Spring Data repository scanning in 18 ms. Found 3 JPA repository interfaces.
2025-10-16 17:25:47.730  INFO 23204 --- [restartedMain] o.s.cloud.context.scope.GenericScope     : BeanFactory id=e3782361-5eb7-38d7-8416-ac2898fb879f
2025-10-16 17:25:49.110  INFO 23204 --- [restartedMain] o.s.b.w.embedded.tomcat.TomcatWebServer  : Tomcat initialized with port(s): 8083 (http)
2025-10-16 17:25:49.111  INFO 23204 --- [restartedMain] o.apache.catalina.core.StandardService   : Starting service [Tomcat]
2025-10-16 17:25:49.111  INFO 23204 --- [restartedMain] org.apache.catalina.core.StandardEngine  : Starting Servlet engine: [Apache Tomcat/9.0.63]
2025-10-16 17:25:49.136  INFO 23204 --- [restartedMain] o.a.c.c.C.[Tomcat].[localhost].[/]       : Initializing Spring embedded WebApplicationContext
2025-10-16 17:25:49.136  INFO 23204 --- [restartedMain] w.s.c.ServletWebServerApplicationContext : Root WebApplicationContext: initialization completed in 2065 ms
2025-10-16 17:25:49.189  INFO 23204 --- [restartedMain] o.hibernate.jpa.internal.util.LogHelper  : HHH000204: Processing PersistenceUnitInfo [name: default]
2025-10-16 17:25:49.194  INFO 23204 --- [restartedMain] com.zaxxer.hikari.HikariDataSource       : HikariPool-6 - Starting...
2025-10-16 17:25:49.256  INFO 23204 --- [restartedMain] com.zaxxer.hikari.HikariDataSource       : HikariPool-6 - Start completed.
2025-10-16 17:25:49.256  INFO 23204 --- [restartedMain] org.hibernate.dialect.Dialect            : HHH000400: Using dialect: org.hibernate.dialect.PostgreSQLDialect
2025-10-16 17:25:49.366  INFO 23204 --- [restartedMain] o.h.e.t.j.p.i.JtaPlatformInitiator       : HHH000490: Using JtaPlatform implementation: [org.hibernate.engine.transaction.jta.platform.internal.NoJtaPlatform]
2025-10-16 17:25:49.366  INFO 23204 --- [restartedMain] j.LocalContainerEntityManagerFactoryBean : Initialized JPA EntityManagerFactory for persistence unit 'default'
2025-10-16 17:25:49.519  WARN 23204 --- [restartedMain] JpaBaseConfiguration$JpaWebConfiguration : spring.jpa.open-in-view is enabled by default. Therefore, database queries may be performed during view rendering. Explicitly configure spring.jpa.open-in-view to disable this warning
2025-10-16 17:25:49.540  INFO 23204 --- [restartedMain] o.s.b.d.a.OptionalLiveReloadServer       : LiveReload server is running on port 35729
2025-10-16 17:25:49.711  WARN 23204 --- [restartedMain] .s.s.UserDetailsServiceAutoConfiguration : 

Using generated security password: ea4e9ccf-74d6-45f9-b4b8-f792659b3691

This generated password is for development use only. Your security configuration must be updated before running your application in production.

2025-10-16 17:25:49.733  INFO 23204 --- [restartedMain] o.s.s.web.DefaultSecurityFilterChain     : Will secure any request with [org.springframework.security.web.session.DisableEncodeUrlFilter@21d8d626, org.springframework.security.web.context.request.async.WebAsyncManagerIntegrationFilter@54b2547e, org.springframework.security.web.context.SecurityContextPersistenceFilter@2dda193, org.springframework.security.web.header.HeaderWriterFilter@170e4e63, org.springframework.security.web.authentication.logout.LogoutFilter@2f6ed556, br.com.tonypool.atendimento.security.JwtSecurity@75dc86d9, org.springframework.security.web.savedrequest.RequestCacheAwareFilter@22e21eb9, org.springframework.security.web.servletapi.SecurityContextHolderAwareRequestFilter@47fa31d0, org.springframework.security.web.authentication.AnonymousAuthenticationFilter@14c6c485, org.springframework.security.web.session.SessionManagementFilter@34a66178, org.springframework.security.web.access.ExceptionTranslationFilter@695928d1, org.springframework.security.web.access.intercept.FilterSecurityInterceptor@484527c0]
2025-10-16 17:25:49.736  WARN 23204 --- [restartedMain] o.s.s.c.a.web.builders.WebSecurity       : You are asking Spring Security to ignore Ant [pattern='/v2/api-docs']. This is not recommended -- please use permitAll via HttpSecurity#authorizeHttpRequests instead.
2025-10-16 17:25:49.736  INFO 23204 --- [restartedMain] o.s.s.web.DefaultSecurityFilterChain     : Will not secure Ant [pattern='/v2/api-docs']
2025-10-16 17:25:49.736  WARN 23204 --- [restartedMain] o.s.s.c.a.web.builders.WebSecurity       : You are asking Spring Security to ignore Ant [pattern='/swagger-resources']. This is not recommended -- please use permitAll via HttpSecurity#authorizeHttpRequests instead.
2025-10-16 17:25:49.736  INFO 23204 --- [restartedMain] o.s.s.web.DefaultSecurityFilterChain     : Will not secure Ant [pattern='/swagger-resources']
2025-10-16 17:25:49.736  WARN 23204 --- [restartedMain] o.s.s.c.a.web.builders.WebSecurity       : You are asking Spring Security to ignore Ant [pattern='/swagger-resources/**']. This is not recommended -- please use permitAll via HttpSecurity#authorizeHttpRequests instead.
2025-10-16 17:25:49.736  INFO 23204 --- [restartedMain] o.s.s.web.DefaultSecurityFilterChain     : Will not secure Ant [pattern='/swagger-resources/**']
2025-10-16 17:25:49.736  WARN 23204 --- [restartedMain] o.s.s.c.a.web.builders.WebSecurity       : You are asking Spring Security to ignore Ant [pattern='/configuration/ui']. This is not recommended -- please use permitAll via HttpSecurity#authorizeHttpRequests instead.
2025-10-16 17:25:49.736  INFO 23204 --- [restartedMain] o.s.s.web.DefaultSecurityFilterChain     : Will not secure Ant [pattern='/configuration/ui']
2025-10-16 17:25:49.736  WARN 23204 --- [restartedMain] o.s.s.c.a.web.builders.WebSecurity       : You are asking Spring Security to ignore Ant [pattern='/configuration/security']. This is not recommended -- please use permitAll via HttpSecurity#authorizeHttpRequests instead.
2025-10-16 17:25:49.736  INFO 23204 --- [restartedMain] o.s.s.web.DefaultSecurityFilterChain     : Will not secure Ant [pattern='/configuration/security']
2025-10-16 17:25:49.736  WARN 23204 --- [restartedMain] o.s.s.c.a.web.builders.WebSecurity       : You are asking Spring Security to ignore Ant [pattern='/swagger-ui.html']. This is not recommended -- please use permitAll via HttpSecurity#authorizeHttpRequests instead.
2025-10-16 17:25:49.736  INFO 23204 --- [restartedMain] o.s.s.web.DefaultSecurityFilterChain     : Will not secure Ant [pattern='/swagger-ui.html']
2025-10-16 17:25:49.737  WARN 23204 --- [restartedMain] o.s.s.c.a.web.builders.WebSecurity       : You are asking Spring Security to ignore Ant [pattern='/webjars/**']. This is not recommended -- please use permitAll via HttpSecurity#authorizeHttpRequests instead.
2025-10-16 17:25:49.737  INFO 23204 --- [restartedMain] o.s.s.web.DefaultSecurityFilterChain     : Will not secure Ant [pattern='/webjars/**']
2025-10-16 17:25:49.737  WARN 23204 --- [restartedMain] o.s.s.c.a.web.builders.WebSecurity       : You are asking Spring Security to ignore Ant [pattern='/v3/api-docs/**']. This is not recommended -- please use permitAll via HttpSecurity#authorizeHttpRequests instead.
2025-10-16 17:25:49.737  INFO 23204 --- [restartedMain] o.s.s.web.DefaultSecurityFilterChain     : Will not secure Ant [pattern='/v3/api-docs/**']
2025-10-16 17:25:49.737  WARN 23204 --- [restartedMain] o.s.s.c.a.web.builders.WebSecurity       : You are asking Spring Security to ignore Ant [pattern='/swagger-ui/**']. This is not recommended -- please use permitAll via HttpSecurity#authorizeHttpRequests instead.
2025-10-16 17:25:49.737  INFO 23204 --- [restartedMain] o.s.s.web.DefaultSecurityFilterChain     : Will not secure Ant [pattern='/swagger-ui/**']
2025-10-16 17:25:50.025  INFO 23204 --- [restartedMain] o.s.b.w.embedded.tomcat.TomcatWebServer  : Tomcat started on port(s): 8083 (http) with context path ''
2025-10-16 17:25:50.155  INFO 23204 --- [restartedMain] b.c.t.a.AuthServiceApplication           : Started AuthServiceApplication in 3.316 seconds (JVM running for 23883.76)
2025-10-16 17:25:50.157  INFO 23204 --- [restartedMain] .ConditionEvaluationDeltaLoggingListener : Condition evaluation unchanged
2025-10-16 17:26:19.328  INFO 23204 --- [http-nio-8083-exec-2] o.a.c.c.C.[Tomcat].[localhost].[/]       : Initializing Spring DispatcherServlet 'dispatcherServlet'
2025-10-16 17:26:19.329  INFO 23204 --- [http-nio-8083-exec-2] o.s.web.servlet.DispatcherServlet        : Initializing Servlet 'dispatcherServlet'
2025-10-16 17:26:19.333  INFO 23204 --- [http-nio-8083-exec-2] o.s.web.servlet.DispatcherServlet        : Completed initialization in 4 ms
2025-10-16 17:26:22.821  INFO 23204 --- [http-nio-8083-exec-7] b.c.t.a.c.AtendimentosController         : Serviços do profissional: [4, 5]
2025-10-16 17:26:22.821  INFO 23204 --- [http-nio-8083-exec-7] b.c.t.a.c.AtendimentosController         : Serviço solicitado: 1
2025-10-16 17:26:22.823  WARN 23204 --- [http-nio-8083-exec-7] b.c.t.a.c.AtendimentosController         : Tentativa de reagendar para profissional que não faz o serviço. Atendimento id: 18, Profissional id: 43, Serviço id: 1
2025-10-16 17:28:35.296  INFO 23204 --- [Thread-33] j.LocalContainerEntityManagerFactoryBean : Closing JPA EntityManagerFactory for persistence unit 'default'
2025-10-16 17:28:35.297  INFO 23204 --- [Thread-33] com.zaxxer.hikari.HikariDataSource       : HikariPool-6 - Shutdown initiated...
2025-10-16 17:28:35.310  INFO 23204 --- [Thread-33] com.zaxxer.hikari.HikariDataSource       : HikariPool-6 - Shutdown completed.
2025-10-16 17:28:35.617  INFO 23204 --- [restartedMain] b.c.t.a.AuthServiceApplication           : Starting AuthServiceApplication using Java 17.0.12 on DESKTOP-HLR4AN3 with PID 23204 (C:\Users\tonyp\OneDrive\Documentos\curso_java\workspace\microsservicos-atendimento\atendimento-service\target\classes started by tonyp in C:\Users\tonyp\OneDrive\Documentos\curso_java\workspace\microsservicos-atendimento\atendimento-service)
2025-10-16 17:28:35.617  INFO 23204 --- [restartedMain] b.c.t.a.AuthServiceApplication           : No active profile set, falling back to 1 default profile: "default"
2025-10-16 17:28:35.983  INFO 23204 --- [restartedMain] .s.d.r.c.RepositoryConfigurationDelegate : Bootstrapping Spring Data JPA repositories in DEFAULT mode.
2025-10-16 17:28:36.001  INFO 23204 --- [restartedMain] .s.d.r.c.RepositoryConfigurationDelegate : Finished Spring Data repository scanning in 17 ms. Found 3 JPA repository interfaces.
2025-10-16 17:28:36.062  INFO 23204 --- [restartedMain] o.s.cloud.context.scope.GenericScope     : BeanFactory id=e3782361-5eb7-38d7-8416-ac2898fb879f
2025-10-16 17:28:36.149  INFO 23204 --- [restartedMain] o.s.b.w.embedded.tomcat.TomcatWebServer  : Tomcat initialized with port(s): 8083 (http)
2025-10-16 17:28:36.150  INFO 23204 --- [restartedMain] o.apache.catalina.core.StandardService   : Starting service [Tomcat]
2025-10-16 17:28:36.150  INFO 23204 --- [restartedMain] org.apache.catalina.core.StandardEngine  : Starting Servlet engine: [Apache Tomcat/9.0.63]
2025-10-16 17:28:36.176  INFO 23204 --- [restartedMain] o.a.c.c.C.[Tomcat].[localhost].[/]       : Initializing Spring embedded WebApplicationContext
2025-10-16 17:28:36.176  INFO 23204 --- [restartedMain] w.s.c.ServletWebServerApplicationContext : Root WebApplicationContext: initialization completed in 557 ms
2025-10-16 17:28:36.229  INFO 23204 --- [restartedMain] o.hibernate.jpa.internal.util.LogHelper  : HHH000204: Processing PersistenceUnitInfo [name: default]
2025-10-16 17:28:36.234  INFO 23204 --- [restartedMain] com.zaxxer.hikari.HikariDataSource       : HikariPool-7 - Starting...
2025-10-16 17:28:36.295  INFO 23204 --- [restartedMain] com.zaxxer.hikari.HikariDataSource       : HikariPool-7 - Start completed.
2025-10-16 17:28:36.295  INFO 23204 --- [restartedMain] org.hibernate.dialect.Dialect            : HHH000400: Using dialect: org.hibernate.dialect.PostgreSQLDialect
2025-10-16 17:28:36.400  INFO 23204 --- [restartedMain] o.h.e.t.j.p.i.JtaPlatformInitiator       : HHH000490: Using JtaPlatform implementation: [org.hibernate.engine.transaction.jta.platform.internal.NoJtaPlatform]
2025-10-16 17:28:36.400  INFO 23204 --- [restartedMain] j.LocalContainerEntityManagerFactoryBean : Initialized JPA EntityManagerFactory for persistence unit 'default'
2025-10-16 17:28:36.536  WARN 23204 --- [restartedMain] JpaBaseConfiguration$JpaWebConfiguration : spring.jpa.open-in-view is enabled by default. Therefore, database queries may be performed during view rendering. Explicitly configure spring.jpa.open-in-view to disable this warning
2025-10-16 17:28:36.565  INFO 23204 --- [restartedMain] o.s.b.d.a.OptionalLiveReloadServer       : LiveReload server is running on port 35729
2025-10-16 17:28:36.715  WARN 23204 --- [restartedMain] .s.s.UserDetailsServiceAutoConfiguration : 

Using generated security password: 85f05979-6cce-4708-8dde-c89d86b8e02b

This generated password is for development use only. Your security configuration must be updated before running your application in production.

2025-10-16 17:28:36.737  INFO 23204 --- [restartedMain] o.s.s.web.DefaultSecurityFilterChain     : Will secure any request with [org.springframework.security.web.session.DisableEncodeUrlFilter@5ff61a97, org.springframework.security.web.context.request.async.WebAsyncManagerIntegrationFilter@43058b8e, org.springframework.security.web.context.SecurityContextPersistenceFilter@1acc0cd, org.springframework.security.web.header.HeaderWriterFilter@3cfcfd4e, org.springframework.security.web.authentication.logout.LogoutFilter@39fb0491, br.com.tonypool.atendimento.security.JwtSecurity@3b0231e6, org.springframework.security.web.savedrequest.RequestCacheAwareFilter@dbfd9c0, org.springframework.security.web.servletapi.SecurityContextHolderAwareRequestFilter@567243b4, org.springframework.security.web.authentication.AnonymousAuthenticationFilter@1dfad2b6, org.springframework.security.web.session.SessionManagementFilter@588a08d0, org.springframework.security.web.access.ExceptionTranslationFilter@5baae6ae, org.springframework.security.web.access.intercept.FilterSecurityInterceptor@510efa1a]
2025-10-16 17:28:36.738  WARN 23204 --- [restartedMain] o.s.s.c.a.web.builders.WebSecurity       : You are asking Spring Security to ignore Ant [pattern='/v2/api-docs']. This is not recommended -- please use permitAll via HttpSecurity#authorizeHttpRequests instead.
2025-10-16 17:28:36.738  INFO 23204 --- [restartedMain] o.s.s.web.DefaultSecurityFilterChain     : Will not secure Ant [pattern='/v2/api-docs']
2025-10-16 17:28:36.738  WARN 23204 --- [restartedMain] o.s.s.c.a.web.builders.WebSecurity       : You are asking Spring Security to ignore Ant [pattern='/swagger-resources']. This is not recommended -- please use permitAll via HttpSecurity#authorizeHttpRequests instead.
2025-10-16 17:28:36.738  INFO 23204 --- [restartedMain] o.s.s.web.DefaultSecurityFilterChain     : Will not secure Ant [pattern='/swagger-resources']
2025-10-16 17:28:36.738  WARN 23204 --- [restartedMain] o.s.s.c.a.web.builders.WebSecurity       : You are asking Spring Security to ignore Ant [pattern='/swagger-resources/**']. This is not recommended -- please use permitAll via HttpSecurity#authorizeHttpRequests instead.
2025-10-16 17:28:36.738  INFO 23204 --- [restartedMain] o.s.s.web.DefaultSecurityFilterChain     : Will not secure Ant [pattern='/swagger-resources/**']
2025-10-16 17:28:36.738  WARN 23204 --- [restartedMain] o.s.s.c.a.web.builders.WebSecurity       : You are asking Spring Security to ignore Ant [pattern='/configuration/ui']. This is not recommended -- please use permitAll via HttpSecurity#authorizeHttpRequests instead.
2025-10-16 17:28:36.738  INFO 23204 --- [restartedMain] o.s.s.web.DefaultSecurityFilterChain     : Will not secure Ant [pattern='/configuration/ui']
2025-10-16 17:28:36.738  WARN 23204 --- [restartedMain] o.s.s.c.a.web.builders.WebSecurity       : You are asking Spring Security to ignore Ant [pattern='/configuration/security']. This is not recommended -- please use permitAll via HttpSecurity#authorizeHttpRequests instead.
2025-10-16 17:28:36.738  INFO 23204 --- [restartedMain] o.s.s.web.DefaultSecurityFilterChain     : Will not secure Ant [pattern='/configuration/security']
2025-10-16 17:28:36.738  WARN 23204 --- [restartedMain] o.s.s.c.a.web.builders.WebSecurity       : You are asking Spring Security to ignore Ant [pattern='/swagger-ui.html']. This is not recommended -- please use permitAll via HttpSecurity#authorizeHttpRequests instead.
2025-10-16 17:28:36.738  INFO 23204 --- [restartedMain] o.s.s.web.DefaultSecurityFilterChain     : Will not secure Ant [pattern='/swagger-ui.html']
2025-10-16 17:28:36.738  WARN 23204 --- [restartedMain] o.s.s.c.a.web.builders.WebSecurity       : You are asking Spring Security to ignore Ant [pattern='/webjars/**']. This is not recommended -- please use permitAll via HttpSecurity#authorizeHttpRequests instead.
2025-10-16 17:28:36.739  INFO 23204 --- [restartedMain] o.s.s.web.DefaultSecurityFilterChain     : Will not secure Ant [pattern='/webjars/**']
2025-10-16 17:28:36.739  WARN 23204 --- [restartedMain] o.s.s.c.a.web.builders.WebSecurity       : You are asking Spring Security to ignore Ant [pattern='/v3/api-docs/**']. This is not recommended -- please use permitAll via HttpSecurity#authorizeHttpRequests instead.
2025-10-16 17:28:36.739  INFO 23204 --- [restartedMain] o.s.s.web.DefaultSecurityFilterChain     : Will not secure Ant [pattern='/v3/api-docs/**']
2025-10-16 17:28:36.739  WARN 23204 --- [restartedMain] o.s.s.c.a.web.builders.WebSecurity       : You are asking Spring Security to ignore Ant [pattern='/swagger-ui/**']. This is not recommended -- please use permitAll via HttpSecurity#authorizeHttpRequests instead.
2025-10-16 17:28:36.739  INFO 23204 --- [restartedMain] o.s.s.web.DefaultSecurityFilterChain     : Will not secure Ant [pattern='/swagger-ui/**']
2025-10-16 17:28:37.006  INFO 23204 --- [restartedMain] o.s.b.w.embedded.tomcat.TomcatWebServer  : Tomcat started on port(s): 8083 (http) with context path ''
2025-10-16 17:28:37.138  INFO 23204 --- [restartedMain] b.c.t.a.AuthServiceApplication           : Started AuthServiceApplication in 1.717 seconds (JVM running for 24050.744)
2025-10-16 17:28:37.141  INFO 23204 --- [restartedMain] .ConditionEvaluationDeltaLoggingListener : Condition evaluation unchanged
2025-10-16 17:28:41.754  INFO 23204 --- [http-nio-8083-exec-1] o.a.c.c.C.[Tomcat].[localhost].[/]       : Initializing Spring DispatcherServlet 'dispatcherServlet'
2025-10-16 17:28:41.754  INFO 23204 --- [http-nio-8083-exec-1] o.s.web.servlet.DispatcherServlet        : Initializing Servlet 'dispatcherServlet'
2025-10-16 17:28:41.761  INFO 23204 --- [http-nio-8083-exec-1] o.s.web.servlet.DispatcherServlet        : Completed initialization in 7 ms
2025-10-16 17:28:47.685  INFO 23204 --- [http-nio-8083-exec-9] b.c.t.a.c.AtendimentosController         : Serviços do profissional: [4, 5]
2025-10-16 17:28:47.685  INFO 23204 --- [http-nio-8083-exec-9] b.c.t.a.c.AtendimentosController         : Serviço solicitado: 1
2025-10-16 17:28:47.685  WARN 23204 --- [http-nio-8083-exec-9] b.c.t.a.c.AtendimentosController         : Tentativa de reagendar para profissional que não faz o serviço. Atendimento id: 18, Profissional id: 43, Serviço id: 1
2025-10-16 17:30:31.369  INFO 23204 --- [Thread-39] j.LocalContainerEntityManagerFactoryBean : Closing JPA EntityManagerFactory for persistence unit 'default'
2025-10-16 17:30:31.370  INFO 23204 --- [Thread-39] com.zaxxer.hikari.HikariDataSource       : HikariPool-7 - Shutdown initiated...
2025-10-16 17:30:31.380  INFO 23204 --- [Thread-39] com.zaxxer.hikari.HikariDataSource       : HikariPool-7 - Shutdown completed.
2025-10-16 17:30:31.632  INFO 23204 --- [restartedMain] b.c.t.a.AuthServiceApplication           : Starting AuthServiceApplication using Java 17.0.12 on DESKTOP-HLR4AN3 with PID 23204 (C:\Users\tonyp\OneDrive\Documentos\curso_java\workspace\microsservicos-atendimento\atendimento-service\target\classes started by tonyp in C:\Users\tonyp\OneDrive\Documentos\curso_java\workspace\microsservicos-atendimento\atendimento-service)
2025-10-16 17:30:31.632  INFO 23204 --- [restartedMain] b.c.t.a.AuthServiceApplication           : No active profile set, falling back to 1 default profile: "default"
2025-10-16 17:30:32.134  INFO 23204 --- [restartedMain] .s.d.r.c.RepositoryConfigurationDelegate : Bootstrapping Spring Data JPA repositories in DEFAULT mode.
2025-10-16 17:30:32.151  INFO 23204 --- [restartedMain] .s.d.r.c.RepositoryConfigurationDelegate : Finished Spring Data repository scanning in 17 ms. Found 3 JPA repository interfaces.
2025-10-16 17:30:32.211  INFO 23204 --- [restartedMain] o.s.cloud.context.scope.GenericScope     : BeanFactory id=e3782361-5eb7-38d7-8416-ac2898fb879f
2025-10-16 17:30:32.309  INFO 23204 --- [restartedMain] o.s.b.w.embedded.tomcat.TomcatWebServer  : Tomcat initialized with port(s): 8083 (http)
2025-10-16 17:30:32.311  INFO 23204 --- [restartedMain] o.apache.catalina.core.StandardService   : Starting service [Tomcat]
2025-10-16 17:30:32.312  INFO 23204 --- [restartedMain] org.apache.catalina.core.StandardEngine  : Starting Servlet engine: [Apache Tomcat/9.0.63]
2025-10-16 17:30:32.364  INFO 23204 --- [restartedMain] o.a.c.c.C.[Tomcat].[localhost].[/]       : Initializing Spring embedded WebApplicationContext
2025-10-16 17:30:32.366  INFO 23204 --- [restartedMain] w.s.c.ServletWebServerApplicationContext : Root WebApplicationContext: initialization completed in 731 ms
2025-10-16 17:30:32.454  INFO 23204 --- [restartedMain] o.hibernate.jpa.internal.util.LogHelper  : HHH000204: Processing PersistenceUnitInfo [name: default]
2025-10-16 17:30:32.462  INFO 23204 --- [restartedMain] com.zaxxer.hikari.HikariDataSource       : HikariPool-8 - Starting...
2025-10-16 17:30:32.536  INFO 23204 --- [restartedMain] com.zaxxer.hikari.HikariDataSource       : HikariPool-8 - Start completed.
2025-10-16 17:30:32.537  INFO 23204 --- [restartedMain] org.hibernate.dialect.Dialect            : HHH000400: Using dialect: org.hibernate.dialect.PostgreSQLDialect
2025-10-16 17:30:32.652  INFO 23204 --- [restartedMain] o.h.e.t.j.p.i.JtaPlatformInitiator       : HHH000490: Using JtaPlatform implementation: [org.hibernate.engine.transaction.jta.platform.internal.NoJtaPlatform]
2025-10-16 17:30:32.652  INFO 23204 --- [restartedMain] j.LocalContainerEntityManagerFactoryBean : Initialized JPA EntityManagerFactory for persistence unit 'default'
2025-10-16 17:30:32.823  WARN 23204 --- [restartedMain] JpaBaseConfiguration$JpaWebConfiguration : spring.jpa.open-in-view is enabled by default. Therefore, database queries may be performed during view rendering. Explicitly configure spring.jpa.open-in-view to disable this warning
2025-10-16 17:30:32.845  INFO 23204 --- [restartedMain] o.s.b.d.a.OptionalLiveReloadServer       : LiveReload server is running on port 35729
2025-10-16 17:30:33.020  WARN 23204 --- [restartedMain] .s.s.UserDetailsServiceAutoConfiguration : 

Using generated security password: b31a8a99-e799-4f7b-bdab-4cae0ce03863

This generated password is for development use only. Your security configuration must be updated before running your application in production.

2025-10-16 17:30:33.038  INFO 23204 --- [restartedMain] o.s.s.web.DefaultSecurityFilterChain     : Will secure any request with [org.springframework.security.web.session.DisableEncodeUrlFilter@7696a299, org.springframework.security.web.context.request.async.WebAsyncManagerIntegrationFilter@40c7f7bb, org.springframework.security.web.context.SecurityContextPersistenceFilter@6afefd08, org.springframework.security.web.header.HeaderWriterFilter@30d5b3ae, org.springframework.security.web.authentication.logout.LogoutFilter@98075f1, br.com.tonypool.atendimento.security.JwtSecurity@72ef3df2, org.springframework.security.web.savedrequest.RequestCacheAwareFilter@55e52967, org.springframework.security.web.servletapi.SecurityContextHolderAwareRequestFilter@4830b8b6, org.springframework.security.web.authentication.AnonymousAuthenticationFilter@1c62c3e1, org.springframework.security.web.session.SessionManagementFilter@7b74e27f, org.springframework.security.web.access.ExceptionTranslationFilter@6f0a05dd, org.springframework.security.web.access.intercept.FilterSecurityInterceptor@2139fb5d]
2025-10-16 17:30:33.039  WARN 23204 --- [restartedMain] o.s.s.c.a.web.builders.WebSecurity       : You are asking Spring Security to ignore Ant [pattern='/v2/api-docs']. This is not recommended -- please use permitAll via HttpSecurity#authorizeHttpRequests instead.
2025-10-16 17:30:33.039  INFO 23204 --- [restartedMain] o.s.s.web.DefaultSecurityFilterChain     : Will not secure Ant [pattern='/v2/api-docs']
2025-10-16 17:30:33.039  WARN 23204 --- [restartedMain] o.s.s.c.a.web.builders.WebSecurity       : You are asking Spring Security to ignore Ant [pattern='/swagger-resources']. This is not recommended -- please use permitAll via HttpSecurity#authorizeHttpRequests instead.
2025-10-16 17:30:33.039  INFO 23204 --- [restartedMain] o.s.s.web.DefaultSecurityFilterChain     : Will not secure Ant [pattern='/swagger-resources']
2025-10-16 17:30:33.039  WARN 23204 --- [restartedMain] o.s.s.c.a.web.builders.WebSecurity       : You are asking Spring Security to ignore Ant [pattern='/swagger-resources/**']. This is not recommended -- please use permitAll via HttpSecurity#authorizeHttpRequests instead.
2025-10-16 17:30:33.039  INFO 23204 --- [restartedMain] o.s.s.web.DefaultSecurityFilterChain     : Will not secure Ant [pattern='/swagger-resources/**']
2025-10-16 17:30:33.039  WARN 23204 --- [restartedMain] o.s.s.c.a.web.builders.WebSecurity       : You are asking Spring Security to ignore Ant [pattern='/configuration/ui']. This is not recommended -- please use permitAll via HttpSecurity#authorizeHttpRequests instead.
2025-10-16 17:30:33.039  INFO 23204 --- [restartedMain] o.s.s.web.DefaultSecurityFilterChain     : Will not secure Ant [pattern='/configuration/ui']
2025-10-16 17:30:33.039  WARN 23204 --- [restartedMain] o.s.s.c.a.web.builders.WebSecurity       : You are asking Spring Security to ignore Ant [pattern='/configuration/security']. This is not recommended -- please use permitAll via HttpSecurity#authorizeHttpRequests instead.
2025-10-16 17:30:33.039  INFO 23204 --- [restartedMain] o.s.s.web.DefaultSecurityFilterChain     : Will not secure Ant [pattern='/configuration/security']
2025-10-16 17:30:33.039  WARN 23204 --- [restartedMain] o.s.s.c.a.web.builders.WebSecurity       : You are asking Spring Security to ignore Ant [pattern='/swagger-ui.html']. This is not recommended -- please use permitAll via HttpSecurity#authorizeHttpRequests instead.
2025-10-16 17:30:33.039  INFO 23204 --- [restartedMain] o.s.s.web.DefaultSecurityFilterChain     : Will not secure Ant [pattern='/swagger-ui.html']
2025-10-16 17:30:33.039  WARN 23204 --- [restartedMain] o.s.s.c.a.web.builders.WebSecurity       : You are asking Spring Security to ignore Ant [pattern='/webjars/**']. This is not recommended -- please use permitAll via HttpSecurity#authorizeHttpRequests instead.
2025-10-16 17:30:33.040  INFO 23204 --- [restartedMain] o.s.s.web.DefaultSecurityFilterChain     : Will not secure Ant [pattern='/webjars/**']
2025-10-16 17:30:33.040  WARN 23204 --- [restartedMain] o.s.s.c.a.web.builders.WebSecurity       : You are asking Spring Security to ignore Ant [pattern='/v3/api-docs/**']. This is not recommended -- please use permitAll via HttpSecurity#authorizeHttpRequests instead.
2025-10-16 17:30:33.040  INFO 23204 --- [restartedMain] o.s.s.web.DefaultSecurityFilterChain     : Will not secure Ant [pattern='/v3/api-docs/**']
2025-10-16 17:30:33.040  WARN 23204 --- [restartedMain] o.s.s.c.a.web.builders.WebSecurity       : You are asking Spring Security to ignore Ant [pattern='/swagger-ui/**']. This is not recommended -- please use permitAll via HttpSecurity#authorizeHttpRequests instead.
2025-10-16 17:30:33.040  INFO 23204 --- [restartedMain] o.s.s.web.DefaultSecurityFilterChain     : Will not secure Ant [pattern='/swagger-ui/**']
2025-10-16 17:30:33.376  INFO 23204 --- [restartedMain] o.s.b.w.embedded.tomcat.TomcatWebServer  : Tomcat started on port(s): 8083 (http) with context path ''
2025-10-16 17:30:33.571  INFO 23204 --- [restartedMain] b.c.t.a.AuthServiceApplication           : Started AuthServiceApplication in 2.115 seconds (JVM running for 24167.175)
2025-10-16 17:30:33.573  INFO 23204 --- [restartedMain] .ConditionEvaluationDeltaLoggingListener : Condition evaluation unchanged
2025-10-16 17:31:18.711  INFO 23204 --- [http-nio-8083-exec-2] o.a.c.c.C.[Tomcat].[localhost].[/]       : Initializing Spring DispatcherServlet 'dispatcherServlet'
2025-10-16 17:31:18.712  INFO 23204 --- [http-nio-8083-exec-2] o.s.web.servlet.DispatcherServlet        : Initializing Servlet 'dispatcherServlet'
2025-10-16 17:31:18.718  INFO 23204 --- [http-nio-8083-exec-2] o.s.web.servlet.DispatcherServlet        : Completed initialization in 6 ms
2025-10-16 17:31:21.850  INFO 23204 --- [http-nio-8083-exec-8] b.c.t.a.c.AtendimentosController         : Serviços do profissional: [4, 5]
2025-10-16 17:31:21.850  INFO 23204 --- [http-nio-8083-exec-8] b.c.t.a.c.AtendimentosController         : Serviço solicitado: 1
2025-10-16 17:31:21.853  WARN 23204 --- [http-nio-8083-exec-8] b.c.t.a.c.AtendimentosController         : Tentativa de reagendar para profissional que não faz o serviço. Atendimento id: 18, Profissional id: 43, Serviço id: 1
2025-10-16 17:33:54.733  INFO 23204 --- [http-nio-8083-exec-3] b.c.t.a.c.AtendimentosController         : Serviços do profissional: [4, 5]
2025-10-16 17:33:54.737  INFO 23204 --- [http-nio-8083-exec-3] b.c.t.a.c.AtendimentosController         : Serviço solicitado: 1
2025-10-16 17:33:54.737  WARN 23204 --- [http-nio-8083-exec-3] b.c.t.a.c.AtendimentosController         : Tentativa de reagendar para profissional que não faz o serviço. Atendimento id: 18, Profissional id: 43, Serviço id: 1
2025-10-16 17:34:49.989  INFO 23204 --- [Thread-45] j.LocalContainerEntityManagerFactoryBean : Closing JPA EntityManagerFactory for persistence unit 'default'
2025-10-16 17:34:50.004  INFO 23204 --- [Thread-45] com.zaxxer.hikari.HikariDataSource       : HikariPool-8 - Shutdown initiated...
2025-10-16 17:34:50.037  INFO 23204 --- [Thread-45] com.zaxxer.hikari.HikariDataSource       : HikariPool-8 - Shutdown completed.
2025-10-16 17:34:50.561  INFO 23204 --- [restartedMain] b.c.t.a.AuthServiceApplication           : Starting AuthServiceApplication using Java 17.0.12 on DESKTOP-HLR4AN3 with PID 23204 (C:\Users\tonyp\OneDrive\Documentos\curso_java\workspace\microsservicos-atendimento\atendimento-service\target\classes started by tonyp in C:\Users\tonyp\OneDrive\Documentos\curso_java\workspace\microsservicos-atendimento\atendimento-service)
2025-10-16 17:34:50.562  INFO 23204 --- [restartedMain] b.c.t.a.AuthServiceApplication           : No active profile set, falling back to 1 default profile: "default"
2025-10-16 17:34:51.251  INFO 23204 --- [restartedMain] .s.d.r.c.RepositoryConfigurationDelegate : Bootstrapping Spring Data JPA repositories in DEFAULT mode.
2025-10-16 17:34:51.280  INFO 23204 --- [restartedMain] .s.d.r.c.RepositoryConfigurationDelegate : Finished Spring Data repository scanning in 28 ms. Found 3 JPA repository interfaces.
2025-10-16 17:34:51.375  INFO 23204 --- [restartedMain] o.s.cloud.context.scope.GenericScope     : BeanFactory id=e3782361-5eb7-38d7-8416-ac2898fb879f
2025-10-16 17:34:51.515  INFO 23204 --- [restartedMain] o.s.b.w.embedded.tomcat.TomcatWebServer  : Tomcat initialized with port(s): 8083 (http)
2025-10-16 17:34:51.517  INFO 23204 --- [restartedMain] o.apache.catalina.core.StandardService   : Starting service [Tomcat]
2025-10-16 17:34:51.517  INFO 23204 --- [restartedMain] org.apache.catalina.core.StandardEngine  : Starting Servlet engine: [Apache Tomcat/9.0.63]
2025-10-16 17:34:51.556  INFO 23204 --- [restartedMain] o.a.c.c.C.[Tomcat].[localhost].[/]       : Initializing Spring embedded WebApplicationContext
2025-10-16 17:34:51.556  INFO 23204 --- [restartedMain] w.s.c.ServletWebServerApplicationContext : Root WebApplicationContext: initialization completed in 990 ms
2025-10-16 17:34:51.647  INFO 23204 --- [restartedMain] o.hibernate.jpa.internal.util.LogHelper  : HHH000204: Processing PersistenceUnitInfo [name: default]
2025-10-16 17:34:51.652  INFO 23204 --- [restartedMain] com.zaxxer.hikari.HikariDataSource       : HikariPool-9 - Starting...
2025-10-16 17:34:51.726  INFO 23204 --- [restartedMain] com.zaxxer.hikari.HikariDataSource       : HikariPool-9 - Start completed.
2025-10-16 17:34:51.726  INFO 23204 --- [restartedMain] org.hibernate.dialect.Dialect            : HHH000400: Using dialect: org.hibernate.dialect.PostgreSQLDialect
2025-10-16 17:34:51.864  INFO 23204 --- [restartedMain] o.h.e.t.j.p.i.JtaPlatformInitiator       : HHH000490: Using JtaPlatform implementation: [org.hibernate.engine.transaction.jta.platform.internal.NoJtaPlatform]
2025-10-16 17:34:51.864  INFO 23204 --- [restartedMain] j.LocalContainerEntityManagerFactoryBean : Initialized JPA EntityManagerFactory for persistence unit 'default'
2025-10-16 17:34:52.013  WARN 23204 --- [restartedMain] JpaBaseConfiguration$JpaWebConfiguration : spring.jpa.open-in-view is enabled by default. Therefore, database queries may be performed during view rendering. Explicitly configure spring.jpa.open-in-view to disable this warning
2025-10-16 17:34:52.038  INFO 23204 --- [restartedMain] o.s.b.d.a.OptionalLiveReloadServer       : LiveReload server is running on port 35729
2025-10-16 17:34:52.211  WARN 23204 --- [restartedMain] .s.s.UserDetailsServiceAutoConfiguration : 

Using generated security password: 106227d0-d2e4-4ce2-bcef-81ce10f6a27a

This generated password is for development use only. Your security configuration must be updated before running your application in production.

2025-10-16 17:34:52.232  INFO 23204 --- [restartedMain] o.s.s.web.DefaultSecurityFilterChain     : Will secure any request with [org.springframework.security.web.session.DisableEncodeUrlFilter@12fbda6b, org.springframework.security.web.context.request.async.WebAsyncManagerIntegrationFilter@5335201d, org.springframework.security.web.context.SecurityContextPersistenceFilter@54213cb8, org.springframework.security.web.header.HeaderWriterFilter@36287067, org.springframework.security.web.authentication.logout.LogoutFilter@22360478, br.com.tonypool.atendimento.security.JwtSecurity@35c31cc0, org.springframework.security.web.savedrequest.RequestCacheAwareFilter@7aa766e1, org.springframework.security.web.servletapi.SecurityContextHolderAwareRequestFilter@f798a9a, org.springframework.security.web.authentication.AnonymousAuthenticationFilter@5ae30f90, org.springframework.security.web.session.SessionManagementFilter@48570e32, org.springframework.security.web.access.ExceptionTranslationFilter@402dc0b5, org.springframework.security.web.access.intercept.FilterSecurityInterceptor@3d9a5aa2]
2025-10-16 17:34:52.233  WARN 23204 --- [restartedMain] o.s.s.c.a.web.builders.WebSecurity       : You are asking Spring Security to ignore Ant [pattern='/v2/api-docs']. This is not recommended -- please use permitAll via HttpSecurity#authorizeHttpRequests instead.
2025-10-16 17:34:52.233  INFO 23204 --- [restartedMain] o.s.s.web.DefaultSecurityFilterChain     : Will not secure Ant [pattern='/v2/api-docs']
2025-10-16 17:34:52.233  WARN 23204 --- [restartedMain] o.s.s.c.a.web.builders.WebSecurity       : You are asking Spring Security to ignore Ant [pattern='/swagger-resources']. This is not recommended -- please use permitAll via HttpSecurity#authorizeHttpRequests instead.
2025-10-16 17:34:52.233  INFO 23204 --- [restartedMain] o.s.s.web.DefaultSecurityFilterChain     : Will not secure Ant [pattern='/swagger-resources']
2025-10-16 17:34:52.233  WARN 23204 --- [restartedMain] o.s.s.c.a.web.builders.WebSecurity       : You are asking Spring Security to ignore Ant [pattern='/swagger-resources/**']. This is not recommended -- please use permitAll via HttpSecurity#authorizeHttpRequests instead.
2025-10-16 17:34:52.233  INFO 23204 --- [restartedMain] o.s.s.web.DefaultSecurityFilterChain     : Will not secure Ant [pattern='/swagger-resources/**']
2025-10-16 17:34:52.233  WARN 23204 --- [restartedMain] o.s.s.c.a.web.builders.WebSecurity       : You are asking Spring Security to ignore Ant [pattern='/configuration/ui']. This is not recommended -- please use permitAll via HttpSecurity#authorizeHttpRequests instead.
2025-10-16 17:34:52.233  INFO 23204 --- [restartedMain] o.s.s.web.DefaultSecurityFilterChain     : Will not secure Ant [pattern='/configuration/ui']
2025-10-16 17:34:52.233  WARN 23204 --- [restartedMain] o.s.s.c.a.web.builders.WebSecurity       : You are asking Spring Security to ignore Ant [pattern='/configuration/security']. This is not recommended -- please use permitAll via HttpSecurity#authorizeHttpRequests instead.
2025-10-16 17:34:52.233  INFO 23204 --- [restartedMain] o.s.s.web.DefaultSecurityFilterChain     : Will not secure Ant [pattern='/configuration/security']
2025-10-16 17:34:52.233  WARN 23204 --- [restartedMain] o.s.s.c.a.web.builders.WebSecurity       : You are asking Spring Security to ignore Ant [pattern='/swagger-ui.html']. This is not recommended -- please use permitAll via HttpSecurity#authorizeHttpRequests instead.
2025-10-16 17:34:52.233  INFO 23204 --- [restartedMain] o.s.s.web.DefaultSecurityFilterChain     : Will not secure Ant [pattern='/swagger-ui.html']
2025-10-16 17:34:52.234  WARN 23204 --- [restartedMain] o.s.s.c.a.web.builders.WebSecurity       : You are asking Spring Security to ignore Ant [pattern='/webjars/**']. This is not recommended -- please use permitAll via HttpSecurity#authorizeHttpRequests instead.
2025-10-16 17:34:52.234  INFO 23204 --- [restartedMain] o.s.s.web.DefaultSecurityFilterChain     : Will not secure Ant [pattern='/webjars/**']
2025-10-16 17:34:52.234  WARN 23204 --- [restartedMain] o.s.s.c.a.web.builders.WebSecurity       : You are asking Spring Security to ignore Ant [pattern='/v3/api-docs/**']. This is not recommended -- please use permitAll via HttpSecurity#authorizeHttpRequests instead.
2025-10-16 17:34:52.234  INFO 23204 --- [restartedMain] o.s.s.web.DefaultSecurityFilterChain     : Will not secure Ant [pattern='/v3/api-docs/**']
2025-10-16 17:34:52.234  WARN 23204 --- [restartedMain] o.s.s.c.a.web.builders.WebSecurity       : You are asking Spring Security to ignore Ant [pattern='/swagger-ui/**']. This is not recommended -- please use permitAll via HttpSecurity#authorizeHttpRequests instead.
2025-10-16 17:34:52.234  INFO 23204 --- [restartedMain] o.s.s.web.DefaultSecurityFilterChain     : Will not secure Ant [pattern='/swagger-ui/**']
2025-10-16 17:34:52.536  INFO 23204 --- [restartedMain] o.s.b.w.embedded.tomcat.TomcatWebServer  : Tomcat started on port(s): 8083 (http) with context path ''
2025-10-16 17:34:52.687  INFO 23204 --- [restartedMain] b.c.t.a.AuthServiceApplication           : Started AuthServiceApplication in 2.343 seconds (JVM running for 24426.292)
2025-10-16 17:34:52.688  INFO 23204 --- [restartedMain] .ConditionEvaluationDeltaLoggingListener : Condition evaluation unchanged
2025-10-16 17:35:03.152  INFO 23204 --- [http-nio-8083-exec-1] o.a.c.c.C.[Tomcat].[localhost].[/]       : Initializing Spring DispatcherServlet 'dispatcherServlet'
2025-10-16 17:35:03.153  INFO 23204 --- [http-nio-8083-exec-1] o.s.web.servlet.DispatcherServlet        : Initializing Servlet 'dispatcherServlet'
2025-10-16 17:35:03.157  INFO 23204 --- [http-nio-8083-exec-1] o.s.web.servlet.DispatcherServlet        : Completed initialization in 4 ms
2025-10-16 17:35:14.597  INFO 23204 --- [http-nio-8083-exec-9] b.c.t.a.c.AtendimentosController         : Serviços do profissional: [4, 5]
2025-10-16 17:35:14.597  INFO 23204 --- [http-nio-8083-exec-9] b.c.t.a.c.AtendimentosController         : Serviço solicitado: 1
2025-10-16 17:35:14.597  WARN 23204 --- [http-nio-8083-exec-9] b.c.t.a.c.AtendimentosController         : Tentativa de reagendar para profissional que não faz o serviço. Atendimento id: 18, Profissional id: 43, Serviço id: 1
2025-10-16 17:35:46.564  INFO 23204 --- [Thread-51] j.LocalContainerEntityManagerFactoryBean : Closing JPA EntityManagerFactory for persistence unit 'default'
2025-10-16 17:35:46.565  INFO 23204 --- [Thread-51] com.zaxxer.hikari.HikariDataSource       : HikariPool-9 - Shutdown initiated...
2025-10-16 17:35:46.570  INFO 23204 --- [Thread-51] com.zaxxer.hikari.HikariDataSource       : HikariPool-9 - Shutdown completed.
2025-10-16 17:35:46.932  INFO 23204 --- [restartedMain] b.c.t.a.AuthServiceApplication           : Starting AuthServiceApplication using Java 17.0.12 on DESKTOP-HLR4AN3 with PID 23204 (C:\Users\tonyp\OneDrive\Documentos\curso_java\workspace\microsservicos-atendimento\atendimento-service\target\classes started by tonyp in C:\Users\tonyp\OneDrive\Documentos\curso_java\workspace\microsservicos-atendimento\atendimento-service)
2025-10-16 17:35:46.932  INFO 23204 --- [restartedMain] b.c.t.a.AuthServiceApplication           : No active profile set, falling back to 1 default profile: "default"
2025-10-16 17:35:47.392  INFO 23204 --- [restartedMain] .s.d.r.c.RepositoryConfigurationDelegate : Bootstrapping Spring Data JPA repositories in DEFAULT mode.
2025-10-16 17:35:47.409  INFO 23204 --- [restartedMain] .s.d.r.c.RepositoryConfigurationDelegate : Finished Spring Data repository scanning in 17 ms. Found 3 JPA repository interfaces.
2025-10-16 17:35:47.498  INFO 23204 --- [restartedMain] o.s.cloud.context.scope.GenericScope     : BeanFactory id=e3782361-5eb7-38d7-8416-ac2898fb879f
2025-10-16 17:35:47.598  INFO 23204 --- [restartedMain] o.s.b.w.embedded.tomcat.TomcatWebServer  : Tomcat initialized with port(s): 8083 (http)
2025-10-16 17:35:47.599  INFO 23204 --- [restartedMain] o.apache.catalina.core.StandardService   : Starting service [Tomcat]
2025-10-16 17:35:47.599  INFO 23204 --- [restartedMain] org.apache.catalina.core.StandardEngine  : Starting Servlet engine: [Apache Tomcat/9.0.63]
2025-10-16 17:35:47.624  INFO 23204 --- [restartedMain] o.a.c.c.C.[Tomcat].[localhost].[/]       : Initializing Spring embedded WebApplicationContext
2025-10-16 17:35:47.624  INFO 23204 --- [restartedMain] w.s.c.ServletWebServerApplicationContext : Root WebApplicationContext: initialization completed in 688 ms
2025-10-16 17:35:47.686  INFO 23204 --- [restartedMain] o.hibernate.jpa.internal.util.LogHelper  : HHH000204: Processing PersistenceUnitInfo [name: default]
2025-10-16 17:35:47.691  INFO 23204 --- [restartedMain] com.zaxxer.hikari.HikariDataSource       : HikariPool-10 - Starting...
2025-10-16 17:35:47.756  INFO 23204 --- [restartedMain] com.zaxxer.hikari.HikariDataSource       : HikariPool-10 - Start completed.
2025-10-16 17:35:47.757  INFO 23204 --- [restartedMain] org.hibernate.dialect.Dialect            : HHH000400: Using dialect: org.hibernate.dialect.PostgreSQLDialect
2025-10-16 17:35:47.864  INFO 23204 --- [restartedMain] o.h.e.t.j.p.i.JtaPlatformInitiator       : HHH000490: Using JtaPlatform implementation: [org.hibernate.engine.transaction.jta.platform.internal.NoJtaPlatform]
2025-10-16 17:35:47.864  INFO 23204 --- [restartedMain] j.LocalContainerEntityManagerFactoryBean : Initialized JPA EntityManagerFactory for persistence unit 'default'
2025-10-16 17:35:48.012  WARN 23204 --- [restartedMain] JpaBaseConfiguration$JpaWebConfiguration : spring.jpa.open-in-view is enabled by default. Therefore, database queries may be performed during view rendering. Explicitly configure spring.jpa.open-in-view to disable this warning
2025-10-16 17:35:48.032  INFO 23204 --- [restartedMain] o.s.b.d.a.OptionalLiveReloadServer       : LiveReload server is running on port 35729
2025-10-16 17:35:48.201  WARN 23204 --- [restartedMain] .s.s.UserDetailsServiceAutoConfiguration : 

Using generated security password: 50055aea-dfbc-4b00-88ed-8091fe9da7ab

This generated password is for development use only. Your security configuration must be updated before running your application in production.

2025-10-16 17:35:48.219  INFO 23204 --- [restartedMain] o.s.s.web.DefaultSecurityFilterChain     : Will secure any request with [org.springframework.security.web.session.DisableEncodeUrlFilter@3a951984, org.springframework.security.web.context.request.async.WebAsyncManagerIntegrationFilter@73389c2f, org.springframework.security.web.context.SecurityContextPersistenceFilter@e8be29b, org.springframework.security.web.header.HeaderWriterFilter@b809251, org.springframework.security.web.authentication.logout.LogoutFilter@67907b66, br.com.tonypool.atendimento.security.JwtSecurity@3c14a76c, org.springframework.security.web.savedrequest.RequestCacheAwareFilter@475a85eb, org.springframework.security.web.servletapi.SecurityContextHolderAwareRequestFilter@4847954b, org.springframework.security.web.authentication.AnonymousAuthenticationFilter@692ed56c, org.springframework.security.web.session.SessionManagementFilter@1cfc536c, org.springframework.security.web.access.ExceptionTranslationFilter@1d2a964f, org.springframework.security.web.access.intercept.FilterSecurityInterceptor@2bbfca08]
2025-10-16 17:35:48.220  WARN 23204 --- [restartedMain] o.s.s.c.a.web.builders.WebSecurity       : You are asking Spring Security to ignore Ant [pattern='/v2/api-docs']. This is not recommended -- please use permitAll via HttpSecurity#authorizeHttpRequests instead.
2025-10-16 17:35:48.220  INFO 23204 --- [restartedMain] o.s.s.web.DefaultSecurityFilterChain     : Will not secure Ant [pattern='/v2/api-docs']
2025-10-16 17:35:48.220  WARN 23204 --- [restartedMain] o.s.s.c.a.web.builders.WebSecurity       : You are asking Spring Security to ignore Ant [pattern='/swagger-resources']. This is not recommended -- please use permitAll via HttpSecurity#authorizeHttpRequests instead.
2025-10-16 17:35:48.220  INFO 23204 --- [restartedMain] o.s.s.web.DefaultSecurityFilterChain     : Will not secure Ant [pattern='/swagger-resources']
2025-10-16 17:35:48.220  WARN 23204 --- [restartedMain] o.s.s.c.a.web.builders.WebSecurity       : You are asking Spring Security to ignore Ant [pattern='/swagger-resources/**']. This is not recommended -- please use permitAll via HttpSecurity#authorizeHttpRequests instead.
2025-10-16 17:35:48.220  INFO 23204 --- [restartedMain] o.s.s.web.DefaultSecurityFilterChain     : Will not secure Ant [pattern='/swagger-resources/**']
2025-10-16 17:35:48.220  WARN 23204 --- [restartedMain] o.s.s.c.a.web.builders.WebSecurity       : You are asking Spring Security to ignore Ant [pattern='/configuration/ui']. This is not recommended -- please use permitAll via HttpSecurity#authorizeHttpRequests instead.
2025-10-16 17:35:48.220  INFO 23204 --- [restartedMain] o.s.s.web.DefaultSecurityFilterChain     : Will not secure Ant [pattern='/configuration/ui']
2025-10-16 17:35:48.220  WARN 23204 --- [restartedMain] o.s.s.c.a.web.builders.WebSecurity       : You are asking Spring Security to ignore Ant [pattern='/configuration/security']. This is not recommended -- please use permitAll via HttpSecurity#authorizeHttpRequests instead.
2025-10-16 17:35:48.220  INFO 23204 --- [restartedMain] o.s.s.web.DefaultSecurityFilterChain     : Will not secure Ant [pattern='/configuration/security']
2025-10-16 17:35:48.221  WARN 23204 --- [restartedMain] o.s.s.c.a.web.builders.WebSecurity       : You are asking Spring Security to ignore Ant [pattern='/swagger-ui.html']. This is not recommended -- please use permitAll via HttpSecurity#authorizeHttpRequests instead.
2025-10-16 17:35:48.221  INFO 23204 --- [restartedMain] o.s.s.web.DefaultSecurityFilterChain     : Will not secure Ant [pattern='/swagger-ui.html']
2025-10-16 17:35:48.221  WARN 23204 --- [restartedMain] o.s.s.c.a.web.builders.WebSecurity       : You are asking Spring Security to ignore Ant [pattern='/webjars/**']. This is not recommended -- please use permitAll via HttpSecurity#authorizeHttpRequests instead.
2025-10-16 17:35:48.221  INFO 23204 --- [restartedMain] o.s.s.web.DefaultSecurityFilterChain     : Will not secure Ant [pattern='/webjars/**']
2025-10-16 17:35:48.221  WARN 23204 --- [restartedMain] o.s.s.c.a.web.builders.WebSecurity       : You are asking Spring Security to ignore Ant [pattern='/v3/api-docs/**']. This is not recommended -- please use permitAll via HttpSecurity#authorizeHttpRequests instead.
2025-10-16 17:35:48.221  INFO 23204 --- [restartedMain] o.s.s.web.DefaultSecurityFilterChain     : Will not secure Ant [pattern='/v3/api-docs/**']
2025-10-16 17:35:48.221  WARN 23204 --- [restartedMain] o.s.s.c.a.web.builders.WebSecurity       : You are asking Spring Security to ignore Ant [pattern='/swagger-ui/**']. This is not recommended -- please use permitAll via HttpSecurity#authorizeHttpRequests instead.
2025-10-16 17:35:48.221  INFO 23204 --- [restartedMain] o.s.s.web.DefaultSecurityFilterChain     : Will not secure Ant [pattern='/swagger-ui/**']
2025-10-16 17:35:48.505  INFO 23204 --- [restartedMain] o.s.b.w.embedded.tomcat.TomcatWebServer  : Tomcat started on port(s): 8083 (http) with context path ''
2025-10-16 17:35:48.637  INFO 23204 --- [restartedMain] b.c.t.a.AuthServiceApplication           : Started AuthServiceApplication in 1.945 seconds (JVM running for 24482.242)
2025-10-16 17:35:48.638  INFO 23204 --- [restartedMain] .ConditionEvaluationDeltaLoggingListener : Condition evaluation unchanged
2025-10-16 17:36:00.650  INFO 23204 --- [http-nio-8083-exec-3] o.a.c.c.C.[Tomcat].[localhost].[/]       : Initializing Spring DispatcherServlet 'dispatcherServlet'
2025-10-16 17:36:00.654  INFO 23204 --- [http-nio-8083-exec-3] o.s.web.servlet.DispatcherServlet        : Initializing Servlet 'dispatcherServlet'
2025-10-16 17:36:00.660  INFO 23204 --- [http-nio-8083-exec-3] o.s.web.servlet.DispatcherServlet        : Completed initialization in 5 ms
2025-10-16 17:36:07.390  INFO 23204 --- [http-nio-8083-exec-9] b.c.t.a.c.AtendimentosController         : Serviços do profissional: [4, 5]
2025-10-16 17:36:07.390  INFO 23204 --- [http-nio-8083-exec-9] b.c.t.a.c.AtendimentosController         : Serviço solicitado: 1
2025-10-16 17:36:07.390  WARN 23204 --- [http-nio-8083-exec-9] b.c.t.a.c.AtendimentosController         : Tentativa de reagendar para profissional que não faz o serviço. Atendimento id: 18, Profissional id: 43, Serviço id: 1
2025-10-16 17:36:07.408 ERROR 23204 --- [http-nio-8083-exec-9] b.c.t.a.c.AtendimentosController         : Erro ao reagendar atendimentosss: d != java.lang.String
2025-10-16 17:36:28.139  INFO 23204 --- [Thread-57] j.LocalContainerEntityManagerFactoryBean : Closing JPA EntityManagerFactory for persistence unit 'default'
2025-10-16 17:36:28.141  INFO 23204 --- [Thread-57] com.zaxxer.hikari.HikariDataSource       : HikariPool-10 - Shutdown initiated...
2025-10-16 17:36:28.149  INFO 23204 --- [Thread-57] com.zaxxer.hikari.HikariDataSource       : HikariPool-10 - Shutdown completed.
2025-10-16 17:36:28.442  INFO 23204 --- [restartedMain] b.c.t.a.AuthServiceApplication           : Starting AuthServiceApplication using Java 17.0.12 on DESKTOP-HLR4AN3 with PID 23204 (C:\Users\tonyp\OneDrive\Documentos\curso_java\workspace\microsservicos-atendimento\atendimento-service\target\classes started by tonyp in C:\Users\tonyp\OneDrive\Documentos\curso_java\workspace\microsservicos-atendimento\atendimento-service)
2025-10-16 17:36:28.442  INFO 23204 --- [restartedMain] b.c.t.a.AuthServiceApplication           : No active profile set, falling back to 1 default profile: "default"
2025-10-16 17:36:28.966  INFO 23204 --- [restartedMain] .s.d.r.c.RepositoryConfigurationDelegate : Bootstrapping Spring Data JPA repositories in DEFAULT mode.
2025-10-16 17:36:28.986  INFO 23204 --- [restartedMain] .s.d.r.c.RepositoryConfigurationDelegate : Finished Spring Data repository scanning in 19 ms. Found 3 JPA repository interfaces.
2025-10-16 17:36:29.075  INFO 23204 --- [restartedMain] o.s.cloud.context.scope.GenericScope     : BeanFactory id=e3782361-5eb7-38d7-8416-ac2898fb879f
2025-10-16 17:36:29.211  INFO 23204 --- [restartedMain] o.s.b.w.embedded.tomcat.TomcatWebServer  : Tomcat initialized with port(s): 8083 (http)
2025-10-16 17:36:29.212  INFO 23204 --- [restartedMain] o.apache.catalina.core.StandardService   : Starting service [Tomcat]
2025-10-16 17:36:29.212  INFO 23204 --- [restartedMain] org.apache.catalina.core.StandardEngine  : Starting Servlet engine: [Apache Tomcat/9.0.63]
2025-10-16 17:36:29.250  INFO 23204 --- [restartedMain] o.a.c.c.C.[Tomcat].[localhost].[/]       : Initializing Spring embedded WebApplicationContext
2025-10-16 17:36:29.250  INFO 23204 --- [restartedMain] w.s.c.ServletWebServerApplicationContext : Root WebApplicationContext: initialization completed in 806 ms
2025-10-16 17:36:29.330  INFO 23204 --- [restartedMain] o.hibernate.jpa.internal.util.LogHelper  : HHH000204: Processing PersistenceUnitInfo [name: default]
2025-10-16 17:36:29.334  INFO 23204 --- [restartedMain] com.zaxxer.hikari.HikariDataSource       : HikariPool-11 - Starting...
2025-10-16 17:36:29.407  INFO 23204 --- [restartedMain] com.zaxxer.hikari.HikariDataSource       : HikariPool-11 - Start completed.
2025-10-16 17:36:29.407  INFO 23204 --- [restartedMain] org.hibernate.dialect.Dialect            : HHH000400: Using dialect: org.hibernate.dialect.PostgreSQLDialect
2025-10-16 17:36:29.544  INFO 23204 --- [restartedMain] o.h.e.t.j.p.i.JtaPlatformInitiator       : HHH000490: Using JtaPlatform implementation: [org.hibernate.engine.transaction.jta.platform.internal.NoJtaPlatform]
2025-10-16 17:36:29.545  INFO 23204 --- [restartedMain] j.LocalContainerEntityManagerFactoryBean : Initialized JPA EntityManagerFactory for persistence unit 'default'
2025-10-16 17:36:29.686  WARN 23204 --- [restartedMain] JpaBaseConfiguration$JpaWebConfiguration : spring.jpa.open-in-view is enabled by default. Therefore, database queries may be performed during view rendering. Explicitly configure spring.jpa.open-in-view to disable this warning
2025-10-16 17:36:29.709  INFO 23204 --- [restartedMain] o.s.b.d.a.OptionalLiveReloadServer       : LiveReload server is running on port 35729
2025-10-16 17:36:29.874  WARN 23204 --- [restartedMain] .s.s.UserDetailsServiceAutoConfiguration : 

Using generated security password: 40c4c51e-2a4a-413c-8d75-01ea9e2e845b

This generated password is for development use only. Your security configuration must be updated before running your application in production.

2025-10-16 17:36:29.900  INFO 23204 --- [restartedMain] o.s.s.web.DefaultSecurityFilterChain     : Will secure any request with [org.springframework.security.web.session.DisableEncodeUrlFilter@50d32d60, org.springframework.security.web.context.request.async.WebAsyncManagerIntegrationFilter@535e6392, org.springframework.security.web.context.SecurityContextPersistenceFilter@577f6b54, org.springframework.security.web.header.HeaderWriterFilter@70f8419f, org.springframework.security.web.authentication.logout.LogoutFilter@71c7f6c2, br.com.tonypool.atendimento.security.JwtSecurity@5a0c9c8e, org.springframework.security.web.savedrequest.RequestCacheAwareFilter@59c340f8, org.springframework.security.web.servletapi.SecurityContextHolderAwareRequestFilter@6b0506e6, org.springframework.security.web.authentication.AnonymousAuthenticationFilter@60ba5cd2, org.springframework.security.web.session.SessionManagementFilter@3811dd87, org.springframework.security.web.access.ExceptionTranslationFilter@4e280340, org.springframework.security.web.access.intercept.FilterSecurityInterceptor@2e3287ca]
2025-10-16 17:36:29.902  WARN 23204 --- [restartedMain] o.s.s.c.a.web.builders.WebSecurity       : You are asking Spring Security to ignore Ant [pattern='/v2/api-docs']. This is not recommended -- please use permitAll via HttpSecurity#authorizeHttpRequests instead.
2025-10-16 17:36:29.902  INFO 23204 --- [restartedMain] o.s.s.web.DefaultSecurityFilterChain     : Will not secure Ant [pattern='/v2/api-docs']
2025-10-16 17:36:29.902  WARN 23204 --- [restartedMain] o.s.s.c.a.web.builders.WebSecurity       : You are asking Spring Security to ignore Ant [pattern='/swagger-resources']. This is not recommended -- please use permitAll via HttpSecurity#authorizeHttpRequests instead.
2025-10-16 17:36:29.902  INFO 23204 --- [restartedMain] o.s.s.web.DefaultSecurityFilterChain     : Will not secure Ant [pattern='/swagger-resources']
2025-10-16 17:36:29.902  WARN 23204 --- [restartedMain] o.s.s.c.a.web.builders.WebSecurity       : You are asking Spring Security to ignore Ant [pattern='/swagger-resources/**']. This is not recommended -- please use permitAll via HttpSecurity#authorizeHttpRequests instead.
2025-10-16 17:36:29.902  INFO 23204 --- [restartedMain] o.s.s.web.DefaultSecurityFilterChain     : Will not secure Ant [pattern='/swagger-resources/**']
2025-10-16 17:36:29.902  WARN 23204 --- [restartedMain] o.s.s.c.a.web.builders.WebSecurity       : You are asking Spring Security to ignore Ant [pattern='/configuration/ui']. This is not recommended -- please use permitAll via HttpSecurity#authorizeHttpRequests instead.
2025-10-16 17:36:29.902  INFO 23204 --- [restartedMain] o.s.s.web.DefaultSecurityFilterChain     : Will not secure Ant [pattern='/configuration/ui']
2025-10-16 17:36:29.902  WARN 23204 --- [restartedMain] o.s.s.c.a.web.builders.WebSecurity       : You are asking Spring Security to ignore Ant [pattern='/configuration/security']. This is not recommended -- please use permitAll via HttpSecurity#authorizeHttpRequests instead.
2025-10-16 17:36:29.902  INFO 23204 --- [restartedMain] o.s.s.web.DefaultSecurityFilterChain     : Will not secure Ant [pattern='/configuration/security']
2025-10-16 17:36:29.902  WARN 23204 --- [restartedMain] o.s.s.c.a.web.builders.WebSecurity       : You are asking Spring Security to ignore Ant [pattern='/swagger-ui.html']. This is not recommended -- please use permitAll via HttpSecurity#authorizeHttpRequests instead.
2025-10-16 17:36:29.902  INFO 23204 --- [restartedMain] o.s.s.web.DefaultSecurityFilterChain     : Will not secure Ant [pattern='/swagger-ui.html']
2025-10-16 17:36:29.902  WARN 23204 --- [restartedMain] o.s.s.c.a.web.builders.WebSecurity       : You are asking Spring Security to ignore Ant [pattern='/webjars/**']. This is not recommended -- please use permitAll via HttpSecurity#authorizeHttpRequests instead.
2025-10-16 17:36:29.902  INFO 23204 --- [restartedMain] o.s.s.web.DefaultSecurityFilterChain     : Will not secure Ant [pattern='/webjars/**']
2025-10-16 17:36:29.902  WARN 23204 --- [restartedMain] o.s.s.c.a.web.builders.WebSecurity       : You are asking Spring Security to ignore Ant [pattern='/v3/api-docs/**']. This is not recommended -- please use permitAll via HttpSecurity#authorizeHttpRequests instead.
2025-10-16 17:36:29.902  INFO 23204 --- [restartedMain] o.s.s.web.DefaultSecurityFilterChain     : Will not secure Ant [pattern='/v3/api-docs/**']
2025-10-16 17:36:29.902  WARN 23204 --- [restartedMain] o.s.s.c.a.web.builders.WebSecurity       : You are asking Spring Security to ignore Ant [pattern='/swagger-ui/**']. This is not recommended -- please use permitAll via HttpSecurity#authorizeHttpRequests instead.
2025-10-16 17:36:29.902  INFO 23204 --- [restartedMain] o.s.s.web.DefaultSecurityFilterChain     : Will not secure Ant [pattern='/swagger-ui/**']
2025-10-16 17:36:30.185  INFO 23204 --- [restartedMain] o.s.b.w.embedded.tomcat.TomcatWebServer  : Tomcat started on port(s): 8083 (http) with context path ''
2025-10-16 17:36:30.332  INFO 23204 --- [restartedMain] b.c.t.a.AuthServiceApplication           : Started AuthServiceApplication in 2.069 seconds (JVM running for 24523.937)
2025-10-16 17:36:30.334  INFO 23204 --- [restartedMain] .ConditionEvaluationDeltaLoggingListener : Condition evaluation unchanged
2025-10-16 17:37:01.544  INFO 23204 --- [Thread-63] j.LocalContainerEntityManagerFactoryBean : Closing JPA EntityManagerFactory for persistence unit 'default'
2025-10-16 17:37:01.545  INFO 23204 --- [Thread-63] com.zaxxer.hikari.HikariDataSource       : HikariPool-11 - Shutdown initiated...
2025-10-16 17:37:01.547  INFO 23204 --- [Thread-63] com.zaxxer.hikari.HikariDataSource       : HikariPool-11 - Shutdown completed.
2025-10-16 17:37:01.839  INFO 23204 --- [restartedMain] b.c.t.a.AuthServiceApplication           : Starting AuthServiceApplication using Java 17.0.12 on DESKTOP-HLR4AN3 with PID 23204 (C:\Users\tonyp\OneDrive\Documentos\curso_java\workspace\microsservicos-atendimento\atendimento-service\target\classes started by tonyp in C:\Users\tonyp\OneDrive\Documentos\curso_java\workspace\microsservicos-atendimento\atendimento-service)
2025-10-16 17:37:01.840  INFO 23204 --- [restartedMain] b.c.t.a.AuthServiceApplication           : No active profile set, falling back to 1 default profile: "default"
2025-10-16 17:37:02.626  INFO 23204 --- [restartedMain] .s.d.r.c.RepositoryConfigurationDelegate : Bootstrapping Spring Data JPA repositories in DEFAULT mode.
2025-10-16 17:37:02.710  INFO 23204 --- [restartedMain] .s.d.r.c.RepositoryConfigurationDelegate : Finished Spring Data repository scanning in 83 ms. Found 3 JPA repository interfaces.
2025-10-16 17:37:02.930  INFO 23204 --- [restartedMain] o.s.cloud.context.scope.GenericScope     : BeanFactory id=e3782361-5eb7-38d7-8416-ac2898fb879f
2025-10-16 17:37:03.198  INFO 23204 --- [restartedMain] o.s.b.w.embedded.tomcat.TomcatWebServer  : Tomcat initialized with port(s): 8083 (http)
2025-10-16 17:37:03.199  INFO 23204 --- [restartedMain] o.apache.catalina.core.StandardService   : Starting service [Tomcat]
2025-10-16 17:37:03.199  INFO 23204 --- [restartedMain] org.apache.catalina.core.StandardEngine  : Starting Servlet engine: [Apache Tomcat/9.0.63]
2025-10-16 17:37:03.424  INFO 23204 --- [restartedMain] o.a.c.c.C.[Tomcat].[localhost].[/]       : Initializing Spring embedded WebApplicationContext
2025-10-16 17:37:03.425  INFO 23204 --- [restartedMain] w.s.c.ServletWebServerApplicationContext : Root WebApplicationContext: initialization completed in 1579 ms
2025-10-16 17:37:03.586  INFO 23204 --- [restartedMain] o.hibernate.jpa.internal.util.LogHelper  : HHH000204: Processing PersistenceUnitInfo [name: default]
2025-10-16 17:37:03.593  INFO 23204 --- [restartedMain] com.zaxxer.hikari.HikariDataSource       : HikariPool-12 - Starting...
2025-10-16 17:37:03.672  INFO 23204 --- [restartedMain] com.zaxxer.hikari.HikariDataSource       : HikariPool-12 - Start completed.
2025-10-16 17:37:03.672  INFO 23204 --- [restartedMain] org.hibernate.dialect.Dialect            : HHH000400: Using dialect: org.hibernate.dialect.PostgreSQLDialect
2025-10-16 17:37:03.837  INFO 23204 --- [restartedMain] o.h.e.t.j.p.i.JtaPlatformInitiator       : HHH000490: Using JtaPlatform implementation: [org.hibernate.engine.transaction.jta.platform.internal.NoJtaPlatform]
2025-10-16 17:37:03.874  INFO 23204 --- [restartedMain] j.LocalContainerEntityManagerFactoryBean : Initialized JPA EntityManagerFactory for persistence unit 'default'
2025-10-16 17:37:04.630  WARN 23204 --- [restartedMain] JpaBaseConfiguration$JpaWebConfiguration : spring.jpa.open-in-view is enabled by default. Therefore, database queries may be performed during view rendering. Explicitly configure spring.jpa.open-in-view to disable this warning
2025-10-16 17:37:04.650  INFO 23204 --- [restartedMain] o.s.b.d.a.OptionalLiveReloadServer       : LiveReload server is running on port 35729
2025-10-16 17:37:05.149  WARN 23204 --- [restartedMain] .s.s.UserDetailsServiceAutoConfiguration : 

Using generated security password: 67c53cea-a427-433a-b2f8-c82355633d29

This generated password is for development use only. Your security configuration must be updated before running your application in production.

2025-10-16 17:37:05.180  INFO 23204 --- [restartedMain] o.s.s.web.DefaultSecurityFilterChain     : Will secure any request with [org.springframework.security.web.session.DisableEncodeUrlFilter@20763d19, org.springframework.security.web.context.request.async.WebAsyncManagerIntegrationFilter@3a29f711, org.springframework.security.web.context.SecurityContextPersistenceFilter@4346275, org.springframework.security.web.header.HeaderWriterFilter@a9b51f2, org.springframework.security.web.authentication.logout.LogoutFilter@2c80849b, br.com.tonypool.atendimento.security.JwtSecurity@28557b94, org.springframework.security.web.savedrequest.RequestCacheAwareFilter@63f372f7, org.springframework.security.web.servletapi.SecurityContextHolderAwareRequestFilter@3337bbba, org.springframework.security.web.authentication.AnonymousAuthenticationFilter@5735e330, org.springframework.security.web.session.SessionManagementFilter@565dca42, org.springframework.security.web.access.ExceptionTranslationFilter@6ba19034, org.springframework.security.web.access.intercept.FilterSecurityInterceptor@80ee22c]
2025-10-16 17:37:05.182  WARN 23204 --- [restartedMain] o.s.s.c.a.web.builders.WebSecurity       : You are asking Spring Security to ignore Ant [pattern='/v2/api-docs']. This is not recommended -- please use permitAll via HttpSecurity#authorizeHttpRequests instead.
2025-10-16 17:37:05.183  INFO 23204 --- [restartedMain] o.s.s.web.DefaultSecurityFilterChain     : Will not secure Ant [pattern='/v2/api-docs']
2025-10-16 17:37:05.183  WARN 23204 --- [restartedMain] o.s.s.c.a.web.builders.WebSecurity       : You are asking Spring Security to ignore Ant [pattern='/swagger-resources']. This is not recommended -- please use permitAll via HttpSecurity#authorizeHttpRequests instead.
2025-10-16 17:37:05.183  INFO 23204 --- [restartedMain] o.s.s.web.DefaultSecurityFilterChain     : Will not secure Ant [pattern='/swagger-resources']
2025-10-16 17:37:05.183  WARN 23204 --- [restartedMain] o.s.s.c.a.web.builders.WebSecurity       : You are asking Spring Security to ignore Ant [pattern='/swagger-resources/**']. This is not recommended -- please use permitAll via HttpSecurity#authorizeHttpRequests instead.
2025-10-16 17:37:05.183  INFO 23204 --- [restartedMain] o.s.s.web.DefaultSecurityFilterChain     : Will not secure Ant [pattern='/swagger-resources/**']
2025-10-16 17:37:05.183  WARN 23204 --- [restartedMain] o.s.s.c.a.web.builders.WebSecurity       : You are asking Spring Security to ignore Ant [pattern='/configuration/ui']. This is not recommended -- please use permitAll via HttpSecurity#authorizeHttpRequests instead.
2025-10-16 17:37:05.183  INFO 23204 --- [restartedMain] o.s.s.web.DefaultSecurityFilterChain     : Will not secure Ant [pattern='/configuration/ui']
2025-10-16 17:37:05.183  WARN 23204 --- [restartedMain] o.s.s.c.a.web.builders.WebSecurity       : You are asking Spring Security to ignore Ant [pattern='/configuration/security']. This is not recommended -- please use permitAll via HttpSecurity#authorizeHttpRequests instead.
2025-10-16 17:37:05.183  INFO 23204 --- [restartedMain] o.s.s.web.DefaultSecurityFilterChain     : Will not secure Ant [pattern='/configuration/security']
2025-10-16 17:37:05.183  WARN 23204 --- [restartedMain] o.s.s.c.a.web.builders.WebSecurity       : You are asking Spring Security to ignore Ant [pattern='/swagger-ui.html']. This is not recommended -- please use permitAll via HttpSecurity#authorizeHttpRequests instead.
2025-10-16 17:37:05.183  INFO 23204 --- [restartedMain] o.s.s.web.DefaultSecurityFilterChain     : Will not secure Ant [pattern='/swagger-ui.html']
2025-10-16 17:37:05.183  WARN 23204 --- [restartedMain] o.s.s.c.a.web.builders.WebSecurity       : You are asking Spring Security to ignore Ant [pattern='/webjars/**']. This is not recommended -- please use permitAll via HttpSecurity#authorizeHttpRequests instead.
2025-10-16 17:37:05.183  INFO 23204 --- [restartedMain] o.s.s.web.DefaultSecurityFilterChain     : Will not secure Ant [pattern='/webjars/**']
2025-10-16 17:37:05.183  WARN 23204 --- [restartedMain] o.s.s.c.a.web.builders.WebSecurity       : You are asking Spring Security to ignore Ant [pattern='/v3/api-docs/**']. This is not recommended -- please use permitAll via HttpSecurity#authorizeHttpRequests instead.
2025-10-16 17:37:05.183  INFO 23204 --- [restartedMain] o.s.s.web.DefaultSecurityFilterChain     : Will not secure Ant [pattern='/v3/api-docs/**']
2025-10-16 17:37:05.183  WARN 23204 --- [restartedMain] o.s.s.c.a.web.builders.WebSecurity       : You are asking Spring Security to ignore Ant [pattern='/swagger-ui/**']. This is not recommended -- please use permitAll via HttpSecurity#authorizeHttpRequests instead.
2025-10-16 17:37:05.183  INFO 23204 --- [restartedMain] o.s.s.web.DefaultSecurityFilterChain     : Will not secure Ant [pattern='/swagger-ui/**']
2025-10-16 17:37:05.527  INFO 23204 --- [restartedMain] o.s.b.w.embedded.tomcat.TomcatWebServer  : Tomcat started on port(s): 8083 (http) with context path ''
2025-10-16 17:37:05.675  INFO 23204 --- [restartedMain] b.c.t.a.AuthServiceApplication           : Started AuthServiceApplication in 4.045 seconds (JVM running for 24559.28)
2025-10-16 17:37:05.676  INFO 23204 --- [restartedMain] .ConditionEvaluationDeltaLoggingListener : Condition evaluation unchanged
2025-10-16 17:37:28.922  INFO 23204 --- [http-nio-8083-exec-2] o.a.c.c.C.[Tomcat].[localhost].[/]       : Initializing Spring DispatcherServlet 'dispatcherServlet'
2025-10-16 17:37:28.923  INFO 23204 --- [http-nio-8083-exec-2] o.s.web.servlet.DispatcherServlet        : Initializing Servlet 'dispatcherServlet'
2025-10-16 17:37:28.929  INFO 23204 --- [http-nio-8083-exec-2] o.s.web.servlet.DispatcherServlet        : Completed initialization in 6 ms
2025-10-16 17:37:31.527  INFO 23204 --- [http-nio-8083-exec-7] b.c.t.a.c.AtendimentosController         : Serviços do profissional: [4, 5]
2025-10-16 17:37:31.527  INFO 23204 --- [http-nio-8083-exec-7] b.c.t.a.c.AtendimentosController         : Serviço solicitado: 1
2025-10-16 17:37:31.527  WARN 23204 --- [http-nio-8083-exec-7] b.c.t.a.c.AtendimentosController         : Tentativa de reagendar para profissional que não faz o serviço. Atendimento id: 18, Profissional id: 43, Serviço id: 1
2025-10-16 17:59:27.876  INFO 23204 --- [http-nio-8083-exec-3] b.c.t.a.c.AtendimentosController         : Serviços do profissional: [4, 5]
2025-10-16 17:59:27.884  INFO 23204 --- [http-nio-8083-exec-3] b.c.t.a.c.AtendimentosController         : Serviço solicitado: 4
2025-10-16 18:03:49.895  INFO 23204 --- [http-nio-8083-exec-8] b.c.t.a.c.AtendimentosController         : Serviços do profissional: [1, 7, 2]
2025-10-16 18:03:49.898  INFO 23204 --- [http-nio-8083-exec-8] b.c.t.a.c.AtendimentosController         : Serviço solicitado: 1
2025-10-16 18:04:01.706  INFO 23204 --- [http-nio-8083-exec-6] b.c.t.a.c.AtendimentosController         : Serviços do profissional: [4, 5]
2025-10-16 18:04:01.706  INFO 23204 --- [http-nio-8083-exec-6] b.c.t.a.c.AtendimentosController         : Serviço solicitado: 5
2025-10-16 18:04:25.553  INFO 23204 --- [http-nio-8083-exec-4] b.c.t.a.c.AtendimentosController         : Serviços do profissional: [4, 5]
2025-10-16 18:04:25.554  INFO 23204 --- [http-nio-8083-exec-4] b.c.t.a.c.AtendimentosController         : Serviço solicitado: 5
2025-10-16 18:12:37.234  INFO 22360 --- [restartedMain] b.c.t.a.AuthServiceApplication           : Starting AuthServiceApplication using Java 17.0.12 on DESKTOP-HLR4AN3 with PID 22360 (C:\Users\tonyp\OneDrive\Documentos\curso_java\workspace\microsservicos-atendimento\atendimento-service\target\classes started by tonyp in C:\Users\tonyp\OneDrive\Documentos\curso_java\workspace\microsservicos-atendimento\atendimento-service)
2025-10-16 18:12:37.236  INFO 22360 --- [restartedMain] b.c.t.a.AuthServiceApplication           : No active profile set, falling back to 1 default profile: "default"
2025-10-16 18:12:37.315  INFO 22360 --- [restartedMain] .e.DevToolsPropertyDefaultsPostProcessor : Devtools property defaults active! Set 'spring.devtools.add-properties' to 'false' to disable
2025-10-16 18:12:37.315  INFO 22360 --- [restartedMain] .e.DevToolsPropertyDefaultsPostProcessor : For additional web related logging consider setting the 'logging.level.web' property to 'DEBUG'
2025-10-16 18:12:38.645  INFO 22360 --- [restartedMain] .s.d.r.c.RepositoryConfigurationDelegate : Bootstrapping Spring Data JPA repositories in DEFAULT mode.
2025-10-16 18:12:38.737  INFO 22360 --- [restartedMain] .s.d.r.c.RepositoryConfigurationDelegate : Finished Spring Data repository scanning in 78 ms. Found 3 JPA repository interfaces.
2025-10-16 18:12:39.053  INFO 22360 --- [restartedMain] o.s.cloud.context.scope.GenericScope     : BeanFactory id=e3782361-5eb7-38d7-8416-ac2898fb879f
2025-10-16 18:12:39.842  INFO 22360 --- [restartedMain] o.s.b.w.embedded.tomcat.TomcatWebServer  : Tomcat initialized with port(s): 8083 (http)
2025-10-16 18:12:39.860  INFO 22360 --- [restartedMain] o.apache.catalina.core.StandardService   : Starting service [Tomcat]
2025-10-16 18:12:39.861  INFO 22360 --- [restartedMain] org.apache.catalina.core.StandardEngine  : Starting Servlet engine: [Apache Tomcat/9.0.63]
2025-10-16 18:12:39.994  INFO 22360 --- [restartedMain] o.a.c.c.C.[Tomcat].[localhost].[/]       : Initializing Spring embedded WebApplicationContext
2025-10-16 18:12:39.994  INFO 22360 --- [restartedMain] w.s.c.ServletWebServerApplicationContext : Root WebApplicationContext: initialization completed in 2678 ms
2025-10-16 18:12:40.290  INFO 22360 --- [restartedMain] o.hibernate.jpa.internal.util.LogHelper  : HHH000204: Processing PersistenceUnitInfo [name: default]
2025-10-16 18:12:40.376  INFO 22360 --- [restartedMain] org.hibernate.Version                    : HHH000412: Hibernate ORM core version 5.6.9.Final
2025-10-16 18:12:40.645  INFO 22360 --- [restartedMain] o.hibernate.annotations.common.Version   : HCANN000001: Hibernate Commons Annotations {5.1.2.Final}
2025-10-16 18:12:40.796  INFO 22360 --- [restartedMain] com.zaxxer.hikari.HikariDataSource       : HikariPool-1 - Starting...
2025-10-16 18:12:41.035  INFO 22360 --- [restartedMain] com.zaxxer.hikari.HikariDataSource       : HikariPool-1 - Start completed.
2025-10-16 18:12:41.069  INFO 22360 --- [restartedMain] org.hibernate.dialect.Dialect            : HHH000400: Using dialect: org.hibernate.dialect.PostgreSQLDialect
2025-10-16 18:12:42.115  INFO 22360 --- [restartedMain] o.h.e.t.j.p.i.JtaPlatformInitiator       : HHH000490: Using JtaPlatform implementation: [org.hibernate.engine.transaction.jta.platform.internal.NoJtaPlatform]
2025-10-16 18:12:42.127  INFO 22360 --- [restartedMain] j.LocalContainerEntityManagerFactoryBean : Initialized JPA EntityManagerFactory for persistence unit 'default'
2025-10-16 18:12:43.134  WARN 22360 --- [restartedMain] JpaBaseConfiguration$JpaWebConfiguration : spring.jpa.open-in-view is enabled by default. Therefore, database queries may be performed during view rendering. Explicitly configure spring.jpa.open-in-view to disable this warning
2025-10-16 18:12:43.197  WARN 22360 --- [restartedMain] o.s.b.d.a.OptionalLiveReloadServer       : Unable to start LiveReload server
2025-10-16 18:12:43.802  WARN 22360 --- [restartedMain] .s.s.UserDetailsServiceAutoConfiguration : 

Using generated security password: 28d915ef-4057-460f-994e-446a03bef578

This generated password is for development use only. Your security configuration must be updated before running your application in production.

2025-10-16 18:12:43.949  INFO 22360 --- [restartedMain] o.s.s.web.DefaultSecurityFilterChain     : Will secure any request with [org.springframework.security.web.session.DisableEncodeUrlFilter@5160c86c, org.springframework.security.web.context.request.async.WebAsyncManagerIntegrationFilter@337c8996, org.springframework.security.web.context.SecurityContextPersistenceFilter@555701c1, org.springframework.security.web.header.HeaderWriterFilter@48f8523e, org.springframework.security.web.authentication.logout.LogoutFilter@7c8f4d72, br.com.tonypool.atendimento.security.JwtSecurity@f4e64db, org.springframework.security.web.savedrequest.RequestCacheAwareFilter@7e4c2810, org.springframework.security.web.servletapi.SecurityContextHolderAwareRequestFilter@e1fe08e, org.springframework.security.web.authentication.AnonymousAuthenticationFilter@752223af, org.springframework.security.web.session.SessionManagementFilter@24164480, org.springframework.security.web.access.ExceptionTranslationFilter@7915af44, org.springframework.security.web.access.intercept.FilterSecurityInterceptor@4b153d73]
2025-10-16 18:12:43.952  WARN 22360 --- [restartedMain] o.s.s.c.a.web.builders.WebSecurity       : You are asking Spring Security to ignore Ant [pattern='/v2/api-docs']. This is not recommended -- please use permitAll via HttpSecurity#authorizeHttpRequests instead.
2025-10-16 18:12:43.952  INFO 22360 --- [restartedMain] o.s.s.web.DefaultSecurityFilterChain     : Will not secure Ant [pattern='/v2/api-docs']
2025-10-16 18:12:43.953  WARN 22360 --- [restartedMain] o.s.s.c.a.web.builders.WebSecurity       : You are asking Spring Security to ignore Ant [pattern='/swagger-resources']. This is not recommended -- please use permitAll via HttpSecurity#authorizeHttpRequests instead.
2025-10-16 18:12:43.953  INFO 22360 --- [restartedMain] o.s.s.web.DefaultSecurityFilterChain     : Will not secure Ant [pattern='/swagger-resources']
2025-10-16 18:12:43.953  WARN 22360 --- [restartedMain] o.s.s.c.a.web.builders.WebSecurity       : You are asking Spring Security to ignore Ant [pattern='/swagger-resources/**']. This is not recommended -- please use permitAll via HttpSecurity#authorizeHttpRequests instead.
2025-10-16 18:12:43.953  INFO 22360 --- [restartedMain] o.s.s.web.DefaultSecurityFilterChain     : Will not secure Ant [pattern='/swagger-resources/**']
2025-10-16 18:12:43.953  WARN 22360 --- [restartedMain] o.s.s.c.a.web.builders.WebSecurity       : You are asking Spring Security to ignore Ant [pattern='/configuration/ui']. This is not recommended -- please use permitAll via HttpSecurity#authorizeHttpRequests instead.
2025-10-16 18:12:43.953  INFO 22360 --- [restartedMain] o.s.s.web.DefaultSecurityFilterChain     : Will not secure Ant [pattern='/configuration/ui']
2025-10-16 18:12:43.954  WARN 22360 --- [restartedMain] o.s.s.c.a.web.builders.WebSecurity       : You are asking Spring Security to ignore Ant [pattern='/configuration/security']. This is not recommended -- please use permitAll via HttpSecurity#authorizeHttpRequests instead.
2025-10-16 18:12:43.954  INFO 22360 --- [restartedMain] o.s.s.web.DefaultSecurityFilterChain     : Will not secure Ant [pattern='/configuration/security']
2025-10-16 18:12:43.954  WARN 22360 --- [restartedMain] o.s.s.c.a.web.builders.WebSecurity       : You are asking Spring Security to ignore Ant [pattern='/swagger-ui.html']. This is not recommended -- please use permitAll via HttpSecurity#authorizeHttpRequests instead.
2025-10-16 18:12:43.954  INFO 22360 --- [restartedMain] o.s.s.web.DefaultSecurityFilterChain     : Will not secure Ant [pattern='/swagger-ui.html']
2025-10-16 18:12:43.954  WARN 22360 --- [restartedMain] o.s.s.c.a.web.builders.WebSecurity       : You are asking Spring Security to ignore Ant [pattern='/webjars/**']. This is not recommended -- please use permitAll via HttpSecurity#authorizeHttpRequests instead.
2025-10-16 18:12:43.954  INFO 22360 --- [restartedMain] o.s.s.web.DefaultSecurityFilterChain     : Will not secure Ant [pattern='/webjars/**']
2025-10-16 18:12:43.954  WARN 22360 --- [restartedMain] o.s.s.c.a.web.builders.WebSecurity       : You are asking Spring Security to ignore Ant [pattern='/v3/api-docs/**']. This is not recommended -- please use permitAll via HttpSecurity#authorizeHttpRequests instead.
2025-10-16 18:12:43.954  INFO 22360 --- [restartedMain] o.s.s.web.DefaultSecurityFilterChain     : Will not secure Ant [pattern='/v3/api-docs/**']
2025-10-16 18:12:43.955  WARN 22360 --- [restartedMain] o.s.s.c.a.web.builders.WebSecurity       : You are asking Spring Security to ignore Ant [pattern='/swagger-ui/**']. This is not recommended -- please use permitAll via HttpSecurity#authorizeHttpRequests instead.
2025-10-16 18:12:43.955  INFO 22360 --- [restartedMain] o.s.s.web.DefaultSecurityFilterChain     : Will not secure Ant [pattern='/swagger-ui/**']
2025-10-16 18:12:44.621  INFO 22360 --- [restartedMain] o.s.b.w.embedded.tomcat.TomcatWebServer  : Tomcat started on port(s): 8083 (http) with context path ''
2025-10-16 18:12:44.839  INFO 22360 --- [restartedMain] b.c.t.a.AuthServiceApplication           : Started AuthServiceApplication in 8.362 seconds (JVM running for 9.535)
2025-10-16 18:12:54.858  INFO 22360 --- [http-nio-8083-exec-1] o.a.c.c.C.[Tomcat].[localhost].[/]       : Initializing Spring DispatcherServlet 'dispatcherServlet'
2025-10-16 18:12:54.858  INFO 22360 --- [http-nio-8083-exec-1] o.s.web.servlet.DispatcherServlet        : Initializing Servlet 'dispatcherServlet'
2025-10-16 18:12:54.869  INFO 22360 --- [http-nio-8083-exec-1] o.s.web.servlet.DispatcherServlet        : Completed initialization in 2 ms
