2025-10-21 11:14:55.590  INFO 18056 --- [restartedMain] b.c.t.cliente.ClienteServiceApplication  : Starting ClienteServiceApplication using Java 17.0.12 on DESKTOP-HLR4AN3 with PID 18056 (C:\Users\tonyp\OneDrive\Documentos\curso_java\workspace\microsservicos-atendimento\cliente-service\target\classes started by tonyp in C:\Users\tonyp\OneDrive\Documentos\curso_java\workspace\microsservicos-atendimento\cliente-service)
2025-10-21 11:14:55.598  INFO 18056 --- [restartedMain] b.c.t.cliente.ClienteServiceApplication  : No active profile set, falling back to 1 default profile: "default"
2025-10-21 11:14:55.682  INFO 18056 --- [restartedMain] .e.DevToolsPropertyDefaultsPostProcessor : Devtools property defaults active! Set 'spring.devtools.add-properties' to 'false' to disable
2025-10-21 11:14:55.682  INFO 18056 --- [restartedMain] .e.DevToolsPropertyDefaultsPostProcessor : For additional web related logging consider setting the 'logging.level.web' property to 'DEBUG'
2025-10-21 11:14:57.863  INFO 18056 --- [restartedMain] .s.d.r.c.RepositoryConfigurationDelegate : Bootstrapping Spring Data JPA repositories in DEFAULT mode.
2025-10-21 11:14:58.311  INFO 18056 --- [restartedMain] .s.d.r.c.RepositoryConfigurationDelegate : Finished Spring Data repository scanning in 403 ms. Found 2 JPA repository interfaces.
2025-10-21 11:14:58.924  INFO 18056 --- [restartedMain] o.s.cloud.context.scope.GenericScope     : BeanFactory id=d56cb2da-d986-33dc-9cad-5f7a9d3f3e17
2025-10-21 11:15:00.139  INFO 18056 --- [restartedMain] o.s.b.w.embedded.tomcat.TomcatWebServer  : Tomcat initialized with port(s): 8081 (http)
2025-10-21 11:15:00.160  INFO 18056 --- [restartedMain] o.apache.catalina.core.StandardService   : Starting service [Tomcat]
2025-10-21 11:15:00.162  INFO 18056 --- [restartedMain] org.apache.catalina.core.StandardEngine  : Starting Servlet engine: [Apache Tomcat/9.0.63]
2025-10-21 11:15:00.370  INFO 18056 --- [restartedMain] o.a.c.c.C.[Tomcat].[localhost].[/]       : Initializing Spring embedded WebApplicationContext
2025-10-21 11:15:00.371  INFO 18056 --- [restartedMain] w.s.c.ServletWebServerApplicationContext : Root WebApplicationContext: initialization completed in 4688 ms
2025-10-21 11:15:00.767  INFO 18056 --- [restartedMain] o.hibernate.jpa.internal.util.LogHelper  : HHH000204: Processing PersistenceUnitInfo [name: default]
2025-10-21 11:15:00.899  INFO 18056 --- [restartedMain] org.hibernate.Version                    : HHH000412: Hibernate ORM core version 5.6.9.Final
2025-10-21 11:15:01.211  INFO 18056 --- [restartedMain] o.hibernate.annotations.common.Version   : HCANN000001: Hibernate Commons Annotations {5.1.2.Final}
2025-10-21 11:15:01.384  INFO 18056 --- [restartedMain] com.zaxxer.hikari.HikariDataSource       : HikariPool-1 - Starting...
2025-10-21 11:15:03.101  INFO 18056 --- [restartedMain] com.zaxxer.hikari.HikariDataSource       : HikariPool-1 - Start completed.
2025-10-21 11:15:03.133  INFO 18056 --- [restartedMain] org.hibernate.dialect.Dialect            : HHH000400: Using dialect: org.hibernate.dialect.PostgreSQLDialect
2025-10-21 11:15:04.085  INFO 18056 --- [restartedMain] o.h.e.t.j.p.i.JtaPlatformInitiator       : HHH000490: Using JtaPlatform implementation: [org.hibernate.engine.transaction.jta.platform.internal.NoJtaPlatform]
2025-10-21 11:15:04.096  INFO 18056 --- [restartedMain] j.LocalContainerEntityManagerFactoryBean : Initialized JPA EntityManagerFactory for persistence unit 'default'
2025-10-21 11:15:04.684  WARN 18056 --- [restartedMain] JpaBaseConfiguration$JpaWebConfiguration : spring.jpa.open-in-view is enabled by default. Therefore, database queries may be performed during view rendering. Explicitly configure spring.jpa.open-in-view to disable this warning
2025-10-21 11:15:04.744  INFO 18056 --- [restartedMain] o.s.b.d.a.OptionalLiveReloadServer       : LiveReload server is running on port 35729
2025-10-21 11:15:05.228  WARN 18056 --- [restartedMain] .s.s.UserDetailsServiceAutoConfiguration : 

Using generated security password: fdeabdf2-2d32-44c3-8f7a-f3c90c9cf092

This generated password is for development use only. Your security configuration must be updated before running your application in production.

2025-10-21 11:15:05.359  INFO 18056 --- [restartedMain] o.s.s.web.DefaultSecurityFilterChain     : Will secure any request with [org.springframework.security.web.session.DisableEncodeUrlFilter@2e5d970a, org.springframework.security.web.context.request.async.WebAsyncManagerIntegrationFilter@13842bf2, org.springframework.security.web.context.SecurityContextPersistenceFilter@152b2d20, org.springframework.security.web.header.HeaderWriterFilter@554d2816, org.springframework.security.web.authentication.logout.LogoutFilter@6765e39, br.com.tonypool.cliente.security.JwtSecurity@43a7b4b3, org.springframework.security.web.savedrequest.RequestCacheAwareFilter@32bac9d9, org.springframework.security.web.servletapi.SecurityContextHolderAwareRequestFilter@13175adb, org.springframework.security.web.authentication.AnonymousAuthenticationFilter@167dc, org.springframework.security.web.session.SessionManagementFilter@1efecec0, org.springframework.security.web.access.ExceptionTranslationFilter@24da281d, org.springframework.security.web.access.intercept.FilterSecurityInterceptor@648b3dfe]
2025-10-21 11:15:05.976  WARN 18056 --- [restartedMain] ConfigServletWebServerApplicationContext : Exception encountered during context initialization - cancelling refresh attempt: org.springframework.context.ApplicationContextException: Failed to start bean 'webServerStartStop'; nested exception is org.springframework.boot.web.server.PortInUseException: Port 8081 is already in use
2025-10-21 11:15:05.983  INFO 18056 --- [restartedMain] j.LocalContainerEntityManagerFactoryBean : Closing JPA EntityManagerFactory for persistence unit 'default'
2025-10-21 11:15:05.997  INFO 18056 --- [restartedMain] com.zaxxer.hikari.HikariDataSource       : HikariPool-1 - Shutdown initiated...
2025-10-21 11:15:06.008  INFO 18056 --- [restartedMain] com.zaxxer.hikari.HikariDataSource       : HikariPool-1 - Shutdown completed.
2025-10-21 11:15:06.010  INFO 18056 --- [restartedMain] o.apache.catalina.core.StandardService   : Stopping service [Tomcat]
2025-10-21 11:15:06.042  INFO 18056 --- [restartedMain] ConditionEvaluationReportLoggingListener : 

Error starting ApplicationContext. To display the conditions report re-run your application with 'debug' enabled.
2025-10-21 11:15:06.090 ERROR 18056 --- [restartedMain] o.s.b.d.LoggingFailureAnalysisReporter   : 

***************************
APPLICATION FAILED TO START
***************************

Description:

Web server failed to start. Port 8081 was already in use.

Action:

Identify and stop the process that's listening on port 8081 or configure this application to listen on another port.

2025-10-21 14:36:37.210  INFO 12948 --- [restartedMain] b.c.t.cliente.ClienteServiceApplication  : Starting ClienteServiceApplication using Java 17.0.12 on DESKTOP-HLR4AN3 with PID 12948 (C:\Users\tonyp\OneDrive\Documentos\curso_java\workspace\microsservicos-atendimento\cliente-service\target\classes started by tonyp in C:\Users\tonyp\OneDrive\Documentos\curso_java\workspace\microsservicos-atendimento\cliente-service)
2025-10-21 14:36:37.213  INFO 12948 --- [restartedMain] b.c.t.cliente.ClienteServiceApplication  : No active profile set, falling back to 1 default profile: "default"
2025-10-21 14:36:37.278  INFO 12948 --- [restartedMain] .e.DevToolsPropertyDefaultsPostProcessor : Devtools property defaults active! Set 'spring.devtools.add-properties' to 'false' to disable
2025-10-21 14:36:37.279  INFO 12948 --- [restartedMain] .e.DevToolsPropertyDefaultsPostProcessor : For additional web related logging consider setting the 'logging.level.web' property to 'DEBUG'
2025-10-21 14:36:38.400  INFO 12948 --- [restartedMain] .s.d.r.c.RepositoryConfigurationDelegate : Bootstrapping Spring Data JPA repositories in DEFAULT mode.
2025-10-21 14:36:38.472  INFO 12948 --- [restartedMain] .s.d.r.c.RepositoryConfigurationDelegate : Finished Spring Data repository scanning in 57 ms. Found 2 JPA repository interfaces.
2025-10-21 14:36:38.749  INFO 12948 --- [restartedMain] o.s.cloud.context.scope.GenericScope     : BeanFactory id=d56cb2da-d986-33dc-9cad-5f7a9d3f3e17
2025-10-21 14:36:39.446  INFO 12948 --- [restartedMain] o.s.b.w.embedded.tomcat.TomcatWebServer  : Tomcat initialized with port(s): 8081 (http)
2025-10-21 14:36:39.457  INFO 12948 --- [restartedMain] o.apache.catalina.core.StandardService   : Starting service [Tomcat]
2025-10-21 14:36:39.458  INFO 12948 --- [restartedMain] org.apache.catalina.core.StandardEngine  : Starting Servlet engine: [Apache Tomcat/9.0.63]
2025-10-21 14:36:39.573  INFO 12948 --- [restartedMain] o.a.c.c.C.[Tomcat].[localhost].[/]       : Initializing Spring embedded WebApplicationContext
2025-10-21 14:36:39.574  INFO 12948 --- [restartedMain] w.s.c.ServletWebServerApplicationContext : Root WebApplicationContext: initialization completed in 2295 ms
2025-10-21 14:36:39.813  INFO 12948 --- [restartedMain] o.hibernate.jpa.internal.util.LogHelper  : HHH000204: Processing PersistenceUnitInfo [name: default]
2025-10-21 14:36:39.870  INFO 12948 --- [restartedMain] org.hibernate.Version                    : HHH000412: Hibernate ORM core version 5.6.9.Final
2025-10-21 14:36:40.058  INFO 12948 --- [restartedMain] o.hibernate.annotations.common.Version   : HCANN000001: Hibernate Commons Annotations {5.1.2.Final}
2025-10-21 14:36:40.183  INFO 12948 --- [restartedMain] com.zaxxer.hikari.HikariDataSource       : HikariPool-1 - Starting...
2025-10-21 14:36:40.379  INFO 12948 --- [restartedMain] com.zaxxer.hikari.HikariDataSource       : HikariPool-1 - Start completed.
2025-10-21 14:36:40.406  INFO 12948 --- [restartedMain] org.hibernate.dialect.Dialect            : HHH000400: Using dialect: org.hibernate.dialect.PostgreSQLDialect
2025-10-21 14:36:41.181  INFO 12948 --- [restartedMain] o.h.e.t.j.p.i.JtaPlatformInitiator       : HHH000490: Using JtaPlatform implementation: [org.hibernate.engine.transaction.jta.platform.internal.NoJtaPlatform]
2025-10-21 14:36:41.191  INFO 12948 --- [restartedMain] j.LocalContainerEntityManagerFactoryBean : Initialized JPA EntityManagerFactory for persistence unit 'default'
2025-10-21 14:36:41.782  WARN 12948 --- [restartedMain] JpaBaseConfiguration$JpaWebConfiguration : spring.jpa.open-in-view is enabled by default. Therefore, database queries may be performed during view rendering. Explicitly configure spring.jpa.open-in-view to disable this warning
2025-10-21 14:36:41.838  WARN 12948 --- [restartedMain] o.s.b.d.a.OptionalLiveReloadServer       : Unable to start LiveReload server
2025-10-21 14:36:42.326  WARN 12948 --- [restartedMain] .s.s.UserDetailsServiceAutoConfiguration : 

Using generated security password: 103597b1-36a0-4ddc-b65b-73f1d402c6d4

This generated password is for development use only. Your security configuration must be updated before running your application in production.

2025-10-21 14:36:42.443  INFO 12948 --- [restartedMain] o.s.s.web.DefaultSecurityFilterChain     : Will secure any request with [org.springframework.security.web.session.DisableEncodeUrlFilter@6385f185, org.springframework.security.web.context.request.async.WebAsyncManagerIntegrationFilter@7f89e721, org.springframework.security.web.context.SecurityContextPersistenceFilter@6cbecabf, org.springframework.security.web.header.HeaderWriterFilter@2054d949, org.springframework.security.web.authentication.logout.LogoutFilter@5f1927b4, br.com.tonypool.cliente.security.JwtSecurity@3205447c, org.springframework.security.web.savedrequest.RequestCacheAwareFilter@25f2185c, org.springframework.security.web.servletapi.SecurityContextHolderAwareRequestFilter@294350ac, org.springframework.security.web.authentication.AnonymousAuthenticationFilter@6cb51420, org.springframework.security.web.session.SessionManagementFilter@5cde9393, org.springframework.security.web.access.ExceptionTranslationFilter@3bb4b385, org.springframework.security.web.access.intercept.FilterSecurityInterceptor@2bc6fade]
2025-10-21 14:36:43.080  INFO 12948 --- [restartedMain] o.s.b.w.embedded.tomcat.TomcatWebServer  : Tomcat started on port(s): 8081 (http) with context path ''
2025-10-21 14:36:43.547  INFO 12948 --- [restartedMain] b.c.t.cliente.ClienteServiceApplication  : Started ClienteServiceApplication in 7.044 seconds (JVM running for 8.36)
2025-10-21 14:37:27.924  INFO 12948 --- [http-nio-8081-exec-1] o.a.c.c.C.[Tomcat].[localhost].[/]       : Initializing Spring DispatcherServlet 'dispatcherServlet'
2025-10-21 14:37:27.924  INFO 12948 --- [http-nio-8081-exec-1] o.s.web.servlet.DispatcherServlet        : Initializing Servlet 'dispatcherServlet'
2025-10-21 14:37:27.929  INFO 12948 --- [http-nio-8081-exec-1] o.s.web.servlet.DispatcherServlet        : Completed initialization in 2 ms
2025-10-23 13:28:55.612  INFO 4892 --- [restartedMain] b.c.t.cliente.ClienteServiceApplication  : Starting ClienteServiceApplication using Java 17.0.12 on DESKTOP-HLR4AN3 with PID 4892 (C:\workspace\microsservico-atendimento\cliente-service\target\classes started by tonyp in C:\workspace\microsservico-atendimento\cliente-service)
2025-10-23 13:28:55.617  INFO 4892 --- [restartedMain] b.c.t.cliente.ClienteServiceApplication  : No active profile set, falling back to 1 default profile: "default"
2025-10-23 13:28:55.677  INFO 4892 --- [restartedMain] .e.DevToolsPropertyDefaultsPostProcessor : Devtools property defaults active! Set 'spring.devtools.add-properties' to 'false' to disable
2025-10-23 13:28:55.678  INFO 4892 --- [restartedMain] .e.DevToolsPropertyDefaultsPostProcessor : For additional web related logging consider setting the 'logging.level.web' property to 'DEBUG'
2025-10-23 13:28:56.569  INFO 4892 --- [restartedMain] .s.d.r.c.RepositoryConfigurationDelegate : Bootstrapping Spring Data JPA repositories in DEFAULT mode.
2025-10-23 13:28:56.629  INFO 4892 --- [restartedMain] .s.d.r.c.RepositoryConfigurationDelegate : Finished Spring Data repository scanning in 51 ms. Found 2 JPA repository interfaces.
2025-10-23 13:28:56.857  INFO 4892 --- [restartedMain] o.s.cloud.context.scope.GenericScope     : BeanFactory id=d56cb2da-d986-33dc-9cad-5f7a9d3f3e17
2025-10-23 13:28:57.457  INFO 4892 --- [restartedMain] o.s.b.w.embedded.tomcat.TomcatWebServer  : Tomcat initialized with port(s): 8081 (http)
2025-10-23 13:28:57.468  INFO 4892 --- [restartedMain] o.apache.catalina.core.StandardService   : Starting service [Tomcat]
2025-10-23 13:28:57.468  INFO 4892 --- [restartedMain] org.apache.catalina.core.StandardEngine  : Starting Servlet engine: [Apache Tomcat/9.0.63]
2025-10-23 13:28:57.567  INFO 4892 --- [restartedMain] o.a.c.c.C.[Tomcat].[localhost].[/]       : Initializing Spring embedded WebApplicationContext
2025-10-23 13:28:57.567  INFO 4892 --- [restartedMain] w.s.c.ServletWebServerApplicationContext : Root WebApplicationContext: initialization completed in 1889 ms
2025-10-23 13:28:57.777  INFO 4892 --- [restartedMain] o.hibernate.jpa.internal.util.LogHelper  : HHH000204: Processing PersistenceUnitInfo [name: default]
2025-10-23 13:28:57.826  INFO 4892 --- [restartedMain] org.hibernate.Version                    : HHH000412: Hibernate ORM core version 5.6.9.Final
2025-10-23 13:28:57.986  INFO 4892 --- [restartedMain] o.hibernate.annotations.common.Version   : HCANN000001: Hibernate Commons Annotations {5.1.2.Final}
2025-10-23 13:28:58.100  INFO 4892 --- [restartedMain] com.zaxxer.hikari.HikariDataSource       : HikariPool-1 - Starting...
2025-10-23 13:28:58.263  INFO 4892 --- [restartedMain] com.zaxxer.hikari.HikariDataSource       : HikariPool-1 - Start completed.
2025-10-23 13:28:58.281  INFO 4892 --- [restartedMain] org.hibernate.dialect.Dialect            : HHH000400: Using dialect: org.hibernate.dialect.PostgreSQLDialect
2025-10-23 13:28:58.909  INFO 4892 --- [restartedMain] o.h.e.t.j.p.i.JtaPlatformInitiator       : HHH000490: Using JtaPlatform implementation: [org.hibernate.engine.transaction.jta.platform.internal.NoJtaPlatform]
2025-10-23 13:28:58.917  INFO 4892 --- [restartedMain] j.LocalContainerEntityManagerFactoryBean : Initialized JPA EntityManagerFactory for persistence unit 'default'
2025-10-23 13:28:59.394  WARN 4892 --- [restartedMain] JpaBaseConfiguration$JpaWebConfiguration : spring.jpa.open-in-view is enabled by default. Therefore, database queries may be performed during view rendering. Explicitly configure spring.jpa.open-in-view to disable this warning
2025-10-23 13:28:59.446  WARN 4892 --- [restartedMain] o.s.b.d.a.OptionalLiveReloadServer       : Unable to start LiveReload server
2025-10-23 13:28:59.842  WARN 4892 --- [restartedMain] .s.s.UserDetailsServiceAutoConfiguration : 

Using generated security password: 17b2e94c-c6a6-4bb5-93c3-11570585af91

This generated password is for development use only. Your security configuration must be updated before running your application in production.

2025-10-23 13:28:59.933  INFO 4892 --- [restartedMain] o.s.s.web.DefaultSecurityFilterChain     : Will secure any request with [org.springframework.security.web.session.DisableEncodeUrlFilter@41434a0a, org.springframework.security.web.context.request.async.WebAsyncManagerIntegrationFilter@61b72f23, org.springframework.security.web.context.SecurityContextPersistenceFilter@690e43cb, org.springframework.security.web.header.HeaderWriterFilter@6f7cbdcb, org.springframework.security.web.authentication.logout.LogoutFilter@212bc273, br.com.tonypool.cliente.security.JwtSecurity@1c9e44f4, org.springframework.security.web.savedrequest.RequestCacheAwareFilter@78f1bb23, org.springframework.security.web.servletapi.SecurityContextHolderAwareRequestFilter@510813c9, org.springframework.security.web.authentication.AnonymousAuthenticationFilter@63a72de3, org.springframework.security.web.session.SessionManagementFilter@2a4bfb00, org.springframework.security.web.access.ExceptionTranslationFilter@59b5cdab, org.springframework.security.web.access.intercept.FilterSecurityInterceptor@6b1979b8]
2025-10-23 13:29:00.412  INFO 4892 --- [restartedMain] o.s.b.w.embedded.tomcat.TomcatWebServer  : Tomcat started on port(s): 8081 (http) with context path ''
2025-10-23 13:29:00.781  INFO 4892 --- [restartedMain] b.c.t.cliente.ClienteServiceApplication  : Started ClienteServiceApplication in 5.737 seconds (JVM running for 6.553)
2025-10-23 13:29:55.615  INFO 4892 --- [RMI TCP Connection(9)-127.0.0.1] inMXBeanRegistrar$SpringApplicationAdmin : Application shutdown requested.
2025-10-23 13:29:55.654  INFO 4892 --- [RMI TCP Connection(9)-127.0.0.1] j.LocalContainerEntityManagerFactoryBean : Closing JPA EntityManagerFactory for persistence unit 'default'
2025-10-23 13:29:55.658  INFO 4892 --- [RMI TCP Connection(9)-127.0.0.1] com.zaxxer.hikari.HikariDataSource       : HikariPool-1 - Shutdown initiated...
2025-10-23 13:29:55.661  INFO 4892 --- [RMI TCP Connection(9)-127.0.0.1] com.zaxxer.hikari.HikariDataSource       : HikariPool-1 - Shutdown completed.
2025-10-23 13:31:46.509  INFO 17896 --- [restartedMain] b.c.t.cliente.ClienteServiceApplication  : Starting ClienteServiceApplication using Java 17.0.12 on DESKTOP-HLR4AN3 with PID 17896 (C:\workspace\microsservico-atendimento\cliente-service\target\classes started by tonyp in C:\workspace\microsservico-atendimento\cliente-service)
2025-10-23 13:31:46.511  INFO 17896 --- [restartedMain] b.c.t.cliente.ClienteServiceApplication  : No active profile set, falling back to 1 default profile: "default"
2025-10-23 13:31:46.576  INFO 17896 --- [restartedMain] .e.DevToolsPropertyDefaultsPostProcessor : Devtools property defaults active! Set 'spring.devtools.add-properties' to 'false' to disable
2025-10-23 13:31:46.576  INFO 17896 --- [restartedMain] .e.DevToolsPropertyDefaultsPostProcessor : For additional web related logging consider setting the 'logging.level.web' property to 'DEBUG'
2025-10-23 13:31:47.638  INFO 17896 --- [restartedMain] .s.d.r.c.RepositoryConfigurationDelegate : Bootstrapping Spring Data JPA repositories in DEFAULT mode.
2025-10-23 13:31:47.706  INFO 17896 --- [restartedMain] .s.d.r.c.RepositoryConfigurationDelegate : Finished Spring Data repository scanning in 59 ms. Found 2 JPA repository interfaces.
2025-10-23 13:31:48.038  INFO 17896 --- [restartedMain] o.s.cloud.context.scope.GenericScope     : BeanFactory id=d56cb2da-d986-33dc-9cad-5f7a9d3f3e17
2025-10-23 13:31:48.667  INFO 17896 --- [restartedMain] o.s.b.w.embedded.tomcat.TomcatWebServer  : Tomcat initialized with port(s): 8081 (http)
2025-10-23 13:31:48.679  INFO 17896 --- [restartedMain] o.apache.catalina.core.StandardService   : Starting service [Tomcat]
2025-10-23 13:31:48.680  INFO 17896 --- [restartedMain] org.apache.catalina.core.StandardEngine  : Starting Servlet engine: [Apache Tomcat/9.0.63]
2025-10-23 13:31:48.792  INFO 17896 --- [restartedMain] o.a.c.c.C.[Tomcat].[localhost].[/]       : Initializing Spring embedded WebApplicationContext
2025-10-23 13:31:48.793  INFO 17896 --- [restartedMain] w.s.c.ServletWebServerApplicationContext : Root WebApplicationContext: initialization completed in 2217 ms
2025-10-23 13:31:49.027  INFO 17896 --- [restartedMain] o.hibernate.jpa.internal.util.LogHelper  : HHH000204: Processing PersistenceUnitInfo [name: default]
2025-10-23 13:31:49.082  INFO 17896 --- [restartedMain] org.hibernate.Version                    : HHH000412: Hibernate ORM core version 5.6.9.Final
2025-10-23 13:31:49.265  INFO 17896 --- [restartedMain] o.hibernate.annotations.common.Version   : HCANN000001: Hibernate Commons Annotations {5.1.2.Final}
2025-10-23 13:31:49.374  INFO 17896 --- [restartedMain] com.zaxxer.hikari.HikariDataSource       : HikariPool-1 - Starting...
2025-10-23 13:31:49.559  INFO 17896 --- [restartedMain] com.zaxxer.hikari.HikariDataSource       : HikariPool-1 - Start completed.
2025-10-23 13:31:49.578  INFO 17896 --- [restartedMain] org.hibernate.dialect.Dialect            : HHH000400: Using dialect: org.hibernate.dialect.PostgreSQLDialect
2025-10-23 13:31:50.351  INFO 17896 --- [restartedMain] o.h.e.t.j.p.i.JtaPlatformInitiator       : HHH000490: Using JtaPlatform implementation: [org.hibernate.engine.transaction.jta.platform.internal.NoJtaPlatform]
2025-10-23 13:31:50.362  INFO 17896 --- [restartedMain] j.LocalContainerEntityManagerFactoryBean : Initialized JPA EntityManagerFactory for persistence unit 'default'
2025-10-23 13:31:50.911  WARN 17896 --- [restartedMain] JpaBaseConfiguration$JpaWebConfiguration : spring.jpa.open-in-view is enabled by default. Therefore, database queries may be performed during view rendering. Explicitly configure spring.jpa.open-in-view to disable this warning
2025-10-23 13:31:50.967  WARN 17896 --- [restartedMain] o.s.b.d.a.OptionalLiveReloadServer       : Unable to start LiveReload server
2025-10-23 13:31:51.436  WARN 17896 --- [restartedMain] .s.s.UserDetailsServiceAutoConfiguration : 

Using generated security password: 5ee4d166-47b8-45e9-a0f7-a7c3a832412f

This generated password is for development use only. Your security configuration must be updated before running your application in production.

2025-10-23 13:31:51.544  INFO 17896 --- [restartedMain] o.s.s.web.DefaultSecurityFilterChain     : Will secure any request with [org.springframework.security.web.session.DisableEncodeUrlFilter@7f39d29b, org.springframework.security.web.context.request.async.WebAsyncManagerIntegrationFilter@c0508e4, org.springframework.security.web.context.SecurityContextPersistenceFilter@5f1f7d25, org.springframework.security.web.header.HeaderWriterFilter@684ea2cf, org.springframework.security.web.authentication.logout.LogoutFilter@171c5b5d, br.com.tonypool.cliente.security.JwtSecurity@454db3c3, org.springframework.security.web.savedrequest.RequestCacheAwareFilter@4012397f, org.springframework.security.web.servletapi.SecurityContextHolderAwareRequestFilter@6429dbc8, org.springframework.security.web.authentication.AnonymousAuthenticationFilter@d9e03f9, org.springframework.security.web.session.SessionManagementFilter@75374e71, org.springframework.security.web.access.ExceptionTranslationFilter@72bceb81, org.springframework.security.web.access.intercept.FilterSecurityInterceptor@b9f1a12]
2025-10-23 13:31:52.091  INFO 17896 --- [restartedMain] o.s.b.w.embedded.tomcat.TomcatWebServer  : Tomcat started on port(s): 8081 (http) with context path ''
2025-10-23 13:31:52.472  INFO 17896 --- [restartedMain] b.c.t.cliente.ClienteServiceApplication  : Started ClienteServiceApplication in 6.606 seconds (JVM running for 7.636)
2025-10-23 13:35:23.593  INFO 16564 --- [restartedMain] b.c.t.cliente.ClienteServiceApplication  : Starting ClienteServiceApplication using Java 17.0.12 on DESKTOP-HLR4AN3 with PID 16564 (C:\workspace\microsservico-atendimento\cliente-service\target\classes started by tonyp in C:\workspace\microsservico-atendimento\cliente-service)
2025-10-23 13:35:23.598  INFO 16564 --- [restartedMain] b.c.t.cliente.ClienteServiceApplication  : No active profile set, falling back to 1 default profile: "default"
2025-10-23 13:35:23.797  INFO 16564 --- [restartedMain] .e.DevToolsPropertyDefaultsPostProcessor : Devtools property defaults active! Set 'spring.devtools.add-properties' to 'false' to disable
2025-10-23 13:35:23.797  INFO 16564 --- [restartedMain] .e.DevToolsPropertyDefaultsPostProcessor : For additional web related logging consider setting the 'logging.level.web' property to 'DEBUG'
2025-10-23 13:35:26.384  INFO 16564 --- [restartedMain] .s.d.r.c.RepositoryConfigurationDelegate : Bootstrapping Spring Data JPA repositories in DEFAULT mode.
2025-10-23 13:35:26.563  INFO 16564 --- [restartedMain] .s.d.r.c.RepositoryConfigurationDelegate : Finished Spring Data repository scanning in 138 ms. Found 2 JPA repository interfaces.
2025-10-23 13:35:27.130  INFO 16564 --- [restartedMain] o.s.cloud.context.scope.GenericScope     : BeanFactory id=d56cb2da-d986-33dc-9cad-5f7a9d3f3e17
2025-10-23 13:35:28.616  INFO 16564 --- [restartedMain] o.s.b.w.embedded.tomcat.TomcatWebServer  : Tomcat initialized with port(s): 8081 (http)
2025-10-23 13:35:28.642  INFO 16564 --- [restartedMain] o.apache.catalina.core.StandardService   : Starting service [Tomcat]
2025-10-23 13:35:28.642  INFO 16564 --- [restartedMain] org.apache.catalina.core.StandardEngine  : Starting Servlet engine: [Apache Tomcat/9.0.63]
2025-10-23 13:35:28.834  INFO 16564 --- [restartedMain] o.a.c.c.C.[Tomcat].[localhost].[/]       : Initializing Spring embedded WebApplicationContext
2025-10-23 13:35:28.835  INFO 16564 --- [restartedMain] w.s.c.ServletWebServerApplicationContext : Root WebApplicationContext: initialization completed in 5036 ms
2025-10-23 13:35:29.973  INFO 16564 --- [restartedMain] o.hibernate.jpa.internal.util.LogHelper  : HHH000204: Processing PersistenceUnitInfo [name: default]
2025-10-23 13:35:30.215  INFO 16564 --- [restartedMain] org.hibernate.Version                    : HHH000412: Hibernate ORM core version 5.6.9.Final
2025-10-23 13:35:30.828  INFO 16564 --- [restartedMain] o.hibernate.annotations.common.Version   : HCANN000001: Hibernate Commons Annotations {5.1.2.Final}
2025-10-23 13:35:31.332  INFO 16564 --- [restartedMain] com.zaxxer.hikari.HikariDataSource       : HikariPool-1 - Starting...
2025-10-23 13:35:31.891  INFO 16564 --- [restartedMain] com.zaxxer.hikari.HikariDataSource       : HikariPool-1 - Start completed.
2025-10-23 13:35:31.961  INFO 16564 --- [restartedMain] org.hibernate.dialect.Dialect            : HHH000400: Using dialect: org.hibernate.dialect.PostgreSQLDialect
2025-10-23 13:35:34.189  INFO 16564 --- [restartedMain] o.h.e.t.j.p.i.JtaPlatformInitiator       : HHH000490: Using JtaPlatform implementation: [org.hibernate.engine.transaction.jta.platform.internal.NoJtaPlatform]
2025-10-23 13:35:34.214  INFO 16564 --- [restartedMain] j.LocalContainerEntityManagerFactoryBean : Initialized JPA EntityManagerFactory for persistence unit 'default'
2025-10-23 13:35:35.617  WARN 16564 --- [restartedMain] JpaBaseConfiguration$JpaWebConfiguration : spring.jpa.open-in-view is enabled by default. Therefore, database queries may be performed during view rendering. Explicitly configure spring.jpa.open-in-view to disable this warning
2025-10-23 13:35:35.761  WARN 16564 --- [restartedMain] o.s.b.d.a.OptionalLiveReloadServer       : Unable to start LiveReload server
2025-10-23 13:35:36.830  WARN 16564 --- [restartedMain] .s.s.UserDetailsServiceAutoConfiguration : 

Using generated security password: e60ebffa-e1ba-4252-b84b-81fab6bb8a72

This generated password is for development use only. Your security configuration must be updated before running your application in production.

2025-10-23 13:35:37.117  INFO 16564 --- [restartedMain] o.s.s.web.DefaultSecurityFilterChain     : Will secure any request with [org.springframework.security.web.session.DisableEncodeUrlFilter@4f3dd439, org.springframework.security.web.context.request.async.WebAsyncManagerIntegrationFilter@73a84f65, org.springframework.security.web.context.SecurityContextPersistenceFilter@15bae108, org.springframework.security.web.header.HeaderWriterFilter@42683a54, org.springframework.security.web.authentication.logout.LogoutFilter@24f26a0b, br.com.tonypool.cliente.security.JwtSecurity@1d2638f8, org.springframework.security.web.savedrequest.RequestCacheAwareFilter@307b044, org.springframework.security.web.servletapi.SecurityContextHolderAwareRequestFilter@6aeb57a1, org.springframework.security.web.authentication.AnonymousAuthenticationFilter@59d09f27, org.springframework.security.web.session.SessionManagementFilter@2f86cc3b, org.springframework.security.web.access.ExceptionTranslationFilter@6c1aea32, org.springframework.security.web.access.intercept.FilterSecurityInterceptor@35712b10]
2025-10-23 13:35:38.319  INFO 16564 --- [restartedMain] o.s.b.w.embedded.tomcat.TomcatWebServer  : Tomcat started on port(s): 8081 (http) with context path ''
2025-10-23 13:35:39.169  INFO 16564 --- [restartedMain] b.c.t.cliente.ClienteServiceApplication  : Started ClienteServiceApplication in 17.118 seconds (JVM running for 21.409)
2025-10-23 13:57:56.615  INFO 16564 --- [http-nio-8081-exec-1] o.a.c.c.C.[Tomcat].[localhost].[/]       : Initializing Spring DispatcherServlet 'dispatcherServlet'
2025-10-23 13:57:56.627  INFO 16564 --- [http-nio-8081-exec-1] o.s.web.servlet.DispatcherServlet        : Initializing Servlet 'dispatcherServlet'
2025-10-23 13:57:56.656  INFO 16564 --- [http-nio-8081-exec-1] o.s.web.servlet.DispatcherServlet        : Completed initialization in 28 ms
2025-10-23 14:04:48.196  INFO 16564 --- [Thread-1] j.LocalContainerEntityManagerFactoryBean : Closing JPA EntityManagerFactory for persistence unit 'default'
2025-10-23 14:04:48.218  INFO 16564 --- [Thread-1] com.zaxxer.hikari.HikariDataSource       : HikariPool-1 - Shutdown initiated...
2025-10-23 14:04:48.250  INFO 16564 --- [Thread-1] com.zaxxer.hikari.HikariDataSource       : HikariPool-1 - Shutdown completed.
2025-10-23 14:04:49.986  INFO 16564 --- [restartedMain] b.c.t.cliente.ClienteServiceApplication  : Starting ClienteServiceApplication using Java 17.0.12 on DESKTOP-HLR4AN3 with PID 16564 (C:\workspace\microsservico-atendimento\cliente-service\target\classes started by tonyp in C:\workspace\microsservico-atendimento\cliente-service)
2025-10-23 14:04:49.987  INFO 16564 --- [restartedMain] b.c.t.cliente.ClienteServiceApplication  : No active profile set, falling back to 1 default profile: "default"
2025-10-23 14:04:51.452  INFO 16564 --- [restartedMain] .s.d.r.c.RepositoryConfigurationDelegate : Bootstrapping Spring Data JPA repositories in DEFAULT mode.
2025-10-23 14:04:51.485  WARN 16564 --- [restartedMain] .RepositoryConfigurationExtensionSupport : JPA - Could not load type br.com.tonypool.cliente.repository.IClienteRepository using class loader org.springframework.boot.devtools.restart.classloader.RestartClassLoader@4c5a8adb.

java.lang.ClassNotFoundException: br.com.tonypool.cliente.repository.IClienteRepository
	at java.base/jdk.internal.loader.BuiltinClassLoader.loadClass(BuiltinClassLoader.java:641) ~[na:na]
	at java.base/jdk.internal.loader.ClassLoaders$AppClassLoader.loadClass(ClassLoaders.java:188) ~[na:na]
	at java.base/java.lang.ClassLoader.loadClass(ClassLoader.java:525) ~[na:na]
	at java.base/java.lang.Class.forName0(Native Method) ~[na:na]
	at java.base/java.lang.Class.forName(Class.java:467) ~[na:na]
	at org.springframework.boot.devtools.restart.classloader.RestartClassLoader.loadClass(RestartClassLoader.java:145) ~[spring-boot-devtools-2.7.0.jar:2.7.0]
	at java.base/java.lang.ClassLoader.loadClass(ClassLoader.java:525) ~[na:na]
	at java.base/java.lang.Class.forName0(Native Method) ~[na:na]
	at java.base/java.lang.Class.forName(Class.java:467) ~[na:na]
	at org.springframework.util.ClassUtils.forName(ClassUtils.java:284) ~[spring-core-5.3.20.jar:5.3.20]
	at org.springframework.data.repository.config.RepositoryConfigurationExtensionSupport.loadRepositoryInterface(RepositoryConfigurationExtensionSupport.java:390) ~[spring-data-commons-2.7.0.jar:2.7.0]
	at org.springframework.data.repository.config.RepositoryConfigurationExtensionSupport.getRepositoryConfigurations(RepositoryConfigurationExtensionSupport.java:95) ~[spring-data-commons-2.7.0.jar:2.7.0]
	at org.springframework.data.repository.config.RepositoryConfigurationDelegate.registerRepositoriesIn(RepositoryConfigurationDelegate.java:159) ~[spring-data-commons-2.7.0.jar:2.7.0]
	at org.springframework.boot.autoconfigure.data.AbstractRepositoryConfigurationSourceSupport.registerBeanDefinitions(AbstractRepositoryConfigurationSourceSupport.java:62) ~[spring-boot-autoconfigure-2.7.0.jar:2.7.0]
	at org.springframework.context.annotation.ConfigurationClassBeanDefinitionReader.lambda$loadBeanDefinitionsFromRegistrars$1(ConfigurationClassBeanDefinitionReader.java:396) ~[spring-context-5.3.20.jar:5.3.20]
	at java.base/java.util.LinkedHashMap.forEach(LinkedHashMap.java:721) ~[na:na]
	at org.springframework.context.annotation.ConfigurationClassBeanDefinitionReader.loadBeanDefinitionsFromRegistrars(ConfigurationClassBeanDefinitionReader.java:395) ~[spring-context-5.3.20.jar:5.3.20]
	at org.springframework.context.annotation.ConfigurationClassBeanDefinitionReader.loadBeanDefinitionsForConfigurationClass(ConfigurationClassBeanDefinitionReader.java:157) ~[spring-context-5.3.20.jar:5.3.20]
	at org.springframework.context.annotation.ConfigurationClassBeanDefinitionReader.loadBeanDefinitions(ConfigurationClassBeanDefinitionReader.java:129) ~[spring-context-5.3.20.jar:5.3.20]
	at org.springframework.context.annotation.ConfigurationClassPostProcessor.processConfigBeanDefinitions(ConfigurationClassPostProcessor.java:343) ~[spring-context-5.3.20.jar:5.3.20]
	at org.springframework.context.annotation.ConfigurationClassPostProcessor.postProcessBeanDefinitionRegistry(ConfigurationClassPostProcessor.java:247) ~[spring-context-5.3.20.jar:5.3.20]
	at org.springframework.context.support.PostProcessorRegistrationDelegate.invokeBeanDefinitionRegistryPostProcessors(PostProcessorRegistrationDelegate.java:311) ~[spring-context-5.3.20.jar:5.3.20]
	at org.springframework.context.support.PostProcessorRegistrationDelegate.invokeBeanFactoryPostProcessors(PostProcessorRegistrationDelegate.java:112) ~[spring-context-5.3.20.jar:5.3.20]
	at org.springframework.context.support.AbstractApplicationContext.invokeBeanFactoryPostProcessors(AbstractApplicationContext.java:746) ~[spring-context-5.3.20.jar:5.3.20]
	at org.springframework.context.support.AbstractApplicationContext.refresh(AbstractApplicationContext.java:564) ~[spring-context-5.3.20.jar:5.3.20]
	at org.springframework.boot.web.servlet.context.ServletWebServerApplicationContext.refresh(ServletWebServerApplicationContext.java:147) ~[spring-boot-2.7.0.jar:2.7.0]
	at org.springframework.boot.SpringApplication.refresh(SpringApplication.java:734) ~[spring-boot-2.7.0.jar:2.7.0]
	at org.springframework.boot.SpringApplication.refreshContext(SpringApplication.java:408) ~[spring-boot-2.7.0.jar:2.7.0]
	at org.springframework.boot.SpringApplication.run(SpringApplication.java:308) ~[spring-boot-2.7.0.jar:2.7.0]
	at org.springframework.boot.SpringApplication.run(SpringApplication.java:1306) ~[spring-boot-2.7.0.jar:2.7.0]
	at org.springframework.boot.SpringApplication.run(SpringApplication.java:1295) ~[spring-boot-2.7.0.jar:2.7.0]
	at br.com.tonypool.cliente.ClienteServiceApplication.main(ClienteServiceApplication.java:11) ~[classes/:na]
	at java.base/jdk.internal.reflect.NativeMethodAccessorImpl.invoke0(Native Method) ~[na:na]
	at java.base/jdk.internal.reflect.NativeMethodAccessorImpl.invoke(NativeMethodAccessorImpl.java:77) ~[na:na]
	at java.base/jdk.internal.reflect.DelegatingMethodAccessorImpl.invoke(DelegatingMethodAccessorImpl.java:43) ~[na:na]
	at java.base/java.lang.reflect.Method.invoke(Method.java:568) ~[na:na]
	at org.springframework.boot.devtools.restart.RestartLauncher.run(RestartLauncher.java:49) ~[spring-boot-devtools-2.7.0.jar:2.7.0]

2025-10-23 14:04:51.491  WARN 16564 --- [restartedMain] .RepositoryConfigurationExtensionSupport : JPA - Could not load type br.com.tonypool.cliente.repository.IEnderecoRepository using class loader org.springframework.boot.devtools.restart.classloader.RestartClassLoader@4c5a8adb.

java.lang.ClassNotFoundException: br.com.tonypool.cliente.repository.IEnderecoRepository
	at java.base/jdk.internal.loader.BuiltinClassLoader.loadClass(BuiltinClassLoader.java:641) ~[na:na]
	at java.base/jdk.internal.loader.ClassLoaders$AppClassLoader.loadClass(ClassLoaders.java:188) ~[na:na]
	at java.base/java.lang.ClassLoader.loadClass(ClassLoader.java:525) ~[na:na]
	at java.base/java.lang.Class.forName0(Native Method) ~[na:na]
	at java.base/java.lang.Class.forName(Class.java:467) ~[na:na]
	at org.springframework.boot.devtools.restart.classloader.RestartClassLoader.loadClass(RestartClassLoader.java:145) ~[spring-boot-devtools-2.7.0.jar:2.7.0]
	at java.base/java.lang.ClassLoader.loadClass(ClassLoader.java:525) ~[na:na]
	at java.base/java.lang.Class.forName0(Native Method) ~[na:na]
	at java.base/java.lang.Class.forName(Class.java:467) ~[na:na]
	at org.springframework.util.ClassUtils.forName(ClassUtils.java:284) ~[spring-core-5.3.20.jar:5.3.20]
	at org.springframework.data.repository.config.RepositoryConfigurationExtensionSupport.loadRepositoryInterface(RepositoryConfigurationExtensionSupport.java:390) ~[spring-data-commons-2.7.0.jar:2.7.0]
	at org.springframework.data.repository.config.RepositoryConfigurationExtensionSupport.getRepositoryConfigurations(RepositoryConfigurationExtensionSupport.java:95) ~[spring-data-commons-2.7.0.jar:2.7.0]
	at org.springframework.data.repository.config.RepositoryConfigurationDelegate.registerRepositoriesIn(RepositoryConfigurationDelegate.java:159) ~[spring-data-commons-2.7.0.jar:2.7.0]
	at org.springframework.boot.autoconfigure.data.AbstractRepositoryConfigurationSourceSupport.registerBeanDefinitions(AbstractRepositoryConfigurationSourceSupport.java:62) ~[spring-boot-autoconfigure-2.7.0.jar:2.7.0]
	at org.springframework.context.annotation.ConfigurationClassBeanDefinitionReader.lambda$loadBeanDefinitionsFromRegistrars$1(ConfigurationClassBeanDefinitionReader.java:396) ~[spring-context-5.3.20.jar:5.3.20]
	at java.base/java.util.LinkedHashMap.forEach(LinkedHashMap.java:721) ~[na:na]
	at org.springframework.context.annotation.ConfigurationClassBeanDefinitionReader.loadBeanDefinitionsFromRegistrars(ConfigurationClassBeanDefinitionReader.java:395) ~[spring-context-5.3.20.jar:5.3.20]
	at org.springframework.context.annotation.ConfigurationClassBeanDefinitionReader.loadBeanDefinitionsForConfigurationClass(ConfigurationClassBeanDefinitionReader.java:157) ~[spring-context-5.3.20.jar:5.3.20]
	at org.springframework.context.annotation.ConfigurationClassBeanDefinitionReader.loadBeanDefinitions(ConfigurationClassBeanDefinitionReader.java:129) ~[spring-context-5.3.20.jar:5.3.20]
	at org.springframework.context.annotation.ConfigurationClassPostProcessor.processConfigBeanDefinitions(ConfigurationClassPostProcessor.java:343) ~[spring-context-5.3.20.jar:5.3.20]
	at org.springframework.context.annotation.ConfigurationClassPostProcessor.postProcessBeanDefinitionRegistry(ConfigurationClassPostProcessor.java:247) ~[spring-context-5.3.20.jar:5.3.20]
	at org.springframework.context.support.PostProcessorRegistrationDelegate.invokeBeanDefinitionRegistryPostProcessors(PostProcessorRegistrationDelegate.java:311) ~[spring-context-5.3.20.jar:5.3.20]
	at org.springframework.context.support.PostProcessorRegistrationDelegate.invokeBeanFactoryPostProcessors(PostProcessorRegistrationDelegate.java:112) ~[spring-context-5.3.20.jar:5.3.20]
	at org.springframework.context.support.AbstractApplicationContext.invokeBeanFactoryPostProcessors(AbstractApplicationContext.java:746) ~[spring-context-5.3.20.jar:5.3.20]
	at org.springframework.context.support.AbstractApplicationContext.refresh(AbstractApplicationContext.java:564) ~[spring-context-5.3.20.jar:5.3.20]
	at org.springframework.boot.web.servlet.context.ServletWebServerApplicationContext.refresh(ServletWebServerApplicationContext.java:147) ~[spring-boot-2.7.0.jar:2.7.0]
	at org.springframework.boot.SpringApplication.refresh(SpringApplication.java:734) ~[spring-boot-2.7.0.jar:2.7.0]
	at org.springframework.boot.SpringApplication.refreshContext(SpringApplication.java:408) ~[spring-boot-2.7.0.jar:2.7.0]
	at org.springframework.boot.SpringApplication.run(SpringApplication.java:308) ~[spring-boot-2.7.0.jar:2.7.0]
	at org.springframework.boot.SpringApplication.run(SpringApplication.java:1306) ~[spring-boot-2.7.0.jar:2.7.0]
	at org.springframework.boot.SpringApplication.run(SpringApplication.java:1295) ~[spring-boot-2.7.0.jar:2.7.0]
	at br.com.tonypool.cliente.ClienteServiceApplication.main(ClienteServiceApplication.java:11) ~[classes/:na]
	at java.base/jdk.internal.reflect.NativeMethodAccessorImpl.invoke0(Native Method) ~[na:na]
	at java.base/jdk.internal.reflect.NativeMethodAccessorImpl.invoke(NativeMethodAccessorImpl.java:77) ~[na:na]
	at java.base/jdk.internal.reflect.DelegatingMethodAccessorImpl.invoke(DelegatingMethodAccessorImpl.java:43) ~[na:na]
	at java.base/java.lang.reflect.Method.invoke(Method.java:568) ~[na:na]
	at org.springframework.boot.devtools.restart.RestartLauncher.run(RestartLauncher.java:49) ~[spring-boot-devtools-2.7.0.jar:2.7.0]

2025-10-23 14:04:51.498  WARN 16564 --- [restartedMain] ConfigServletWebServerApplicationContext : Exception encountered during context initialization - cancelling refresh attempt: org.springframework.beans.factory.BeanDefinitionStoreException: Cannot parse br.com.tonypool.cliente.repository.IClienteRepository metadata.; nested exception is java.io.FileNotFoundException: class path resource [br/com/tonypool/cliente/repository/IClienteRepository.class] cannot be opened because it does not exist
2025-10-23 14:04:51.509  INFO 16564 --- [restartedMain] ConditionEvaluationReportLoggingListener : 

Error starting ApplicationContext. To display the conditions report re-run your application with 'debug' enabled.
2025-10-23 14:04:51.609 ERROR 16564 --- [restartedMain] o.s.boot.SpringApplication               : Application run failed

org.springframework.beans.factory.BeanDefinitionStoreException: Cannot parse br.com.tonypool.cliente.repository.IClienteRepository metadata.; nested exception is java.io.FileNotFoundException: class path resource [br/com/tonypool/cliente/repository/IClienteRepository.class] cannot be opened because it does not exist
	at org.springframework.data.repository.config.FragmentMetadata.getClassMetadata(FragmentMetadata.java:88) ~[spring-data-commons-2.7.0.jar:2.7.0]
	at org.springframework.data.repository.config.FragmentMetadata.getFragmentInterfaces(FragmentMetadata.java:54) ~[spring-data-commons-2.7.0.jar:2.7.0]
	at org.springframework.data.repository.config.RepositoryBeanDefinitionBuilder.registerRepositoryFragmentsImplementation(RepositoryBeanDefinitionBuilder.java:169) ~[spring-data-commons-2.7.0.jar:2.7.0]
	at org.springframework.data.repository.config.RepositoryBeanDefinitionBuilder.build(RepositoryBeanDefinitionBuilder.java:124) ~[spring-data-commons-2.7.0.jar:2.7.0]
	at org.springframework.data.repository.config.RepositoryConfigurationDelegate.registerRepositoriesIn(RepositoryConfigurationDelegate.java:167) ~[spring-data-commons-2.7.0.jar:2.7.0]
	at org.springframework.boot.autoconfigure.data.AbstractRepositoryConfigurationSourceSupport.registerBeanDefinitions(AbstractRepositoryConfigurationSourceSupport.java:62) ~[spring-boot-autoconfigure-2.7.0.jar:2.7.0]
	at org.springframework.context.annotation.ConfigurationClassBeanDefinitionReader.lambda$loadBeanDefinitionsFromRegistrars$1(ConfigurationClassBeanDefinitionReader.java:396) ~[spring-context-5.3.20.jar:5.3.20]
	at java.base/java.util.LinkedHashMap.forEach(LinkedHashMap.java:721) ~[na:na]
	at org.springframework.context.annotation.ConfigurationClassBeanDefinitionReader.loadBeanDefinitionsFromRegistrars(ConfigurationClassBeanDefinitionReader.java:395) ~[spring-context-5.3.20.jar:5.3.20]
	at org.springframework.context.annotation.ConfigurationClassBeanDefinitionReader.loadBeanDefinitionsForConfigurationClass(ConfigurationClassBeanDefinitionReader.java:157) ~[spring-context-5.3.20.jar:5.3.20]
	at org.springframework.context.annotation.ConfigurationClassBeanDefinitionReader.loadBeanDefinitions(ConfigurationClassBeanDefinitionReader.java:129) ~[spring-context-5.3.20.jar:5.3.20]
	at org.springframework.context.annotation.ConfigurationClassPostProcessor.processConfigBeanDefinitions(ConfigurationClassPostProcessor.java:343) ~[spring-context-5.3.20.jar:5.3.20]
	at org.springframework.context.annotation.ConfigurationClassPostProcessor.postProcessBeanDefinitionRegistry(ConfigurationClassPostProcessor.java:247) ~[spring-context-5.3.20.jar:5.3.20]
	at org.springframework.context.support.PostProcessorRegistrationDelegate.invokeBeanDefinitionRegistryPostProcessors(PostProcessorRegistrationDelegate.java:311) ~[spring-context-5.3.20.jar:5.3.20]
	at org.springframework.context.support.PostProcessorRegistrationDelegate.invokeBeanFactoryPostProcessors(PostProcessorRegistrationDelegate.java:112) ~[spring-context-5.3.20.jar:5.3.20]
	at org.springframework.context.support.AbstractApplicationContext.invokeBeanFactoryPostProcessors(AbstractApplicationContext.java:746) ~[spring-context-5.3.20.jar:5.3.20]
	at org.springframework.context.support.AbstractApplicationContext.refresh(AbstractApplicationContext.java:564) ~[spring-context-5.3.20.jar:5.3.20]
	at org.springframework.boot.web.servlet.context.ServletWebServerApplicationContext.refresh(ServletWebServerApplicationContext.java:147) ~[spring-boot-2.7.0.jar:2.7.0]
	at org.springframework.boot.SpringApplication.refresh(SpringApplication.java:734) ~[spring-boot-2.7.0.jar:2.7.0]
	at org.springframework.boot.SpringApplication.refreshContext(SpringApplication.java:408) ~[spring-boot-2.7.0.jar:2.7.0]
	at org.springframework.boot.SpringApplication.run(SpringApplication.java:308) ~[spring-boot-2.7.0.jar:2.7.0]
	at org.springframework.boot.SpringApplication.run(SpringApplication.java:1306) ~[spring-boot-2.7.0.jar:2.7.0]
	at org.springframework.boot.SpringApplication.run(SpringApplication.java:1295) ~[spring-boot-2.7.0.jar:2.7.0]
	at br.com.tonypool.cliente.ClienteServiceApplication.main(ClienteServiceApplication.java:11) ~[classes/:na]
	at java.base/jdk.internal.reflect.NativeMethodAccessorImpl.invoke0(Native Method) ~[na:na]
	at java.base/jdk.internal.reflect.NativeMethodAccessorImpl.invoke(NativeMethodAccessorImpl.java:77) ~[na:na]
	at java.base/jdk.internal.reflect.DelegatingMethodAccessorImpl.invoke(DelegatingMethodAccessorImpl.java:43) ~[na:na]
	at java.base/java.lang.reflect.Method.invoke(Method.java:568) ~[na:na]
	at org.springframework.boot.devtools.restart.RestartLauncher.run(RestartLauncher.java:49) ~[spring-boot-devtools-2.7.0.jar:2.7.0]
Caused by: java.io.FileNotFoundException: class path resource [br/com/tonypool/cliente/repository/IClienteRepository.class] cannot be opened because it does not exist
	at org.springframework.core.io.ClassPathResource.getInputStream(ClassPathResource.java:199) ~[spring-core-5.3.20.jar:5.3.20]
	at org.springframework.core.type.classreading.SimpleMetadataReader.getClassReader(SimpleMetadataReader.java:55) ~[spring-core-5.3.20.jar:5.3.20]
	at org.springframework.core.type.classreading.SimpleMetadataReader.<init>(SimpleMetadataReader.java:49) ~[spring-core-5.3.20.jar:5.3.20]
	at org.springframework.core.type.classreading.SimpleMetadataReaderFactory.getMetadataReader(SimpleMetadataReaderFactory.java:103) ~[spring-core-5.3.20.jar:5.3.20]
	at org.springframework.core.type.classreading.CachingMetadataReaderFactory.getMetadataReader(CachingMetadataReaderFactory.java:123) ~[spring-core-5.3.20.jar:5.3.20]
	at org.springframework.core.type.classreading.SimpleMetadataReaderFactory.getMetadataReader(SimpleMetadataReaderFactory.java:81) ~[spring-core-5.3.20.jar:5.3.20]
	at org.springframework.data.repository.config.FragmentMetadata.getClassMetadata(FragmentMetadata.java:86) ~[spring-data-commons-2.7.0.jar:2.7.0]
	... 28 common frames omitted

2025-10-23 14:04:53.994  INFO 16564 --- [restartedMain] b.c.t.cliente.ClienteServiceApplication  : Starting ClienteServiceApplication using Java 17.0.12 on DESKTOP-HLR4AN3 with PID 16564 (C:\workspace\microsservico-atendimento\cliente-service\target\classes started by tonyp in C:\workspace\microsservico-atendimento\cliente-service)
2025-10-23 14:04:53.996  INFO 16564 --- [restartedMain] b.c.t.cliente.ClienteServiceApplication  : No active profile set, falling back to 1 default profile: "default"
2025-10-23 14:04:55.687  INFO 16564 --- [restartedMain] .s.d.r.c.RepositoryConfigurationDelegate : Bootstrapping Spring Data JPA repositories in DEFAULT mode.
2025-10-23 14:04:55.706  INFO 16564 --- [restartedMain] .s.d.r.c.RepositoryConfigurationDelegate : Finished Spring Data repository scanning in 17 ms. Found 2 JPA repository interfaces.
2025-10-23 14:04:55.916  INFO 16564 --- [restartedMain] o.s.cloud.context.scope.GenericScope     : BeanFactory id=d56cb2da-d986-33dc-9cad-5f7a9d3f3e17
2025-10-23 14:04:56.687  INFO 16564 --- [restartedMain] o.s.b.w.embedded.tomcat.TomcatWebServer  : Tomcat initialized with port(s): 8081 (http)
2025-10-23 14:04:56.689  INFO 16564 --- [restartedMain] o.apache.catalina.core.StandardService   : Starting service [Tomcat]
2025-10-23 14:04:56.689  INFO 16564 --- [restartedMain] org.apache.catalina.core.StandardEngine  : Starting Servlet engine: [Apache Tomcat/9.0.63]
2025-10-23 14:04:56.771  INFO 16564 --- [restartedMain] o.a.c.c.C.[Tomcat].[localhost].[/]       : Initializing Spring embedded WebApplicationContext
2025-10-23 14:04:56.771  INFO 16564 --- [restartedMain] w.s.c.ServletWebServerApplicationContext : Root WebApplicationContext: initialization completed in 2774 ms
2025-10-23 14:04:56.851  INFO 16564 --- [restartedMain] o.hibernate.jpa.internal.util.LogHelper  : HHH000204: Processing PersistenceUnitInfo [name: default]
2025-10-23 14:04:56.888  INFO 16564 --- [restartedMain] com.zaxxer.hikari.HikariDataSource       : HikariPool-2 - Starting...
2025-10-23 14:04:57.152  INFO 16564 --- [restartedMain] com.zaxxer.hikari.HikariDataSource       : HikariPool-2 - Start completed.
2025-10-23 14:04:57.154  INFO 16564 --- [restartedMain] org.hibernate.dialect.Dialect            : HHH000400: Using dialect: org.hibernate.dialect.PostgreSQLDialect
2025-10-23 14:04:58.401  INFO 16564 --- [restartedMain] o.h.e.t.j.p.i.JtaPlatformInitiator       : HHH000490: Using JtaPlatform implementation: [org.hibernate.engine.transaction.jta.platform.internal.NoJtaPlatform]
2025-10-23 14:04:58.402  INFO 16564 --- [restartedMain] j.LocalContainerEntityManagerFactoryBean : Initialized JPA EntityManagerFactory for persistence unit 'default'
2025-10-23 14:04:58.652  WARN 16564 --- [restartedMain] JpaBaseConfiguration$JpaWebConfiguration : spring.jpa.open-in-view is enabled by default. Therefore, database queries may be performed during view rendering. Explicitly configure spring.jpa.open-in-view to disable this warning
2025-10-23 14:04:58.687  WARN 16564 --- [restartedMain] o.s.b.d.a.OptionalLiveReloadServer       : Unable to start LiveReload server
2025-10-23 14:04:58.839  WARN 16564 --- [restartedMain] .s.s.UserDetailsServiceAutoConfiguration : 

Using generated security password: 934be115-a862-4714-82f2-00586dba9d0e

This generated password is for development use only. Your security configuration must be updated before running your application in production.

2025-10-23 14:04:58.870  INFO 16564 --- [restartedMain] o.s.s.web.DefaultSecurityFilterChain     : Will secure any request with [org.springframework.security.web.session.DisableEncodeUrlFilter@600fe9b5, org.springframework.security.web.context.request.async.WebAsyncManagerIntegrationFilter@2d3830ff, org.springframework.security.web.context.SecurityContextPersistenceFilter@2d444d21, org.springframework.security.web.header.HeaderWriterFilter@2780c8e0, org.springframework.security.web.authentication.logout.LogoutFilter@2748155, br.com.tonypool.cliente.security.JwtSecurity@65a6e8f6, org.springframework.security.web.savedrequest.RequestCacheAwareFilter@683e3b10, org.springframework.security.web.servletapi.SecurityContextHolderAwareRequestFilter@49d8293f, org.springframework.security.web.authentication.AnonymousAuthenticationFilter@5019086c, org.springframework.security.web.session.SessionManagementFilter@6826b153, org.springframework.security.web.access.ExceptionTranslationFilter@2e9d6455, org.springframework.security.web.access.intercept.FilterSecurityInterceptor@7038b658]
2025-10-23 14:04:59.495  INFO 16564 --- [restartedMain] o.s.b.w.embedded.tomcat.TomcatWebServer  : Tomcat started on port(s): 8081 (http) with context path ''
2025-10-23 14:04:59.806  INFO 16564 --- [restartedMain] b.c.t.cliente.ClienteServiceApplication  : Started ClienteServiceApplication in 6.748 seconds (JVM running for 1782.045)
2025-10-23 14:04:59.811  INFO 16564 --- [restartedMain] .ConditionEvaluationDeltaLoggingListener : Condition evaluation unchanged
2025-10-23 14:10:48.176  INFO 16564 --- [Thread-7] j.LocalContainerEntityManagerFactoryBean : Closing JPA EntityManagerFactory for persistence unit 'default'
2025-10-23 14:10:48.179  INFO 16564 --- [Thread-7] com.zaxxer.hikari.HikariDataSource       : HikariPool-2 - Shutdown initiated...
2025-10-23 14:10:48.192  INFO 16564 --- [Thread-7] com.zaxxer.hikari.HikariDataSource       : HikariPool-2 - Shutdown completed.
2025-10-23 14:10:48.689  INFO 16564 --- [restartedMain] b.c.t.cliente.ClienteServiceApplication  : Starting ClienteServiceApplication using Java 17.0.12 on DESKTOP-HLR4AN3 with PID 16564 (C:\workspace\microsservico-atendimento\cliente-service\target\classes started by tonyp in C:\workspace\microsservico-atendimento\cliente-service)
2025-10-23 14:10:48.690  INFO 16564 --- [restartedMain] b.c.t.cliente.ClienteServiceApplication  : No active profile set, falling back to 1 default profile: "default"
2025-10-23 14:10:49.787  INFO 16564 --- [restartedMain] .s.d.r.c.RepositoryConfigurationDelegate : Bootstrapping Spring Data JPA repositories in DEFAULT mode.
2025-10-23 14:10:49.820  INFO 16564 --- [restartedMain] .s.d.r.c.RepositoryConfigurationDelegate : Finished Spring Data repository scanning in 33 ms. Found 2 JPA repository interfaces.
2025-10-23 14:10:49.958  INFO 16564 --- [restartedMain] o.s.cloud.context.scope.GenericScope     : BeanFactory id=d56cb2da-d986-33dc-9cad-5f7a9d3f3e17
2025-10-23 14:10:50.157  INFO 16564 --- [restartedMain] o.s.b.w.embedded.tomcat.TomcatWebServer  : Tomcat initialized with port(s): 8081 (http)
2025-10-23 14:10:50.157  INFO 16564 --- [restartedMain] o.apache.catalina.core.StandardService   : Starting service [Tomcat]
2025-10-23 14:10:50.158  INFO 16564 --- [restartedMain] org.apache.catalina.core.StandardEngine  : Starting Servlet engine: [Apache Tomcat/9.0.63]
2025-10-23 14:10:50.193  INFO 16564 --- [restartedMain] o.a.c.c.C.[Tomcat].[localhost].[/]       : Initializing Spring embedded WebApplicationContext
2025-10-23 14:10:50.193  INFO 16564 --- [restartedMain] w.s.c.ServletWebServerApplicationContext : Root WebApplicationContext: initialization completed in 1494 ms
2025-10-23 14:10:50.291  INFO 16564 --- [restartedMain] o.hibernate.jpa.internal.util.LogHelper  : HHH000204: Processing PersistenceUnitInfo [name: default]
2025-10-23 14:10:50.299  INFO 16564 --- [restartedMain] com.zaxxer.hikari.HikariDataSource       : HikariPool-3 - Starting...
2025-10-23 14:10:50.475  INFO 16564 --- [restartedMain] com.zaxxer.hikari.HikariDataSource       : HikariPool-3 - Start completed.
2025-10-23 14:10:50.476  INFO 16564 --- [restartedMain] org.hibernate.dialect.Dialect            : HHH000400: Using dialect: org.hibernate.dialect.PostgreSQLDialect
2025-10-23 14:10:50.576  INFO 16564 --- [restartedMain] o.h.e.t.j.p.i.JtaPlatformInitiator       : HHH000490: Using JtaPlatform implementation: [org.hibernate.engine.transaction.jta.platform.internal.NoJtaPlatform]
2025-10-23 14:10:50.576  INFO 16564 --- [restartedMain] j.LocalContainerEntityManagerFactoryBean : Initialized JPA EntityManagerFactory for persistence unit 'default'
2025-10-23 14:10:50.767  WARN 16564 --- [restartedMain] JpaBaseConfiguration$JpaWebConfiguration : spring.jpa.open-in-view is enabled by default. Therefore, database queries may be performed during view rendering. Explicitly configure spring.jpa.open-in-view to disable this warning
2025-10-23 14:10:50.796  WARN 16564 --- [restartedMain] o.s.b.d.a.OptionalLiveReloadServer       : Unable to start LiveReload server
2025-10-23 14:10:50.961  WARN 16564 --- [restartedMain] .s.s.UserDetailsServiceAutoConfiguration : 

Using generated security password: 8646512c-a0ce-4329-9292-0a382ca291c7

This generated password is for development use only. Your security configuration must be updated before running your application in production.

2025-10-23 14:10:50.984  INFO 16564 --- [restartedMain] o.s.s.web.DefaultSecurityFilterChain     : Will secure any request with [org.springframework.security.web.session.DisableEncodeUrlFilter@740636f3, org.springframework.security.web.context.request.async.WebAsyncManagerIntegrationFilter@166b857a, org.springframework.security.web.context.SecurityContextPersistenceFilter@49e24665, org.springframework.security.web.header.HeaderWriterFilter@6ae27ca7, org.springframework.security.web.authentication.logout.LogoutFilter@2327a3af, br.com.tonypool.cliente.security.JwtSecurity@18f0d0a7, org.springframework.security.web.savedrequest.RequestCacheAwareFilter@3fc62879, org.springframework.security.web.servletapi.SecurityContextHolderAwareRequestFilter@46b86c62, org.springframework.security.web.authentication.AnonymousAuthenticationFilter@7cb090bb, org.springframework.security.web.session.SessionManagementFilter@55aca041, org.springframework.security.web.access.ExceptionTranslationFilter@2be8d85, org.springframework.security.web.access.intercept.FilterSecurityInterceptor@1e5f4f65]
2025-10-23 14:10:51.278  INFO 16564 --- [restartedMain] o.s.b.w.embedded.tomcat.TomcatWebServer  : Tomcat started on port(s): 8081 (http) with context path ''
2025-10-23 14:10:51.458  INFO 16564 --- [restartedMain] b.c.t.cliente.ClienteServiceApplication  : Started ClienteServiceApplication in 3.162 seconds (JVM running for 2133.697)
2025-10-23 14:10:51.461  INFO 16564 --- [restartedMain] .ConditionEvaluationDeltaLoggingListener : Condition evaluation unchanged
2025-10-23 14:13:06.675  INFO 16564 --- [Thread-17] j.LocalContainerEntityManagerFactoryBean : Closing JPA EntityManagerFactory for persistence unit 'default'
2025-10-23 14:13:06.676  INFO 16564 --- [Thread-17] com.zaxxer.hikari.HikariDataSource       : HikariPool-3 - Shutdown initiated...
2025-10-23 14:13:06.679  INFO 16564 --- [Thread-17] com.zaxxer.hikari.HikariDataSource       : HikariPool-3 - Shutdown completed.
2025-10-23 14:13:07.029  INFO 16564 --- [restartedMain] b.c.t.cliente.ClienteServiceApplication  : Starting ClienteServiceApplication using Java 17.0.12 on DESKTOP-HLR4AN3 with PID 16564 (C:\workspace\microsservico-atendimento\cliente-service\target\classes started by tonyp in C:\workspace\microsservico-atendimento\cliente-service)
2025-10-23 14:13:07.029  INFO 16564 --- [restartedMain] b.c.t.cliente.ClienteServiceApplication  : No active profile set, falling back to 1 default profile: "default"
2025-10-23 14:13:07.497  INFO 16564 --- [restartedMain] .s.d.r.c.RepositoryConfigurationDelegate : Bootstrapping Spring Data JPA repositories in DEFAULT mode.
2025-10-23 14:13:07.514  INFO 16564 --- [restartedMain] .s.d.r.c.RepositoryConfigurationDelegate : Finished Spring Data repository scanning in 16 ms. Found 2 JPA repository interfaces.
2025-10-23 14:13:07.595  INFO 16564 --- [restartedMain] o.s.cloud.context.scope.GenericScope     : BeanFactory id=d56cb2da-d986-33dc-9cad-5f7a9d3f3e17
2025-10-23 14:13:07.687  INFO 16564 --- [restartedMain] o.s.b.w.embedded.tomcat.TomcatWebServer  : Tomcat initialized with port(s): 8081 (http)
2025-10-23 14:13:07.688  INFO 16564 --- [restartedMain] o.apache.catalina.core.StandardService   : Starting service [Tomcat]
2025-10-23 14:13:07.688  INFO 16564 --- [restartedMain] org.apache.catalina.core.StandardEngine  : Starting Servlet engine: [Apache Tomcat/9.0.63]
2025-10-23 14:13:07.712  INFO 16564 --- [restartedMain] o.a.c.c.C.[Tomcat].[localhost].[/]       : Initializing Spring embedded WebApplicationContext
2025-10-23 14:13:07.713  INFO 16564 --- [restartedMain] w.s.c.ServletWebServerApplicationContext : Root WebApplicationContext: initialization completed in 678 ms
2025-10-23 14:13:07.778  INFO 16564 --- [restartedMain] o.hibernate.jpa.internal.util.LogHelper  : HHH000204: Processing PersistenceUnitInfo [name: default]
2025-10-23 14:13:07.783  INFO 16564 --- [restartedMain] com.zaxxer.hikari.HikariDataSource       : HikariPool-4 - Starting...
2025-10-23 14:13:07.849  INFO 16564 --- [restartedMain] com.zaxxer.hikari.HikariDataSource       : HikariPool-4 - Start completed.
2025-10-23 14:13:07.850  INFO 16564 --- [restartedMain] org.hibernate.dialect.Dialect            : HHH000400: Using dialect: org.hibernate.dialect.PostgreSQLDialect
2025-10-23 14:13:07.941  INFO 16564 --- [restartedMain] o.h.e.t.j.p.i.JtaPlatformInitiator       : HHH000490: Using JtaPlatform implementation: [org.hibernate.engine.transaction.jta.platform.internal.NoJtaPlatform]
2025-10-23 14:13:07.941  INFO 16564 --- [restartedMain] j.LocalContainerEntityManagerFactoryBean : Initialized JPA EntityManagerFactory for persistence unit 'default'
2025-10-23 14:13:08.103  WARN 16564 --- [restartedMain] JpaBaseConfiguration$JpaWebConfiguration : spring.jpa.open-in-view is enabled by default. Therefore, database queries may be performed during view rendering. Explicitly configure spring.jpa.open-in-view to disable this warning
2025-10-23 14:13:08.132  WARN 16564 --- [restartedMain] o.s.b.d.a.OptionalLiveReloadServer       : Unable to start LiveReload server
2025-10-23 14:13:08.284  WARN 16564 --- [restartedMain] .s.s.UserDetailsServiceAutoConfiguration : 

Using generated security password: 4b91de9e-3302-47a6-b8ca-f048900b593b

This generated password is for development use only. Your security configuration must be updated before running your application in production.

2025-10-23 14:13:08.316  INFO 16564 --- [restartedMain] o.s.s.web.DefaultSecurityFilterChain     : Will secure any request with [org.springframework.security.web.session.DisableEncodeUrlFilter@305b131d, org.springframework.security.web.context.request.async.WebAsyncManagerIntegrationFilter@98d0af0, org.springframework.security.web.context.SecurityContextPersistenceFilter@1c51ec1, org.springframework.security.web.header.HeaderWriterFilter@678f6ad, org.springframework.security.web.authentication.logout.LogoutFilter@3add324a, br.com.tonypool.cliente.security.JwtSecurity@81b35ee, org.springframework.security.web.savedrequest.RequestCacheAwareFilter@3204055a, org.springframework.security.web.servletapi.SecurityContextHolderAwareRequestFilter@73884029, org.springframework.security.web.authentication.AnonymousAuthenticationFilter@43dae11a, org.springframework.security.web.session.SessionManagementFilter@6cf3ce5f, org.springframework.security.web.access.ExceptionTranslationFilter@52bc39ca, org.springframework.security.web.access.intercept.FilterSecurityInterceptor@57f39f28]
2025-10-23 14:13:08.644  INFO 16564 --- [restartedMain] o.s.b.w.embedded.tomcat.TomcatWebServer  : Tomcat started on port(s): 8081 (http) with context path ''
2025-10-23 14:13:08.852  INFO 16564 --- [restartedMain] b.c.t.cliente.ClienteServiceApplication  : Started ClienteServiceApplication in 2.066 seconds (JVM running for 2271.092)
2025-10-23 14:13:08.854  INFO 16564 --- [restartedMain] .ConditionEvaluationDeltaLoggingListener : Condition evaluation unchanged
2025-10-23 14:17:08.086  INFO 16564 --- [http-nio-8081-exec-1] o.a.c.c.C.[Tomcat].[localhost].[/]       : Initializing Spring DispatcherServlet 'dispatcherServlet'
2025-10-23 14:17:08.112  INFO 16564 --- [http-nio-8081-exec-1] o.s.web.servlet.DispatcherServlet        : Initializing Servlet 'dispatcherServlet'
2025-10-23 14:17:08.360  INFO 16564 --- [http-nio-8081-exec-1] o.s.web.servlet.DispatcherServlet        : Completed initialization in 248 ms
2025-10-23 14:17:12.359 ERROR 16564 --- [http-nio-8081-exec-2] b.c.t.c.controller.ClienteController     : Erro geral ao listar clientes com atendimentos: atendimento-service executing POST http://atendimento-service:8083/api/atendimentos/por-cliente

feign.RetryableException: atendimento-service executing POST http://atendimento-service:8083/api/atendimentos/por-cliente
	at feign.FeignException.errorExecuting(FeignException.java:268) ~[feign-core-11.10.jar:na]
	at feign.SynchronousMethodHandler.executeAndDecode(SynchronousMethodHandler.java:131) ~[feign-core-11.10.jar:na]
	at feign.SynchronousMethodHandler.invoke(SynchronousMethodHandler.java:91) ~[feign-core-11.10.jar:na]
	at feign.ReflectiveFeign$FeignInvocationHandler.invoke(ReflectiveFeign.java:100) ~[feign-core-11.10.jar:na]
	at jdk.proxy7/jdk.proxy7.$Proxy175.buscarAtendimentosPorClientes(Unknown Source) ~[na:na]
	at br.com.tonypool.cliente.controller.ClienteController.listarClientesComAtendimentos(ClienteController.java:174) ~[classes/:na]
	at br.com.tonypool.cliente.controller.ClienteController$$FastClassBySpringCGLIB$$a4172ab9.invoke(<generated>) ~[classes/:na]
	at org.springframework.cglib.proxy.MethodProxy.invoke(MethodProxy.java:218) ~[spring-core-5.3.20.jar:5.3.20]
	at org.springframework.aop.framework.CglibAopProxy$CglibMethodInvocation.invokeJoinpoint(CglibAopProxy.java:793) ~[spring-aop-5.3.20.jar:5.3.20]
	at org.springframework.aop.framework.ReflectiveMethodInvocation.proceed(ReflectiveMethodInvocation.java:163) ~[spring-aop-5.3.20.jar:5.3.20]
	at org.springframework.aop.framework.CglibAopProxy$CglibMethodInvocation.proceed(CglibAopProxy.java:763) ~[spring-aop-5.3.20.jar:5.3.20]
	at org.springframework.security.access.intercept.aopalliance.MethodSecurityInterceptor.invoke(MethodSecurityInterceptor.java:61) ~[spring-security-core-5.7.1.jar:5.7.1]
	at org.springframework.aop.framework.ReflectiveMethodInvocation.proceed(ReflectiveMethodInvocation.java:186) ~[spring-aop-5.3.20.jar:5.3.20]
	at org.springframework.aop.framework.CglibAopProxy$CglibMethodInvocation.proceed(CglibAopProxy.java:763) ~[spring-aop-5.3.20.jar:5.3.20]
	at org.springframework.aop.framework.CglibAopProxy$DynamicAdvisedInterceptor.intercept(CglibAopProxy.java:708) ~[spring-aop-5.3.20.jar:5.3.20]
	at br.com.tonypool.cliente.controller.ClienteController$$EnhancerBySpringCGLIB$$8e616672.listarClientesComAtendimentos(<generated>) ~[classes/:na]
	at java.base/jdk.internal.reflect.NativeMethodAccessorImpl.invoke0(Native Method) ~[na:na]
	at java.base/jdk.internal.reflect.NativeMethodAccessorImpl.invoke(NativeMethodAccessorImpl.java:77) ~[na:na]
	at java.base/jdk.internal.reflect.DelegatingMethodAccessorImpl.invoke(DelegatingMethodAccessorImpl.java:43) ~[na:na]
	at java.base/java.lang.reflect.Method.invoke(Method.java:568) ~[na:na]
	at org.springframework.web.method.support.InvocableHandlerMethod.doInvoke(InvocableHandlerMethod.java:205) ~[spring-web-5.3.20.jar:5.3.20]
	at org.springframework.web.method.support.InvocableHandlerMethod.invokeForRequest(InvocableHandlerMethod.java:150) ~[spring-web-5.3.20.jar:5.3.20]
	at org.springframework.web.servlet.mvc.method.annotation.ServletInvocableHandlerMethod.invokeAndHandle(ServletInvocableHandlerMethod.java:117) ~[spring-webmvc-5.3.20.jar:5.3.20]
	at org.springframework.web.servlet.mvc.method.annotation.RequestMappingHandlerAdapter.invokeHandlerMethod(RequestMappingHandlerAdapter.java:895) ~[spring-webmvc-5.3.20.jar:5.3.20]
	at org.springframework.web.servlet.mvc.method.annotation.RequestMappingHandlerAdapter.handleInternal(RequestMappingHandlerAdapter.java:808) ~[spring-webmvc-5.3.20.jar:5.3.20]
	at org.springframework.web.servlet.mvc.method.AbstractHandlerMethodAdapter.handle(AbstractHandlerMethodAdapter.java:87) ~[spring-webmvc-5.3.20.jar:5.3.20]
	at org.springframework.web.servlet.DispatcherServlet.doDispatch(DispatcherServlet.java:1067) ~[spring-webmvc-5.3.20.jar:5.3.20]
	at org.springframework.web.servlet.DispatcherServlet.doService(DispatcherServlet.java:963) ~[spring-webmvc-5.3.20.jar:5.3.20]
	at org.springframework.web.servlet.FrameworkServlet.processRequest(FrameworkServlet.java:1006) ~[spring-webmvc-5.3.20.jar:5.3.20]
	at org.springframework.web.servlet.FrameworkServlet.doGet(FrameworkServlet.java:898) ~[spring-webmvc-5.3.20.jar:5.3.20]
	at javax.servlet.http.HttpServlet.service(HttpServlet.java:655) ~[tomcat-embed-core-9.0.63.jar:4.0.FR]
	at org.springframework.web.servlet.FrameworkServlet.service(FrameworkServlet.java:883) ~[spring-webmvc-5.3.20.jar:5.3.20]
	at javax.servlet.http.HttpServlet.service(HttpServlet.java:764) ~[tomcat-embed-core-9.0.63.jar:4.0.FR]
	at org.apache.catalina.core.ApplicationFilterChain.internalDoFilter(ApplicationFilterChain.java:227) ~[tomcat-embed-core-9.0.63.jar:9.0.63]
	at org.apache.catalina.core.ApplicationFilterChain.doFilter(ApplicationFilterChain.java:162) ~[tomcat-embed-core-9.0.63.jar:9.0.63]
	at org.apache.tomcat.websocket.server.WsFilter.doFilter(WsFilter.java:53) ~[tomcat-embed-websocket-9.0.63.jar:9.0.63]
	at org.apache.catalina.core.ApplicationFilterChain.internalDoFilter(ApplicationFilterChain.java:189) ~[tomcat-embed-core-9.0.63.jar:9.0.63]
	at org.apache.catalina.core.ApplicationFilterChain.doFilter(ApplicationFilterChain.java:162) ~[tomcat-embed-core-9.0.63.jar:9.0.63]
	at org.springframework.web.filter.CorsFilter.doFilterInternal(CorsFilter.java:91) ~[spring-web-5.3.20.jar:5.3.20]
	at org.springframework.web.filter.OncePerRequestFilter.doFilter(OncePerRequestFilter.java:117) ~[spring-web-5.3.20.jar:5.3.20]
	at org.apache.catalina.core.ApplicationFilterChain.internalDoFilter(ApplicationFilterChain.java:189) ~[tomcat-embed-core-9.0.63.jar:9.0.63]
	at org.apache.catalina.core.ApplicationFilterChain.doFilter(ApplicationFilterChain.java:162) ~[tomcat-embed-core-9.0.63.jar:9.0.63]
	at org.springframework.security.web.FilterChainProxy$VirtualFilterChain.doFilter(FilterChainProxy.java:327) ~[spring-security-web-5.7.1.jar:5.7.1]
	at org.springframework.security.web.access.intercept.FilterSecurityInterceptor.invoke(FilterSecurityInterceptor.java:115) ~[spring-security-web-5.7.1.jar:5.7.1]
	at org.springframework.security.web.access.intercept.FilterSecurityInterceptor.doFilter(FilterSecurityInterceptor.java:81) ~[spring-security-web-5.7.1.jar:5.7.1]
	at org.springframework.security.web.FilterChainProxy$VirtualFilterChain.doFilter(FilterChainProxy.java:336) ~[spring-security-web-5.7.1.jar:5.7.1]
	at org.springframework.security.web.access.ExceptionTranslationFilter.doFilter(ExceptionTranslationFilter.java:122) ~[spring-security-web-5.7.1.jar:5.7.1]
	at org.springframework.security.web.access.ExceptionTranslationFilter.doFilter(ExceptionTranslationFilter.java:116) ~[spring-security-web-5.7.1.jar:5.7.1]
	at org.springframework.security.web.FilterChainProxy$VirtualFilterChain.doFilter(FilterChainProxy.java:336) ~[spring-security-web-5.7.1.jar:5.7.1]
	at org.springframework.security.web.session.SessionManagementFilter.doFilter(SessionManagementFilter.java:126) ~[spring-security-web-5.7.1.jar:5.7.1]
	at org.springframework.security.web.session.SessionManagementFilter.doFilter(SessionManagementFilter.java:81) ~[spring-security-web-5.7.1.jar:5.7.1]
	at org.springframework.security.web.FilterChainProxy$VirtualFilterChain.doFilter(FilterChainProxy.java:336) ~[spring-security-web-5.7.1.jar:5.7.1]
	at org.springframework.security.web.authentication.AnonymousAuthenticationFilter.doFilter(AnonymousAuthenticationFilter.java:109) ~[spring-security-web-5.7.1.jar:5.7.1]
	at org.springframework.security.web.FilterChainProxy$VirtualFilterChain.doFilter(FilterChainProxy.java:336) ~[spring-security-web-5.7.1.jar:5.7.1]
	at org.springframework.security.web.servletapi.SecurityContextHolderAwareRequestFilter.doFilter(SecurityContextHolderAwareRequestFilter.java:149) ~[spring-security-web-5.7.1.jar:5.7.1]
	at org.springframework.security.web.FilterChainProxy$VirtualFilterChain.doFilter(FilterChainProxy.java:336) ~[spring-security-web-5.7.1.jar:5.7.1]
	at org.springframework.security.web.savedrequest.RequestCacheAwareFilter.doFilter(RequestCacheAwareFilter.java:63) ~[spring-security-web-5.7.1.jar:5.7.1]
	at org.springframework.security.web.FilterChainProxy$VirtualFilterChain.doFilter(FilterChainProxy.java:336) ~[spring-security-web-5.7.1.jar:5.7.1]
	at br.com.tonypool.cliente.security.JwtSecurity.doFilterInternal(JwtSecurity.java:47) ~[classes/:na]
	at org.springframework.web.filter.OncePerRequestFilter.doFilter(OncePerRequestFilter.java:117) ~[spring-web-5.3.20.jar:5.3.20]
	at org.springframework.security.web.FilterChainProxy$VirtualFilterChain.doFilter(FilterChainProxy.java:336) ~[spring-security-web-5.7.1.jar:5.7.1]
	at org.springframework.security.web.authentication.logout.LogoutFilter.doFilter(LogoutFilter.java:103) ~[spring-security-web-5.7.1.jar:5.7.1]
	at org.springframework.security.web.authentication.logout.LogoutFilter.doFilter(LogoutFilter.java:89) ~[spring-security-web-5.7.1.jar:5.7.1]
	at org.springframework.security.web.FilterChainProxy$VirtualFilterChain.doFilter(FilterChainProxy.java:336) ~[spring-security-web-5.7.1.jar:5.7.1]
	at org.springframework.security.web.header.HeaderWriterFilter.doHeadersAfter(HeaderWriterFilter.java:90) ~[spring-security-web-5.7.1.jar:5.7.1]
	at org.springframework.security.web.header.HeaderWriterFilter.doFilterInternal(HeaderWriterFilter.java:75) ~[spring-security-web-5.7.1.jar:5.7.1]
	at org.springframework.web.filter.OncePerRequestFilter.doFilter(OncePerRequestFilter.java:117) ~[spring-web-5.3.20.jar:5.3.20]
	at org.springframework.security.web.FilterChainProxy$VirtualFilterChain.doFilter(FilterChainProxy.java:336) ~[spring-security-web-5.7.1.jar:5.7.1]
	at org.springframework.security.web.context.SecurityContextPersistenceFilter.doFilter(SecurityContextPersistenceFilter.java:112) ~[spring-security-web-5.7.1.jar:5.7.1]
	at org.springframework.security.web.context.SecurityContextPersistenceFilter.doFilter(SecurityContextPersistenceFilter.java:82) ~[spring-security-web-5.7.1.jar:5.7.1]
	at org.springframework.security.web.FilterChainProxy$VirtualFilterChain.doFilter(FilterChainProxy.java:336) ~[spring-security-web-5.7.1.jar:5.7.1]
	at org.springframework.security.web.context.request.async.WebAsyncManagerIntegrationFilter.doFilterInternal(WebAsyncManagerIntegrationFilter.java:55) ~[spring-security-web-5.7.1.jar:5.7.1]
	at org.springframework.web.filter.OncePerRequestFilter.doFilter(OncePerRequestFilter.java:117) ~[spring-web-5.3.20.jar:5.3.20]
	at org.springframework.security.web.FilterChainProxy$VirtualFilterChain.doFilter(FilterChainProxy.java:336) ~[spring-security-web-5.7.1.jar:5.7.1]
	at org.springframework.security.web.session.DisableEncodeUrlFilter.doFilterInternal(DisableEncodeUrlFilter.java:42) ~[spring-security-web-5.7.1.jar:5.7.1]
	at org.springframework.web.filter.OncePerRequestFilter.doFilter(OncePerRequestFilter.java:117) ~[spring-web-5.3.20.jar:5.3.20]
	at org.springframework.security.web.FilterChainProxy$VirtualFilterChain.doFilter(FilterChainProxy.java:336) ~[spring-security-web-5.7.1.jar:5.7.1]
	at org.springframework.security.web.FilterChainProxy.doFilterInternal(FilterChainProxy.java:211) ~[spring-security-web-5.7.1.jar:5.7.1]
	at org.springframework.security.web.FilterChainProxy.doFilter(FilterChainProxy.java:183) ~[spring-security-web-5.7.1.jar:5.7.1]
	at org.springframework.web.filter.DelegatingFilterProxy.invokeDelegate(DelegatingFilterProxy.java:354) ~[spring-web-5.3.20.jar:5.3.20]
	at org.springframework.web.filter.DelegatingFilterProxy.doFilter(DelegatingFilterProxy.java:267) ~[spring-web-5.3.20.jar:5.3.20]
	at org.apache.catalina.core.ApplicationFilterChain.internalDoFilter(ApplicationFilterChain.java:189) ~[tomcat-embed-core-9.0.63.jar:9.0.63]
	at org.apache.catalina.core.ApplicationFilterChain.doFilter(ApplicationFilterChain.java:162) ~[tomcat-embed-core-9.0.63.jar:9.0.63]
	at org.springframework.web.filter.CharacterEncodingFilter.doFilterInternal(CharacterEncodingFilter.java:201) ~[spring-web-5.3.20.jar:5.3.20]
	at org.springframework.web.filter.OncePerRequestFilter.doFilter(OncePerRequestFilter.java:117) ~[spring-web-5.3.20.jar:5.3.20]
	at org.apache.catalina.core.ApplicationFilterChain.internalDoFilter(ApplicationFilterChain.java:189) ~[tomcat-embed-core-9.0.63.jar:9.0.63]
	at org.apache.catalina.core.ApplicationFilterChain.doFilter(ApplicationFilterChain.java:162) ~[tomcat-embed-core-9.0.63.jar:9.0.63]
	at org.apache.catalina.core.StandardWrapperValve.invoke(StandardWrapperValve.java:197) ~[tomcat-embed-core-9.0.63.jar:9.0.63]
	at org.apache.catalina.core.StandardContextValve.invoke(StandardContextValve.java:97) ~[tomcat-embed-core-9.0.63.jar:9.0.63]
	at org.apache.catalina.authenticator.AuthenticatorBase.invoke(AuthenticatorBase.java:541) ~[tomcat-embed-core-9.0.63.jar:9.0.63]
	at org.apache.catalina.core.StandardHostValve.invoke(StandardHostValve.java:135) ~[tomcat-embed-core-9.0.63.jar:9.0.63]
	at org.apache.catalina.valves.ErrorReportValve.invoke(ErrorReportValve.java:92) ~[tomcat-embed-core-9.0.63.jar:9.0.63]
	at org.apache.catalina.core.StandardEngineValve.invoke(StandardEngineValve.java:78) ~[tomcat-embed-core-9.0.63.jar:9.0.63]
	at org.apache.catalina.connector.CoyoteAdapter.service(CoyoteAdapter.java:360) ~[tomcat-embed-core-9.0.63.jar:9.0.63]
	at org.apache.coyote.http11.Http11Processor.service(Http11Processor.java:399) ~[tomcat-embed-core-9.0.63.jar:9.0.63]
	at org.apache.coyote.AbstractProcessorLight.process(AbstractProcessorLight.java:65) ~[tomcat-embed-core-9.0.63.jar:9.0.63]
	at org.apache.coyote.AbstractProtocol$ConnectionHandler.process(AbstractProtocol.java:890) ~[tomcat-embed-core-9.0.63.jar:9.0.63]
	at org.apache.tomcat.util.net.NioEndpoint$SocketProcessor.doRun(NioEndpoint.java:1743) ~[tomcat-embed-core-9.0.63.jar:9.0.63]
	at org.apache.tomcat.util.net.SocketProcessorBase.run(SocketProcessorBase.java:49) ~[tomcat-embed-core-9.0.63.jar:9.0.63]
	at org.apache.tomcat.util.threads.ThreadPoolExecutor.runWorker(ThreadPoolExecutor.java:1191) ~[tomcat-embed-core-9.0.63.jar:9.0.63]
	at org.apache.tomcat.util.threads.ThreadPoolExecutor$Worker.run(ThreadPoolExecutor.java:659) ~[tomcat-embed-core-9.0.63.jar:9.0.63]
	at org.apache.tomcat.util.threads.TaskThread$WrappingRunnable.run(TaskThread.java:61) ~[tomcat-embed-core-9.0.63.jar:9.0.63]
	at java.base/java.lang.Thread.run(Thread.java:842) ~[na:na]
Caused by: java.net.UnknownHostException: atendimento-service
	at java.base/sun.nio.ch.NioSocketImpl.connect(NioSocketImpl.java:572) ~[na:na]
	at java.base/java.net.Socket.connect(Socket.java:633) ~[na:na]
	at java.base/sun.net.NetworkClient.doConnect(NetworkClient.java:178) ~[na:na]
	at java.base/sun.net.www.http.HttpClient.openServer(HttpClient.java:534) ~[na:na]
	at java.base/sun.net.www.http.HttpClient.openServer(HttpClient.java:639) ~[na:na]
	at java.base/sun.net.www.http.HttpClient.<init>(HttpClient.java:282) ~[na:na]
	at java.base/sun.net.www.http.HttpClient.New(HttpClient.java:387) ~[na:na]
	at java.base/sun.net.www.http.HttpClient.New(HttpClient.java:409) ~[na:na]
	at java.base/sun.net.www.protocol.http.HttpURLConnection.getNewHttpClient(HttpURLConnection.java:1308) ~[na:na]
	at java.base/sun.net.www.protocol.http.HttpURLConnection.plainConnect0(HttpURLConnection.java:1241) ~[na:na]
	at java.base/sun.net.www.protocol.http.HttpURLConnection.plainConnect(HttpURLConnection.java:1127) ~[na:na]
	at java.base/sun.net.www.protocol.http.HttpURLConnection.connect(HttpURLConnection.java:1056) ~[na:na]
	at java.base/sun.net.www.protocol.http.HttpURLConnection.getOutputStream0(HttpURLConnection.java:1450) ~[na:na]
	at java.base/sun.net.www.protocol.http.HttpURLConnection.getOutputStream(HttpURLConnection.java:1421) ~[na:na]
	at feign.Client$Default.convertAndSend(Client.java:208) ~[feign-core-11.10.jar:na]
	at feign.Client$Default.execute(Client.java:105) ~[feign-core-11.10.jar:na]
	at feign.SynchronousMethodHandler.executeAndDecode(SynchronousMethodHandler.java:121) ~[feign-core-11.10.jar:na]
	... 101 common frames omitted

2025-10-23 14:17:26.171 ERROR 16564 --- [http-nio-8081-exec-4] b.c.t.c.controller.ClienteController     : Erro geral ao listar clientes com atendimentos: atendimento-service executing POST http://atendimento-service:8083/api/atendimentos/por-cliente

feign.RetryableException: atendimento-service executing POST http://atendimento-service:8083/api/atendimentos/por-cliente
	at feign.FeignException.errorExecuting(FeignException.java:268) ~[feign-core-11.10.jar:na]
	at feign.SynchronousMethodHandler.executeAndDecode(SynchronousMethodHandler.java:131) ~[feign-core-11.10.jar:na]
	at feign.SynchronousMethodHandler.invoke(SynchronousMethodHandler.java:91) ~[feign-core-11.10.jar:na]
	at feign.ReflectiveFeign$FeignInvocationHandler.invoke(ReflectiveFeign.java:100) ~[feign-core-11.10.jar:na]
	at jdk.proxy7/jdk.proxy7.$Proxy175.buscarAtendimentosPorClientes(Unknown Source) ~[na:na]
	at br.com.tonypool.cliente.controller.ClienteController.listarClientesComAtendimentos(ClienteController.java:174) ~[classes/:na]
	at br.com.tonypool.cliente.controller.ClienteController$$FastClassBySpringCGLIB$$a4172ab9.invoke(<generated>) ~[classes/:na]
	at org.springframework.cglib.proxy.MethodProxy.invoke(MethodProxy.java:218) ~[spring-core-5.3.20.jar:5.3.20]
	at org.springframework.aop.framework.CglibAopProxy$CglibMethodInvocation.invokeJoinpoint(CglibAopProxy.java:793) ~[spring-aop-5.3.20.jar:5.3.20]
	at org.springframework.aop.framework.ReflectiveMethodInvocation.proceed(ReflectiveMethodInvocation.java:163) ~[spring-aop-5.3.20.jar:5.3.20]
	at org.springframework.aop.framework.CglibAopProxy$CglibMethodInvocation.proceed(CglibAopProxy.java:763) ~[spring-aop-5.3.20.jar:5.3.20]
	at org.springframework.security.access.intercept.aopalliance.MethodSecurityInterceptor.invoke(MethodSecurityInterceptor.java:61) ~[spring-security-core-5.7.1.jar:5.7.1]
	at org.springframework.aop.framework.ReflectiveMethodInvocation.proceed(ReflectiveMethodInvocation.java:186) ~[spring-aop-5.3.20.jar:5.3.20]
	at org.springframework.aop.framework.CglibAopProxy$CglibMethodInvocation.proceed(CglibAopProxy.java:763) ~[spring-aop-5.3.20.jar:5.3.20]
	at org.springframework.aop.framework.CglibAopProxy$DynamicAdvisedInterceptor.intercept(CglibAopProxy.java:708) ~[spring-aop-5.3.20.jar:5.3.20]
	at br.com.tonypool.cliente.controller.ClienteController$$EnhancerBySpringCGLIB$$8e616672.listarClientesComAtendimentos(<generated>) ~[classes/:na]
	at java.base/jdk.internal.reflect.NativeMethodAccessorImpl.invoke0(Native Method) ~[na:na]
	at java.base/jdk.internal.reflect.NativeMethodAccessorImpl.invoke(NativeMethodAccessorImpl.java:77) ~[na:na]
	at java.base/jdk.internal.reflect.DelegatingMethodAccessorImpl.invoke(DelegatingMethodAccessorImpl.java:43) ~[na:na]
	at java.base/java.lang.reflect.Method.invoke(Method.java:568) ~[na:na]
	at org.springframework.web.method.support.InvocableHandlerMethod.doInvoke(InvocableHandlerMethod.java:205) ~[spring-web-5.3.20.jar:5.3.20]
	at org.springframework.web.method.support.InvocableHandlerMethod.invokeForRequest(InvocableHandlerMethod.java:150) ~[spring-web-5.3.20.jar:5.3.20]
	at org.springframework.web.servlet.mvc.method.annotation.ServletInvocableHandlerMethod.invokeAndHandle(ServletInvocableHandlerMethod.java:117) ~[spring-webmvc-5.3.20.jar:5.3.20]
	at org.springframework.web.servlet.mvc.method.annotation.RequestMappingHandlerAdapter.invokeHandlerMethod(RequestMappingHandlerAdapter.java:895) ~[spring-webmvc-5.3.20.jar:5.3.20]
	at org.springframework.web.servlet.mvc.method.annotation.RequestMappingHandlerAdapter.handleInternal(RequestMappingHandlerAdapter.java:808) ~[spring-webmvc-5.3.20.jar:5.3.20]
	at org.springframework.web.servlet.mvc.method.AbstractHandlerMethodAdapter.handle(AbstractHandlerMethodAdapter.java:87) ~[spring-webmvc-5.3.20.jar:5.3.20]
	at org.springframework.web.servlet.DispatcherServlet.doDispatch(DispatcherServlet.java:1067) ~[spring-webmvc-5.3.20.jar:5.3.20]
	at org.springframework.web.servlet.DispatcherServlet.doService(DispatcherServlet.java:963) ~[spring-webmvc-5.3.20.jar:5.3.20]
	at org.springframework.web.servlet.FrameworkServlet.processRequest(FrameworkServlet.java:1006) ~[spring-webmvc-5.3.20.jar:5.3.20]
	at org.springframework.web.servlet.FrameworkServlet.doGet(FrameworkServlet.java:898) ~[spring-webmvc-5.3.20.jar:5.3.20]
	at javax.servlet.http.HttpServlet.service(HttpServlet.java:655) ~[tomcat-embed-core-9.0.63.jar:4.0.FR]
	at org.springframework.web.servlet.FrameworkServlet.service(FrameworkServlet.java:883) ~[spring-webmvc-5.3.20.jar:5.3.20]
	at javax.servlet.http.HttpServlet.service(HttpServlet.java:764) ~[tomcat-embed-core-9.0.63.jar:4.0.FR]
	at org.apache.catalina.core.ApplicationFilterChain.internalDoFilter(ApplicationFilterChain.java:227) ~[tomcat-embed-core-9.0.63.jar:9.0.63]
	at org.apache.catalina.core.ApplicationFilterChain.doFilter(ApplicationFilterChain.java:162) ~[tomcat-embed-core-9.0.63.jar:9.0.63]
	at org.apache.tomcat.websocket.server.WsFilter.doFilter(WsFilter.java:53) ~[tomcat-embed-websocket-9.0.63.jar:9.0.63]
	at org.apache.catalina.core.ApplicationFilterChain.internalDoFilter(ApplicationFilterChain.java:189) ~[tomcat-embed-core-9.0.63.jar:9.0.63]
	at org.apache.catalina.core.ApplicationFilterChain.doFilter(ApplicationFilterChain.java:162) ~[tomcat-embed-core-9.0.63.jar:9.0.63]
	at org.springframework.web.filter.CorsFilter.doFilterInternal(CorsFilter.java:91) ~[spring-web-5.3.20.jar:5.3.20]
	at org.springframework.web.filter.OncePerRequestFilter.doFilter(OncePerRequestFilter.java:117) ~[spring-web-5.3.20.jar:5.3.20]
	at org.apache.catalina.core.ApplicationFilterChain.internalDoFilter(ApplicationFilterChain.java:189) ~[tomcat-embed-core-9.0.63.jar:9.0.63]
	at org.apache.catalina.core.ApplicationFilterChain.doFilter(ApplicationFilterChain.java:162) ~[tomcat-embed-core-9.0.63.jar:9.0.63]
	at org.springframework.security.web.FilterChainProxy$VirtualFilterChain.doFilter(FilterChainProxy.java:327) ~[spring-security-web-5.7.1.jar:5.7.1]
	at org.springframework.security.web.access.intercept.FilterSecurityInterceptor.invoke(FilterSecurityInterceptor.java:115) ~[spring-security-web-5.7.1.jar:5.7.1]
	at org.springframework.security.web.access.intercept.FilterSecurityInterceptor.doFilter(FilterSecurityInterceptor.java:81) ~[spring-security-web-5.7.1.jar:5.7.1]
	at org.springframework.security.web.FilterChainProxy$VirtualFilterChain.doFilter(FilterChainProxy.java:336) ~[spring-security-web-5.7.1.jar:5.7.1]
	at org.springframework.security.web.access.ExceptionTranslationFilter.doFilter(ExceptionTranslationFilter.java:122) ~[spring-security-web-5.7.1.jar:5.7.1]
	at org.springframework.security.web.access.ExceptionTranslationFilter.doFilter(ExceptionTranslationFilter.java:116) ~[spring-security-web-5.7.1.jar:5.7.1]
	at org.springframework.security.web.FilterChainProxy$VirtualFilterChain.doFilter(FilterChainProxy.java:336) ~[spring-security-web-5.7.1.jar:5.7.1]
	at org.springframework.security.web.session.SessionManagementFilter.doFilter(SessionManagementFilter.java:126) ~[spring-security-web-5.7.1.jar:5.7.1]
	at org.springframework.security.web.session.SessionManagementFilter.doFilter(SessionManagementFilter.java:81) ~[spring-security-web-5.7.1.jar:5.7.1]
	at org.springframework.security.web.FilterChainProxy$VirtualFilterChain.doFilter(FilterChainProxy.java:336) ~[spring-security-web-5.7.1.jar:5.7.1]
	at org.springframework.security.web.authentication.AnonymousAuthenticationFilter.doFilter(AnonymousAuthenticationFilter.java:109) ~[spring-security-web-5.7.1.jar:5.7.1]
	at org.springframework.security.web.FilterChainProxy$VirtualFilterChain.doFilter(FilterChainProxy.java:336) ~[spring-security-web-5.7.1.jar:5.7.1]
	at org.springframework.security.web.servletapi.SecurityContextHolderAwareRequestFilter.doFilter(SecurityContextHolderAwareRequestFilter.java:149) ~[spring-security-web-5.7.1.jar:5.7.1]
	at org.springframework.security.web.FilterChainProxy$VirtualFilterChain.doFilter(FilterChainProxy.java:336) ~[spring-security-web-5.7.1.jar:5.7.1]
	at org.springframework.security.web.savedrequest.RequestCacheAwareFilter.doFilter(RequestCacheAwareFilter.java:63) ~[spring-security-web-5.7.1.jar:5.7.1]
	at org.springframework.security.web.FilterChainProxy$VirtualFilterChain.doFilter(FilterChainProxy.java:336) ~[spring-security-web-5.7.1.jar:5.7.1]
	at br.com.tonypool.cliente.security.JwtSecurity.doFilterInternal(JwtSecurity.java:47) ~[classes/:na]
	at org.springframework.web.filter.OncePerRequestFilter.doFilter(OncePerRequestFilter.java:117) ~[spring-web-5.3.20.jar:5.3.20]
	at org.springframework.security.web.FilterChainProxy$VirtualFilterChain.doFilter(FilterChainProxy.java:336) ~[spring-security-web-5.7.1.jar:5.7.1]
	at org.springframework.security.web.authentication.logout.LogoutFilter.doFilter(LogoutFilter.java:103) ~[spring-security-web-5.7.1.jar:5.7.1]
	at org.springframework.security.web.authentication.logout.LogoutFilter.doFilter(LogoutFilter.java:89) ~[spring-security-web-5.7.1.jar:5.7.1]
	at org.springframework.security.web.FilterChainProxy$VirtualFilterChain.doFilter(FilterChainProxy.java:336) ~[spring-security-web-5.7.1.jar:5.7.1]
	at org.springframework.security.web.header.HeaderWriterFilter.doHeadersAfter(HeaderWriterFilter.java:90) ~[spring-security-web-5.7.1.jar:5.7.1]
	at org.springframework.security.web.header.HeaderWriterFilter.doFilterInternal(HeaderWriterFilter.java:75) ~[spring-security-web-5.7.1.jar:5.7.1]
	at org.springframework.web.filter.OncePerRequestFilter.doFilter(OncePerRequestFilter.java:117) ~[spring-web-5.3.20.jar:5.3.20]
	at org.springframework.security.web.FilterChainProxy$VirtualFilterChain.doFilter(FilterChainProxy.java:336) ~[spring-security-web-5.7.1.jar:5.7.1]
	at org.springframework.security.web.context.SecurityContextPersistenceFilter.doFilter(SecurityContextPersistenceFilter.java:112) ~[spring-security-web-5.7.1.jar:5.7.1]
	at org.springframework.security.web.context.SecurityContextPersistenceFilter.doFilter(SecurityContextPersistenceFilter.java:82) ~[spring-security-web-5.7.1.jar:5.7.1]
	at org.springframework.security.web.FilterChainProxy$VirtualFilterChain.doFilter(FilterChainProxy.java:336) ~[spring-security-web-5.7.1.jar:5.7.1]
	at org.springframework.security.web.context.request.async.WebAsyncManagerIntegrationFilter.doFilterInternal(WebAsyncManagerIntegrationFilter.java:55) ~[spring-security-web-5.7.1.jar:5.7.1]
	at org.springframework.web.filter.OncePerRequestFilter.doFilter(OncePerRequestFilter.java:117) ~[spring-web-5.3.20.jar:5.3.20]
	at org.springframework.security.web.FilterChainProxy$VirtualFilterChain.doFilter(FilterChainProxy.java:336) ~[spring-security-web-5.7.1.jar:5.7.1]
	at org.springframework.security.web.session.DisableEncodeUrlFilter.doFilterInternal(DisableEncodeUrlFilter.java:42) ~[spring-security-web-5.7.1.jar:5.7.1]
	at org.springframework.web.filter.OncePerRequestFilter.doFilter(OncePerRequestFilter.java:117) ~[spring-web-5.3.20.jar:5.3.20]
	at org.springframework.security.web.FilterChainProxy$VirtualFilterChain.doFilter(FilterChainProxy.java:336) ~[spring-security-web-5.7.1.jar:5.7.1]
	at org.springframework.security.web.FilterChainProxy.doFilterInternal(FilterChainProxy.java:211) ~[spring-security-web-5.7.1.jar:5.7.1]
	at org.springframework.security.web.FilterChainProxy.doFilter(FilterChainProxy.java:183) ~[spring-security-web-5.7.1.jar:5.7.1]
	at org.springframework.web.filter.DelegatingFilterProxy.invokeDelegate(DelegatingFilterProxy.java:354) ~[spring-web-5.3.20.jar:5.3.20]
	at org.springframework.web.filter.DelegatingFilterProxy.doFilter(DelegatingFilterProxy.java:267) ~[spring-web-5.3.20.jar:5.3.20]
	at org.apache.catalina.core.ApplicationFilterChain.internalDoFilter(ApplicationFilterChain.java:189) ~[tomcat-embed-core-9.0.63.jar:9.0.63]
	at org.apache.catalina.core.ApplicationFilterChain.doFilter(ApplicationFilterChain.java:162) ~[tomcat-embed-core-9.0.63.jar:9.0.63]
	at org.springframework.web.filter.CharacterEncodingFilter.doFilterInternal(CharacterEncodingFilter.java:201) ~[spring-web-5.3.20.jar:5.3.20]
	at org.springframework.web.filter.OncePerRequestFilter.doFilter(OncePerRequestFilter.java:117) ~[spring-web-5.3.20.jar:5.3.20]
	at org.apache.catalina.core.ApplicationFilterChain.internalDoFilter(ApplicationFilterChain.java:189) ~[tomcat-embed-core-9.0.63.jar:9.0.63]
	at org.apache.catalina.core.ApplicationFilterChain.doFilter(ApplicationFilterChain.java:162) ~[tomcat-embed-core-9.0.63.jar:9.0.63]
	at org.apache.catalina.core.StandardWrapperValve.invoke(StandardWrapperValve.java:197) ~[tomcat-embed-core-9.0.63.jar:9.0.63]
	at org.apache.catalina.core.StandardContextValve.invoke(StandardContextValve.java:97) ~[tomcat-embed-core-9.0.63.jar:9.0.63]
	at org.apache.catalina.authenticator.AuthenticatorBase.invoke(AuthenticatorBase.java:541) ~[tomcat-embed-core-9.0.63.jar:9.0.63]
	at org.apache.catalina.core.StandardHostValve.invoke(StandardHostValve.java:135) ~[tomcat-embed-core-9.0.63.jar:9.0.63]
	at org.apache.catalina.valves.ErrorReportValve.invoke(ErrorReportValve.java:92) ~[tomcat-embed-core-9.0.63.jar:9.0.63]
	at org.apache.catalina.core.StandardEngineValve.invoke(StandardEngineValve.java:78) ~[tomcat-embed-core-9.0.63.jar:9.0.63]
	at org.apache.catalina.connector.CoyoteAdapter.service(CoyoteAdapter.java:360) ~[tomcat-embed-core-9.0.63.jar:9.0.63]
	at org.apache.coyote.http11.Http11Processor.service(Http11Processor.java:399) ~[tomcat-embed-core-9.0.63.jar:9.0.63]
	at org.apache.coyote.AbstractProcessorLight.process(AbstractProcessorLight.java:65) ~[tomcat-embed-core-9.0.63.jar:9.0.63]
	at org.apache.coyote.AbstractProtocol$ConnectionHandler.process(AbstractProtocol.java:890) ~[tomcat-embed-core-9.0.63.jar:9.0.63]
	at org.apache.tomcat.util.net.NioEndpoint$SocketProcessor.doRun(NioEndpoint.java:1743) ~[tomcat-embed-core-9.0.63.jar:9.0.63]
	at org.apache.tomcat.util.net.SocketProcessorBase.run(SocketProcessorBase.java:49) ~[tomcat-embed-core-9.0.63.jar:9.0.63]
	at org.apache.tomcat.util.threads.ThreadPoolExecutor.runWorker(ThreadPoolExecutor.java:1191) ~[tomcat-embed-core-9.0.63.jar:9.0.63]
	at org.apache.tomcat.util.threads.ThreadPoolExecutor$Worker.run(ThreadPoolExecutor.java:659) ~[tomcat-embed-core-9.0.63.jar:9.0.63]
	at org.apache.tomcat.util.threads.TaskThread$WrappingRunnable.run(TaskThread.java:61) ~[tomcat-embed-core-9.0.63.jar:9.0.63]
	at java.base/java.lang.Thread.run(Thread.java:842) ~[na:na]
Caused by: java.net.UnknownHostException: atendimento-service
	at java.base/sun.nio.ch.NioSocketImpl.connect(NioSocketImpl.java:572) ~[na:na]
	at java.base/java.net.Socket.connect(Socket.java:633) ~[na:na]
	at java.base/sun.net.NetworkClient.doConnect(NetworkClient.java:178) ~[na:na]
	at java.base/sun.net.www.http.HttpClient.openServer(HttpClient.java:534) ~[na:na]
	at java.base/sun.net.www.http.HttpClient.openServer(HttpClient.java:639) ~[na:na]
	at java.base/sun.net.www.http.HttpClient.<init>(HttpClient.java:282) ~[na:na]
	at java.base/sun.net.www.http.HttpClient.New(HttpClient.java:387) ~[na:na]
	at java.base/sun.net.www.http.HttpClient.New(HttpClient.java:409) ~[na:na]
	at java.base/sun.net.www.protocol.http.HttpURLConnection.getNewHttpClient(HttpURLConnection.java:1308) ~[na:na]
	at java.base/sun.net.www.protocol.http.HttpURLConnection.plainConnect0(HttpURLConnection.java:1241) ~[na:na]
	at java.base/sun.net.www.protocol.http.HttpURLConnection.plainConnect(HttpURLConnection.java:1127) ~[na:na]
	at java.base/sun.net.www.protocol.http.HttpURLConnection.connect(HttpURLConnection.java:1056) ~[na:na]
	at java.base/sun.net.www.protocol.http.HttpURLConnection.getOutputStream0(HttpURLConnection.java:1450) ~[na:na]
	at java.base/sun.net.www.protocol.http.HttpURLConnection.getOutputStream(HttpURLConnection.java:1421) ~[na:na]
	at feign.Client$Default.convertAndSend(Client.java:208) ~[feign-core-11.10.jar:na]
	at feign.Client$Default.execute(Client.java:105) ~[feign-core-11.10.jar:na]
	at feign.SynchronousMethodHandler.executeAndDecode(SynchronousMethodHandler.java:121) ~[feign-core-11.10.jar:na]
	... 101 common frames omitted

2025-10-23 14:21:59.966 ERROR 16564 --- [http-nio-8081-exec-6] b.c.t.c.controller.ClienteController     : Erro geral ao listar clientes com atendimentos: atendimento-service executing POST http://atendimento-service:8083/api/atendimentos/por-cliente

feign.RetryableException: atendimento-service executing POST http://atendimento-service:8083/api/atendimentos/por-cliente
	at feign.FeignException.errorExecuting(FeignException.java:268) ~[feign-core-11.10.jar:na]
	at feign.SynchronousMethodHandler.executeAndDecode(SynchronousMethodHandler.java:131) ~[feign-core-11.10.jar:na]
	at feign.SynchronousMethodHandler.invoke(SynchronousMethodHandler.java:91) ~[feign-core-11.10.jar:na]
	at feign.ReflectiveFeign$FeignInvocationHandler.invoke(ReflectiveFeign.java:100) ~[feign-core-11.10.jar:na]
	at jdk.proxy7/jdk.proxy7.$Proxy175.buscarAtendimentosPorClientes(Unknown Source) ~[na:na]
	at br.com.tonypool.cliente.controller.ClienteController.listarClientesComAtendimentos(ClienteController.java:174) ~[classes/:na]
	at br.com.tonypool.cliente.controller.ClienteController$$FastClassBySpringCGLIB$$a4172ab9.invoke(<generated>) ~[classes/:na]
	at org.springframework.cglib.proxy.MethodProxy.invoke(MethodProxy.java:218) ~[spring-core-5.3.20.jar:5.3.20]
	at org.springframework.aop.framework.CglibAopProxy$CglibMethodInvocation.invokeJoinpoint(CglibAopProxy.java:793) ~[spring-aop-5.3.20.jar:5.3.20]
	at org.springframework.aop.framework.ReflectiveMethodInvocation.proceed(ReflectiveMethodInvocation.java:163) ~[spring-aop-5.3.20.jar:5.3.20]
	at org.springframework.aop.framework.CglibAopProxy$CglibMethodInvocation.proceed(CglibAopProxy.java:763) ~[spring-aop-5.3.20.jar:5.3.20]
	at org.springframework.security.access.intercept.aopalliance.MethodSecurityInterceptor.invoke(MethodSecurityInterceptor.java:61) ~[spring-security-core-5.7.1.jar:5.7.1]
	at org.springframework.aop.framework.ReflectiveMethodInvocation.proceed(ReflectiveMethodInvocation.java:186) ~[spring-aop-5.3.20.jar:5.3.20]
	at org.springframework.aop.framework.CglibAopProxy$CglibMethodInvocation.proceed(CglibAopProxy.java:763) ~[spring-aop-5.3.20.jar:5.3.20]
	at org.springframework.aop.framework.CglibAopProxy$DynamicAdvisedInterceptor.intercept(CglibAopProxy.java:708) ~[spring-aop-5.3.20.jar:5.3.20]
	at br.com.tonypool.cliente.controller.ClienteController$$EnhancerBySpringCGLIB$$8e616672.listarClientesComAtendimentos(<generated>) ~[classes/:na]
	at java.base/jdk.internal.reflect.NativeMethodAccessorImpl.invoke0(Native Method) ~[na:na]
	at java.base/jdk.internal.reflect.NativeMethodAccessorImpl.invoke(NativeMethodAccessorImpl.java:77) ~[na:na]
	at java.base/jdk.internal.reflect.DelegatingMethodAccessorImpl.invoke(DelegatingMethodAccessorImpl.java:43) ~[na:na]
	at java.base/java.lang.reflect.Method.invoke(Method.java:568) ~[na:na]
	at org.springframework.web.method.support.InvocableHandlerMethod.doInvoke(InvocableHandlerMethod.java:205) ~[spring-web-5.3.20.jar:5.3.20]
	at org.springframework.web.method.support.InvocableHandlerMethod.invokeForRequest(InvocableHandlerMethod.java:150) ~[spring-web-5.3.20.jar:5.3.20]
	at org.springframework.web.servlet.mvc.method.annotation.ServletInvocableHandlerMethod.invokeAndHandle(ServletInvocableHandlerMethod.java:117) ~[spring-webmvc-5.3.20.jar:5.3.20]
	at org.springframework.web.servlet.mvc.method.annotation.RequestMappingHandlerAdapter.invokeHandlerMethod(RequestMappingHandlerAdapter.java:895) ~[spring-webmvc-5.3.20.jar:5.3.20]
	at org.springframework.web.servlet.mvc.method.annotation.RequestMappingHandlerAdapter.handleInternal(RequestMappingHandlerAdapter.java:808) ~[spring-webmvc-5.3.20.jar:5.3.20]
	at org.springframework.web.servlet.mvc.method.AbstractHandlerMethodAdapter.handle(AbstractHandlerMethodAdapter.java:87) ~[spring-webmvc-5.3.20.jar:5.3.20]
	at org.springframework.web.servlet.DispatcherServlet.doDispatch(DispatcherServlet.java:1067) ~[spring-webmvc-5.3.20.jar:5.3.20]
	at org.springframework.web.servlet.DispatcherServlet.doService(DispatcherServlet.java:963) ~[spring-webmvc-5.3.20.jar:5.3.20]
	at org.springframework.web.servlet.FrameworkServlet.processRequest(FrameworkServlet.java:1006) ~[spring-webmvc-5.3.20.jar:5.3.20]
	at org.springframework.web.servlet.FrameworkServlet.doGet(FrameworkServlet.java:898) ~[spring-webmvc-5.3.20.jar:5.3.20]
	at javax.servlet.http.HttpServlet.service(HttpServlet.java:655) ~[tomcat-embed-core-9.0.63.jar:4.0.FR]
	at org.springframework.web.servlet.FrameworkServlet.service(FrameworkServlet.java:883) ~[spring-webmvc-5.3.20.jar:5.3.20]
	at javax.servlet.http.HttpServlet.service(HttpServlet.java:764) ~[tomcat-embed-core-9.0.63.jar:4.0.FR]
	at org.apache.catalina.core.ApplicationFilterChain.internalDoFilter(ApplicationFilterChain.java:227) ~[tomcat-embed-core-9.0.63.jar:9.0.63]
	at org.apache.catalina.core.ApplicationFilterChain.doFilter(ApplicationFilterChain.java:162) ~[tomcat-embed-core-9.0.63.jar:9.0.63]
	at org.apache.tomcat.websocket.server.WsFilter.doFilter(WsFilter.java:53) ~[tomcat-embed-websocket-9.0.63.jar:9.0.63]
	at org.apache.catalina.core.ApplicationFilterChain.internalDoFilter(ApplicationFilterChain.java:189) ~[tomcat-embed-core-9.0.63.jar:9.0.63]
	at org.apache.catalina.core.ApplicationFilterChain.doFilter(ApplicationFilterChain.java:162) ~[tomcat-embed-core-9.0.63.jar:9.0.63]
	at org.springframework.web.filter.CorsFilter.doFilterInternal(CorsFilter.java:91) ~[spring-web-5.3.20.jar:5.3.20]
	at org.springframework.web.filter.OncePerRequestFilter.doFilter(OncePerRequestFilter.java:117) ~[spring-web-5.3.20.jar:5.3.20]
	at org.apache.catalina.core.ApplicationFilterChain.internalDoFilter(ApplicationFilterChain.java:189) ~[tomcat-embed-core-9.0.63.jar:9.0.63]
	at org.apache.catalina.core.ApplicationFilterChain.doFilter(ApplicationFilterChain.java:162) ~[tomcat-embed-core-9.0.63.jar:9.0.63]
	at org.springframework.security.web.FilterChainProxy$VirtualFilterChain.doFilter(FilterChainProxy.java:327) ~[spring-security-web-5.7.1.jar:5.7.1]
	at org.springframework.security.web.access.intercept.FilterSecurityInterceptor.invoke(FilterSecurityInterceptor.java:115) ~[spring-security-web-5.7.1.jar:5.7.1]
	at org.springframework.security.web.access.intercept.FilterSecurityInterceptor.doFilter(FilterSecurityInterceptor.java:81) ~[spring-security-web-5.7.1.jar:5.7.1]
	at org.springframework.security.web.FilterChainProxy$VirtualFilterChain.doFilter(FilterChainProxy.java:336) ~[spring-security-web-5.7.1.jar:5.7.1]
	at org.springframework.security.web.access.ExceptionTranslationFilter.doFilter(ExceptionTranslationFilter.java:122) ~[spring-security-web-5.7.1.jar:5.7.1]
	at org.springframework.security.web.access.ExceptionTranslationFilter.doFilter(ExceptionTranslationFilter.java:116) ~[spring-security-web-5.7.1.jar:5.7.1]
	at org.springframework.security.web.FilterChainProxy$VirtualFilterChain.doFilter(FilterChainProxy.java:336) ~[spring-security-web-5.7.1.jar:5.7.1]
	at org.springframework.security.web.session.SessionManagementFilter.doFilter(SessionManagementFilter.java:126) ~[spring-security-web-5.7.1.jar:5.7.1]
	at org.springframework.security.web.session.SessionManagementFilter.doFilter(SessionManagementFilter.java:81) ~[spring-security-web-5.7.1.jar:5.7.1]
	at org.springframework.security.web.FilterChainProxy$VirtualFilterChain.doFilter(FilterChainProxy.java:336) ~[spring-security-web-5.7.1.jar:5.7.1]
	at org.springframework.security.web.authentication.AnonymousAuthenticationFilter.doFilter(AnonymousAuthenticationFilter.java:109) ~[spring-security-web-5.7.1.jar:5.7.1]
	at org.springframework.security.web.FilterChainProxy$VirtualFilterChain.doFilter(FilterChainProxy.java:336) ~[spring-security-web-5.7.1.jar:5.7.1]
	at org.springframework.security.web.servletapi.SecurityContextHolderAwareRequestFilter.doFilter(SecurityContextHolderAwareRequestFilter.java:149) ~[spring-security-web-5.7.1.jar:5.7.1]
	at org.springframework.security.web.FilterChainProxy$VirtualFilterChain.doFilter(FilterChainProxy.java:336) ~[spring-security-web-5.7.1.jar:5.7.1]
	at org.springframework.security.web.savedrequest.RequestCacheAwareFilter.doFilter(RequestCacheAwareFilter.java:63) ~[spring-security-web-5.7.1.jar:5.7.1]
	at org.springframework.security.web.FilterChainProxy$VirtualFilterChain.doFilter(FilterChainProxy.java:336) ~[spring-security-web-5.7.1.jar:5.7.1]
	at br.com.tonypool.cliente.security.JwtSecurity.doFilterInternal(JwtSecurity.java:47) ~[classes/:na]
	at org.springframework.web.filter.OncePerRequestFilter.doFilter(OncePerRequestFilter.java:117) ~[spring-web-5.3.20.jar:5.3.20]
	at org.springframework.security.web.FilterChainProxy$VirtualFilterChain.doFilter(FilterChainProxy.java:336) ~[spring-security-web-5.7.1.jar:5.7.1]
	at org.springframework.security.web.authentication.logout.LogoutFilter.doFilter(LogoutFilter.java:103) ~[spring-security-web-5.7.1.jar:5.7.1]
	at org.springframework.security.web.authentication.logout.LogoutFilter.doFilter(LogoutFilter.java:89) ~[spring-security-web-5.7.1.jar:5.7.1]
	at org.springframework.security.web.FilterChainProxy$VirtualFilterChain.doFilter(FilterChainProxy.java:336) ~[spring-security-web-5.7.1.jar:5.7.1]
	at org.springframework.security.web.header.HeaderWriterFilter.doHeadersAfter(HeaderWriterFilter.java:90) ~[spring-security-web-5.7.1.jar:5.7.1]
	at org.springframework.security.web.header.HeaderWriterFilter.doFilterInternal(HeaderWriterFilter.java:75) ~[spring-security-web-5.7.1.jar:5.7.1]
	at org.springframework.web.filter.OncePerRequestFilter.doFilter(OncePerRequestFilter.java:117) ~[spring-web-5.3.20.jar:5.3.20]
	at org.springframework.security.web.FilterChainProxy$VirtualFilterChain.doFilter(FilterChainProxy.java:336) ~[spring-security-web-5.7.1.jar:5.7.1]
	at org.springframework.security.web.context.SecurityContextPersistenceFilter.doFilter(SecurityContextPersistenceFilter.java:112) ~[spring-security-web-5.7.1.jar:5.7.1]
	at org.springframework.security.web.context.SecurityContextPersistenceFilter.doFilter(SecurityContextPersistenceFilter.java:82) ~[spring-security-web-5.7.1.jar:5.7.1]
	at org.springframework.security.web.FilterChainProxy$VirtualFilterChain.doFilter(FilterChainProxy.java:336) ~[spring-security-web-5.7.1.jar:5.7.1]
	at org.springframework.security.web.context.request.async.WebAsyncManagerIntegrationFilter.doFilterInternal(WebAsyncManagerIntegrationFilter.java:55) ~[spring-security-web-5.7.1.jar:5.7.1]
	at org.springframework.web.filter.OncePerRequestFilter.doFilter(OncePerRequestFilter.java:117) ~[spring-web-5.3.20.jar:5.3.20]
	at org.springframework.security.web.FilterChainProxy$VirtualFilterChain.doFilter(FilterChainProxy.java:336) ~[spring-security-web-5.7.1.jar:5.7.1]
	at org.springframework.security.web.session.DisableEncodeUrlFilter.doFilterInternal(DisableEncodeUrlFilter.java:42) ~[spring-security-web-5.7.1.jar:5.7.1]
	at org.springframework.web.filter.OncePerRequestFilter.doFilter(OncePerRequestFilter.java:117) ~[spring-web-5.3.20.jar:5.3.20]
	at org.springframework.security.web.FilterChainProxy$VirtualFilterChain.doFilter(FilterChainProxy.java:336) ~[spring-security-web-5.7.1.jar:5.7.1]
	at org.springframework.security.web.FilterChainProxy.doFilterInternal(FilterChainProxy.java:211) ~[spring-security-web-5.7.1.jar:5.7.1]
	at org.springframework.security.web.FilterChainProxy.doFilter(FilterChainProxy.java:183) ~[spring-security-web-5.7.1.jar:5.7.1]
	at org.springframework.web.filter.DelegatingFilterProxy.invokeDelegate(DelegatingFilterProxy.java:354) ~[spring-web-5.3.20.jar:5.3.20]
	at org.springframework.web.filter.DelegatingFilterProxy.doFilter(DelegatingFilterProxy.java:267) ~[spring-web-5.3.20.jar:5.3.20]
	at org.apache.catalina.core.ApplicationFilterChain.internalDoFilter(ApplicationFilterChain.java:189) ~[tomcat-embed-core-9.0.63.jar:9.0.63]
	at org.apache.catalina.core.ApplicationFilterChain.doFilter(ApplicationFilterChain.java:162) ~[tomcat-embed-core-9.0.63.jar:9.0.63]
	at org.springframework.web.filter.CharacterEncodingFilter.doFilterInternal(CharacterEncodingFilter.java:201) ~[spring-web-5.3.20.jar:5.3.20]
	at org.springframework.web.filter.OncePerRequestFilter.doFilter(OncePerRequestFilter.java:117) ~[spring-web-5.3.20.jar:5.3.20]
	at org.apache.catalina.core.ApplicationFilterChain.internalDoFilter(ApplicationFilterChain.java:189) ~[tomcat-embed-core-9.0.63.jar:9.0.63]
	at org.apache.catalina.core.ApplicationFilterChain.doFilter(ApplicationFilterChain.java:162) ~[tomcat-embed-core-9.0.63.jar:9.0.63]
	at org.apache.catalina.core.StandardWrapperValve.invoke(StandardWrapperValve.java:197) ~[tomcat-embed-core-9.0.63.jar:9.0.63]
	at org.apache.catalina.core.StandardContextValve.invoke(StandardContextValve.java:97) ~[tomcat-embed-core-9.0.63.jar:9.0.63]
	at org.apache.catalina.authenticator.AuthenticatorBase.invoke(AuthenticatorBase.java:541) ~[tomcat-embed-core-9.0.63.jar:9.0.63]
	at org.apache.catalina.core.StandardHostValve.invoke(StandardHostValve.java:135) ~[tomcat-embed-core-9.0.63.jar:9.0.63]
	at org.apache.catalina.valves.ErrorReportValve.invoke(ErrorReportValve.java:92) ~[tomcat-embed-core-9.0.63.jar:9.0.63]
	at org.apache.catalina.core.StandardEngineValve.invoke(StandardEngineValve.java:78) ~[tomcat-embed-core-9.0.63.jar:9.0.63]
	at org.apache.catalina.connector.CoyoteAdapter.service(CoyoteAdapter.java:360) ~[tomcat-embed-core-9.0.63.jar:9.0.63]
	at org.apache.coyote.http11.Http11Processor.service(Http11Processor.java:399) ~[tomcat-embed-core-9.0.63.jar:9.0.63]
	at org.apache.coyote.AbstractProcessorLight.process(AbstractProcessorLight.java:65) ~[tomcat-embed-core-9.0.63.jar:9.0.63]
	at org.apache.coyote.AbstractProtocol$ConnectionHandler.process(AbstractProtocol.java:890) ~[tomcat-embed-core-9.0.63.jar:9.0.63]
	at org.apache.tomcat.util.net.NioEndpoint$SocketProcessor.doRun(NioEndpoint.java:1743) ~[tomcat-embed-core-9.0.63.jar:9.0.63]
	at org.apache.tomcat.util.net.SocketProcessorBase.run(SocketProcessorBase.java:49) ~[tomcat-embed-core-9.0.63.jar:9.0.63]
	at org.apache.tomcat.util.threads.ThreadPoolExecutor.runWorker(ThreadPoolExecutor.java:1191) ~[tomcat-embed-core-9.0.63.jar:9.0.63]
	at org.apache.tomcat.util.threads.ThreadPoolExecutor$Worker.run(ThreadPoolExecutor.java:659) ~[tomcat-embed-core-9.0.63.jar:9.0.63]
	at org.apache.tomcat.util.threads.TaskThread$WrappingRunnable.run(TaskThread.java:61) ~[tomcat-embed-core-9.0.63.jar:9.0.63]
	at java.base/java.lang.Thread.run(Thread.java:842) ~[na:na]
Caused by: java.net.UnknownHostException: atendimento-service
	at java.base/sun.nio.ch.NioSocketImpl.connect(NioSocketImpl.java:572) ~[na:na]
	at java.base/java.net.Socket.connect(Socket.java:633) ~[na:na]
	at java.base/sun.net.NetworkClient.doConnect(NetworkClient.java:178) ~[na:na]
	at java.base/sun.net.www.http.HttpClient.openServer(HttpClient.java:534) ~[na:na]
	at java.base/sun.net.www.http.HttpClient.openServer(HttpClient.java:639) ~[na:na]
	at java.base/sun.net.www.http.HttpClient.<init>(HttpClient.java:282) ~[na:na]
	at java.base/sun.net.www.http.HttpClient.New(HttpClient.java:387) ~[na:na]
	at java.base/sun.net.www.http.HttpClient.New(HttpClient.java:409) ~[na:na]
	at java.base/sun.net.www.protocol.http.HttpURLConnection.getNewHttpClient(HttpURLConnection.java:1308) ~[na:na]
	at java.base/sun.net.www.protocol.http.HttpURLConnection.plainConnect0(HttpURLConnection.java:1241) ~[na:na]
	at java.base/sun.net.www.protocol.http.HttpURLConnection.plainConnect(HttpURLConnection.java:1127) ~[na:na]
	at java.base/sun.net.www.protocol.http.HttpURLConnection.connect(HttpURLConnection.java:1056) ~[na:na]
	at java.base/sun.net.www.protocol.http.HttpURLConnection.getOutputStream0(HttpURLConnection.java:1450) ~[na:na]
	at java.base/sun.net.www.protocol.http.HttpURLConnection.getOutputStream(HttpURLConnection.java:1421) ~[na:na]
	at feign.Client$Default.convertAndSend(Client.java:208) ~[feign-core-11.10.jar:na]
	at feign.Client$Default.execute(Client.java:105) ~[feign-core-11.10.jar:na]
	at feign.SynchronousMethodHandler.executeAndDecode(SynchronousMethodHandler.java:121) ~[feign-core-11.10.jar:na]
	... 101 common frames omitted

2025-10-23 14:22:07.976 ERROR 16564 --- [http-nio-8081-exec-8] b.c.t.c.controller.ClienteController     : Erro geral ao listar clientes com atendimentos: atendimento-service executing POST http://atendimento-service:8083/api/atendimentos/por-cliente

feign.RetryableException: atendimento-service executing POST http://atendimento-service:8083/api/atendimentos/por-cliente
	at feign.FeignException.errorExecuting(FeignException.java:268) ~[feign-core-11.10.jar:na]
	at feign.SynchronousMethodHandler.executeAndDecode(SynchronousMethodHandler.java:131) ~[feign-core-11.10.jar:na]
	at feign.SynchronousMethodHandler.invoke(SynchronousMethodHandler.java:91) ~[feign-core-11.10.jar:na]
	at feign.ReflectiveFeign$FeignInvocationHandler.invoke(ReflectiveFeign.java:100) ~[feign-core-11.10.jar:na]
	at jdk.proxy7/jdk.proxy7.$Proxy175.buscarAtendimentosPorClientes(Unknown Source) ~[na:na]
	at br.com.tonypool.cliente.controller.ClienteController.listarClientesComAtendimentos(ClienteController.java:174) ~[classes/:na]
	at br.com.tonypool.cliente.controller.ClienteController$$FastClassBySpringCGLIB$$a4172ab9.invoke(<generated>) ~[classes/:na]
	at org.springframework.cglib.proxy.MethodProxy.invoke(MethodProxy.java:218) ~[spring-core-5.3.20.jar:5.3.20]
	at org.springframework.aop.framework.CglibAopProxy$CglibMethodInvocation.invokeJoinpoint(CglibAopProxy.java:793) ~[spring-aop-5.3.20.jar:5.3.20]
	at org.springframework.aop.framework.ReflectiveMethodInvocation.proceed(ReflectiveMethodInvocation.java:163) ~[spring-aop-5.3.20.jar:5.3.20]
	at org.springframework.aop.framework.CglibAopProxy$CglibMethodInvocation.proceed(CglibAopProxy.java:763) ~[spring-aop-5.3.20.jar:5.3.20]
	at org.springframework.security.access.intercept.aopalliance.MethodSecurityInterceptor.invoke(MethodSecurityInterceptor.java:61) ~[spring-security-core-5.7.1.jar:5.7.1]
	at org.springframework.aop.framework.ReflectiveMethodInvocation.proceed(ReflectiveMethodInvocation.java:186) ~[spring-aop-5.3.20.jar:5.3.20]
	at org.springframework.aop.framework.CglibAopProxy$CglibMethodInvocation.proceed(CglibAopProxy.java:763) ~[spring-aop-5.3.20.jar:5.3.20]
	at org.springframework.aop.framework.CglibAopProxy$DynamicAdvisedInterceptor.intercept(CglibAopProxy.java:708) ~[spring-aop-5.3.20.jar:5.3.20]
	at br.com.tonypool.cliente.controller.ClienteController$$EnhancerBySpringCGLIB$$8e616672.listarClientesComAtendimentos(<generated>) ~[classes/:na]
	at java.base/jdk.internal.reflect.NativeMethodAccessorImpl.invoke0(Native Method) ~[na:na]
	at java.base/jdk.internal.reflect.NativeMethodAccessorImpl.invoke(NativeMethodAccessorImpl.java:77) ~[na:na]
	at java.base/jdk.internal.reflect.DelegatingMethodAccessorImpl.invoke(DelegatingMethodAccessorImpl.java:43) ~[na:na]
	at java.base/java.lang.reflect.Method.invoke(Method.java:568) ~[na:na]
	at org.springframework.web.method.support.InvocableHandlerMethod.doInvoke(InvocableHandlerMethod.java:205) ~[spring-web-5.3.20.jar:5.3.20]
	at org.springframework.web.method.support.InvocableHandlerMethod.invokeForRequest(InvocableHandlerMethod.java:150) ~[spring-web-5.3.20.jar:5.3.20]
	at org.springframework.web.servlet.mvc.method.annotation.ServletInvocableHandlerMethod.invokeAndHandle(ServletInvocableHandlerMethod.java:117) ~[spring-webmvc-5.3.20.jar:5.3.20]
	at org.springframework.web.servlet.mvc.method.annotation.RequestMappingHandlerAdapter.invokeHandlerMethod(RequestMappingHandlerAdapter.java:895) ~[spring-webmvc-5.3.20.jar:5.3.20]
	at org.springframework.web.servlet.mvc.method.annotation.RequestMappingHandlerAdapter.handleInternal(RequestMappingHandlerAdapter.java:808) ~[spring-webmvc-5.3.20.jar:5.3.20]
	at org.springframework.web.servlet.mvc.method.AbstractHandlerMethodAdapter.handle(AbstractHandlerMethodAdapter.java:87) ~[spring-webmvc-5.3.20.jar:5.3.20]
	at org.springframework.web.servlet.DispatcherServlet.doDispatch(DispatcherServlet.java:1067) ~[spring-webmvc-5.3.20.jar:5.3.20]
	at org.springframework.web.servlet.DispatcherServlet.doService(DispatcherServlet.java:963) ~[spring-webmvc-5.3.20.jar:5.3.20]
	at org.springframework.web.servlet.FrameworkServlet.processRequest(FrameworkServlet.java:1006) ~[spring-webmvc-5.3.20.jar:5.3.20]
	at org.springframework.web.servlet.FrameworkServlet.doGet(FrameworkServlet.java:898) ~[spring-webmvc-5.3.20.jar:5.3.20]
	at javax.servlet.http.HttpServlet.service(HttpServlet.java:655) ~[tomcat-embed-core-9.0.63.jar:4.0.FR]
	at org.springframework.web.servlet.FrameworkServlet.service(FrameworkServlet.java:883) ~[spring-webmvc-5.3.20.jar:5.3.20]
	at javax.servlet.http.HttpServlet.service(HttpServlet.java:764) ~[tomcat-embed-core-9.0.63.jar:4.0.FR]
	at org.apache.catalina.core.ApplicationFilterChain.internalDoFilter(ApplicationFilterChain.java:227) ~[tomcat-embed-core-9.0.63.jar:9.0.63]
	at org.apache.catalina.core.ApplicationFilterChain.doFilter(ApplicationFilterChain.java:162) ~[tomcat-embed-core-9.0.63.jar:9.0.63]
	at org.apache.tomcat.websocket.server.WsFilter.doFilter(WsFilter.java:53) ~[tomcat-embed-websocket-9.0.63.jar:9.0.63]
	at org.apache.catalina.core.ApplicationFilterChain.internalDoFilter(ApplicationFilterChain.java:189) ~[tomcat-embed-core-9.0.63.jar:9.0.63]
	at org.apache.catalina.core.ApplicationFilterChain.doFilter(ApplicationFilterChain.java:162) ~[tomcat-embed-core-9.0.63.jar:9.0.63]
	at org.springframework.web.filter.CorsFilter.doFilterInternal(CorsFilter.java:91) ~[spring-web-5.3.20.jar:5.3.20]
	at org.springframework.web.filter.OncePerRequestFilter.doFilter(OncePerRequestFilter.java:117) ~[spring-web-5.3.20.jar:5.3.20]
	at org.apache.catalina.core.ApplicationFilterChain.internalDoFilter(ApplicationFilterChain.java:189) ~[tomcat-embed-core-9.0.63.jar:9.0.63]
	at org.apache.catalina.core.ApplicationFilterChain.doFilter(ApplicationFilterChain.java:162) ~[tomcat-embed-core-9.0.63.jar:9.0.63]
	at org.springframework.security.web.FilterChainProxy$VirtualFilterChain.doFilter(FilterChainProxy.java:327) ~[spring-security-web-5.7.1.jar:5.7.1]
	at org.springframework.security.web.access.intercept.FilterSecurityInterceptor.invoke(FilterSecurityInterceptor.java:115) ~[spring-security-web-5.7.1.jar:5.7.1]
	at org.springframework.security.web.access.intercept.FilterSecurityInterceptor.doFilter(FilterSecurityInterceptor.java:81) ~[spring-security-web-5.7.1.jar:5.7.1]
	at org.springframework.security.web.FilterChainProxy$VirtualFilterChain.doFilter(FilterChainProxy.java:336) ~[spring-security-web-5.7.1.jar:5.7.1]
	at org.springframework.security.web.access.ExceptionTranslationFilter.doFilter(ExceptionTranslationFilter.java:122) ~[spring-security-web-5.7.1.jar:5.7.1]
	at org.springframework.security.web.access.ExceptionTranslationFilter.doFilter(ExceptionTranslationFilter.java:116) ~[spring-security-web-5.7.1.jar:5.7.1]
	at org.springframework.security.web.FilterChainProxy$VirtualFilterChain.doFilter(FilterChainProxy.java:336) ~[spring-security-web-5.7.1.jar:5.7.1]
	at org.springframework.security.web.session.SessionManagementFilter.doFilter(SessionManagementFilter.java:126) ~[spring-security-web-5.7.1.jar:5.7.1]
	at org.springframework.security.web.session.SessionManagementFilter.doFilter(SessionManagementFilter.java:81) ~[spring-security-web-5.7.1.jar:5.7.1]
	at org.springframework.security.web.FilterChainProxy$VirtualFilterChain.doFilter(FilterChainProxy.java:336) ~[spring-security-web-5.7.1.jar:5.7.1]
	at org.springframework.security.web.authentication.AnonymousAuthenticationFilter.doFilter(AnonymousAuthenticationFilter.java:109) ~[spring-security-web-5.7.1.jar:5.7.1]
	at org.springframework.security.web.FilterChainProxy$VirtualFilterChain.doFilter(FilterChainProxy.java:336) ~[spring-security-web-5.7.1.jar:5.7.1]
	at org.springframework.security.web.servletapi.SecurityContextHolderAwareRequestFilter.doFilter(SecurityContextHolderAwareRequestFilter.java:149) ~[spring-security-web-5.7.1.jar:5.7.1]
	at org.springframework.security.web.FilterChainProxy$VirtualFilterChain.doFilter(FilterChainProxy.java:336) ~[spring-security-web-5.7.1.jar:5.7.1]
	at org.springframework.security.web.savedrequest.RequestCacheAwareFilter.doFilter(RequestCacheAwareFilter.java:63) ~[spring-security-web-5.7.1.jar:5.7.1]
	at org.springframework.security.web.FilterChainProxy$VirtualFilterChain.doFilter(FilterChainProxy.java:336) ~[spring-security-web-5.7.1.jar:5.7.1]
	at br.com.tonypool.cliente.security.JwtSecurity.doFilterInternal(JwtSecurity.java:47) ~[classes/:na]
	at org.springframework.web.filter.OncePerRequestFilter.doFilter(OncePerRequestFilter.java:117) ~[spring-web-5.3.20.jar:5.3.20]
	at org.springframework.security.web.FilterChainProxy$VirtualFilterChain.doFilter(FilterChainProxy.java:336) ~[spring-security-web-5.7.1.jar:5.7.1]
	at org.springframework.security.web.authentication.logout.LogoutFilter.doFilter(LogoutFilter.java:103) ~[spring-security-web-5.7.1.jar:5.7.1]
	at org.springframework.security.web.authentication.logout.LogoutFilter.doFilter(LogoutFilter.java:89) ~[spring-security-web-5.7.1.jar:5.7.1]
	at org.springframework.security.web.FilterChainProxy$VirtualFilterChain.doFilter(FilterChainProxy.java:336) ~[spring-security-web-5.7.1.jar:5.7.1]
	at org.springframework.security.web.header.HeaderWriterFilter.doHeadersAfter(HeaderWriterFilter.java:90) ~[spring-security-web-5.7.1.jar:5.7.1]
	at org.springframework.security.web.header.HeaderWriterFilter.doFilterInternal(HeaderWriterFilter.java:75) ~[spring-security-web-5.7.1.jar:5.7.1]
	at org.springframework.web.filter.OncePerRequestFilter.doFilter(OncePerRequestFilter.java:117) ~[spring-web-5.3.20.jar:5.3.20]
	at org.springframework.security.web.FilterChainProxy$VirtualFilterChain.doFilter(FilterChainProxy.java:336) ~[spring-security-web-5.7.1.jar:5.7.1]
	at org.springframework.security.web.context.SecurityContextPersistenceFilter.doFilter(SecurityContextPersistenceFilter.java:112) ~[spring-security-web-5.7.1.jar:5.7.1]
	at org.springframework.security.web.context.SecurityContextPersistenceFilter.doFilter(SecurityContextPersistenceFilter.java:82) ~[spring-security-web-5.7.1.jar:5.7.1]
	at org.springframework.security.web.FilterChainProxy$VirtualFilterChain.doFilter(FilterChainProxy.java:336) ~[spring-security-web-5.7.1.jar:5.7.1]
	at org.springframework.security.web.context.request.async.WebAsyncManagerIntegrationFilter.doFilterInternal(WebAsyncManagerIntegrationFilter.java:55) ~[spring-security-web-5.7.1.jar:5.7.1]
	at org.springframework.web.filter.OncePerRequestFilter.doFilter(OncePerRequestFilter.java:117) ~[spring-web-5.3.20.jar:5.3.20]
	at org.springframework.security.web.FilterChainProxy$VirtualFilterChain.doFilter(FilterChainProxy.java:336) ~[spring-security-web-5.7.1.jar:5.7.1]
	at org.springframework.security.web.session.DisableEncodeUrlFilter.doFilterInternal(DisableEncodeUrlFilter.java:42) ~[spring-security-web-5.7.1.jar:5.7.1]
	at org.springframework.web.filter.OncePerRequestFilter.doFilter(OncePerRequestFilter.java:117) ~[spring-web-5.3.20.jar:5.3.20]
	at org.springframework.security.web.FilterChainProxy$VirtualFilterChain.doFilter(FilterChainProxy.java:336) ~[spring-security-web-5.7.1.jar:5.7.1]
	at org.springframework.security.web.FilterChainProxy.doFilterInternal(FilterChainProxy.java:211) ~[spring-security-web-5.7.1.jar:5.7.1]
	at org.springframework.security.web.FilterChainProxy.doFilter(FilterChainProxy.java:183) ~[spring-security-web-5.7.1.jar:5.7.1]
	at org.springframework.web.filter.DelegatingFilterProxy.invokeDelegate(DelegatingFilterProxy.java:354) ~[spring-web-5.3.20.jar:5.3.20]
	at org.springframework.web.filter.DelegatingFilterProxy.doFilter(DelegatingFilterProxy.java:267) ~[spring-web-5.3.20.jar:5.3.20]
	at org.apache.catalina.core.ApplicationFilterChain.internalDoFilter(ApplicationFilterChain.java:189) ~[tomcat-embed-core-9.0.63.jar:9.0.63]
	at org.apache.catalina.core.ApplicationFilterChain.doFilter(ApplicationFilterChain.java:162) ~[tomcat-embed-core-9.0.63.jar:9.0.63]
	at org.springframework.web.filter.CharacterEncodingFilter.doFilterInternal(CharacterEncodingFilter.java:201) ~[spring-web-5.3.20.jar:5.3.20]
	at org.springframework.web.filter.OncePerRequestFilter.doFilter(OncePerRequestFilter.java:117) ~[spring-web-5.3.20.jar:5.3.20]
	at org.apache.catalina.core.ApplicationFilterChain.internalDoFilter(ApplicationFilterChain.java:189) ~[tomcat-embed-core-9.0.63.jar:9.0.63]
	at org.apache.catalina.core.ApplicationFilterChain.doFilter(ApplicationFilterChain.java:162) ~[tomcat-embed-core-9.0.63.jar:9.0.63]
	at org.apache.catalina.core.StandardWrapperValve.invoke(StandardWrapperValve.java:197) ~[tomcat-embed-core-9.0.63.jar:9.0.63]
	at org.apache.catalina.core.StandardContextValve.invoke(StandardContextValve.java:97) ~[tomcat-embed-core-9.0.63.jar:9.0.63]
	at org.apache.catalina.authenticator.AuthenticatorBase.invoke(AuthenticatorBase.java:541) ~[tomcat-embed-core-9.0.63.jar:9.0.63]
	at org.apache.catalina.core.StandardHostValve.invoke(StandardHostValve.java:135) ~[tomcat-embed-core-9.0.63.jar:9.0.63]
	at org.apache.catalina.valves.ErrorReportValve.invoke(ErrorReportValve.java:92) ~[tomcat-embed-core-9.0.63.jar:9.0.63]
	at org.apache.catalina.core.StandardEngineValve.invoke(StandardEngineValve.java:78) ~[tomcat-embed-core-9.0.63.jar:9.0.63]
	at org.apache.catalina.connector.CoyoteAdapter.service(CoyoteAdapter.java:360) ~[tomcat-embed-core-9.0.63.jar:9.0.63]
	at org.apache.coyote.http11.Http11Processor.service(Http11Processor.java:399) ~[tomcat-embed-core-9.0.63.jar:9.0.63]
	at org.apache.coyote.AbstractProcessorLight.process(AbstractProcessorLight.java:65) ~[tomcat-embed-core-9.0.63.jar:9.0.63]
	at org.apache.coyote.AbstractProtocol$ConnectionHandler.process(AbstractProtocol.java:890) ~[tomcat-embed-core-9.0.63.jar:9.0.63]
	at org.apache.tomcat.util.net.NioEndpoint$SocketProcessor.doRun(NioEndpoint.java:1743) ~[tomcat-embed-core-9.0.63.jar:9.0.63]
	at org.apache.tomcat.util.net.SocketProcessorBase.run(SocketProcessorBase.java:49) ~[tomcat-embed-core-9.0.63.jar:9.0.63]
	at org.apache.tomcat.util.threads.ThreadPoolExecutor.runWorker(ThreadPoolExecutor.java:1191) ~[tomcat-embed-core-9.0.63.jar:9.0.63]
	at org.apache.tomcat.util.threads.ThreadPoolExecutor$Worker.run(ThreadPoolExecutor.java:659) ~[tomcat-embed-core-9.0.63.jar:9.0.63]
	at org.apache.tomcat.util.threads.TaskThread$WrappingRunnable.run(TaskThread.java:61) ~[tomcat-embed-core-9.0.63.jar:9.0.63]
	at java.base/java.lang.Thread.run(Thread.java:842) ~[na:na]
Caused by: java.net.UnknownHostException: atendimento-service
	at java.base/sun.nio.ch.NioSocketImpl.connect(NioSocketImpl.java:572) ~[na:na]
	at java.base/java.net.Socket.connect(Socket.java:633) ~[na:na]
	at java.base/sun.net.NetworkClient.doConnect(NetworkClient.java:178) ~[na:na]
	at java.base/sun.net.www.http.HttpClient.openServer(HttpClient.java:534) ~[na:na]
	at java.base/sun.net.www.http.HttpClient.openServer(HttpClient.java:639) ~[na:na]
	at java.base/sun.net.www.http.HttpClient.<init>(HttpClient.java:282) ~[na:na]
	at java.base/sun.net.www.http.HttpClient.New(HttpClient.java:387) ~[na:na]
	at java.base/sun.net.www.http.HttpClient.New(HttpClient.java:409) ~[na:na]
	at java.base/sun.net.www.protocol.http.HttpURLConnection.getNewHttpClient(HttpURLConnection.java:1308) ~[na:na]
	at java.base/sun.net.www.protocol.http.HttpURLConnection.plainConnect0(HttpURLConnection.java:1241) ~[na:na]
	at java.base/sun.net.www.protocol.http.HttpURLConnection.plainConnect(HttpURLConnection.java:1127) ~[na:na]
	at java.base/sun.net.www.protocol.http.HttpURLConnection.connect(HttpURLConnection.java:1056) ~[na:na]
	at java.base/sun.net.www.protocol.http.HttpURLConnection.getOutputStream0(HttpURLConnection.java:1450) ~[na:na]
	at java.base/sun.net.www.protocol.http.HttpURLConnection.getOutputStream(HttpURLConnection.java:1421) ~[na:na]
	at feign.Client$Default.convertAndSend(Client.java:208) ~[feign-core-11.10.jar:na]
	at feign.Client$Default.execute(Client.java:105) ~[feign-core-11.10.jar:na]
	at feign.SynchronousMethodHandler.executeAndDecode(SynchronousMethodHandler.java:121) ~[feign-core-11.10.jar:na]
	... 101 common frames omitted

2025-10-23 14:22:21.265 ERROR 16564 --- [http-nio-8081-exec-2] b.c.t.c.controller.ClienteController     : Erro geral ao listar clientes com atendimentos: atendimento-service executing POST http://atendimento-service:8083/api/atendimentos/por-cliente

feign.RetryableException: atendimento-service executing POST http://atendimento-service:8083/api/atendimentos/por-cliente
	at feign.FeignException.errorExecuting(FeignException.java:268) ~[feign-core-11.10.jar:na]
	at feign.SynchronousMethodHandler.executeAndDecode(SynchronousMethodHandler.java:131) ~[feign-core-11.10.jar:na]
	at feign.SynchronousMethodHandler.invoke(SynchronousMethodHandler.java:91) ~[feign-core-11.10.jar:na]
	at feign.ReflectiveFeign$FeignInvocationHandler.invoke(ReflectiveFeign.java:100) ~[feign-core-11.10.jar:na]
	at jdk.proxy7/jdk.proxy7.$Proxy175.buscarAtendimentosPorClientes(Unknown Source) ~[na:na]
	at br.com.tonypool.cliente.controller.ClienteController.listarClientesComAtendimentos(ClienteController.java:174) ~[classes/:na]
	at br.com.tonypool.cliente.controller.ClienteController$$FastClassBySpringCGLIB$$a4172ab9.invoke(<generated>) ~[classes/:na]
	at org.springframework.cglib.proxy.MethodProxy.invoke(MethodProxy.java:218) ~[spring-core-5.3.20.jar:5.3.20]
	at org.springframework.aop.framework.CglibAopProxy$CglibMethodInvocation.invokeJoinpoint(CglibAopProxy.java:793) ~[spring-aop-5.3.20.jar:5.3.20]
	at org.springframework.aop.framework.ReflectiveMethodInvocation.proceed(ReflectiveMethodInvocation.java:163) ~[spring-aop-5.3.20.jar:5.3.20]
	at org.springframework.aop.framework.CglibAopProxy$CglibMethodInvocation.proceed(CglibAopProxy.java:763) ~[spring-aop-5.3.20.jar:5.3.20]
	at org.springframework.security.access.intercept.aopalliance.MethodSecurityInterceptor.invoke(MethodSecurityInterceptor.java:61) ~[spring-security-core-5.7.1.jar:5.7.1]
	at org.springframework.aop.framework.ReflectiveMethodInvocation.proceed(ReflectiveMethodInvocation.java:186) ~[spring-aop-5.3.20.jar:5.3.20]
	at org.springframework.aop.framework.CglibAopProxy$CglibMethodInvocation.proceed(CglibAopProxy.java:763) ~[spring-aop-5.3.20.jar:5.3.20]
	at org.springframework.aop.framework.CglibAopProxy$DynamicAdvisedInterceptor.intercept(CglibAopProxy.java:708) ~[spring-aop-5.3.20.jar:5.3.20]
	at br.com.tonypool.cliente.controller.ClienteController$$EnhancerBySpringCGLIB$$8e616672.listarClientesComAtendimentos(<generated>) ~[classes/:na]
	at java.base/jdk.internal.reflect.NativeMethodAccessorImpl.invoke0(Native Method) ~[na:na]
	at java.base/jdk.internal.reflect.NativeMethodAccessorImpl.invoke(NativeMethodAccessorImpl.java:77) ~[na:na]
	at java.base/jdk.internal.reflect.DelegatingMethodAccessorImpl.invoke(DelegatingMethodAccessorImpl.java:43) ~[na:na]
	at java.base/java.lang.reflect.Method.invoke(Method.java:568) ~[na:na]
	at org.springframework.web.method.support.InvocableHandlerMethod.doInvoke(InvocableHandlerMethod.java:205) ~[spring-web-5.3.20.jar:5.3.20]
	at org.springframework.web.method.support.InvocableHandlerMethod.invokeForRequest(InvocableHandlerMethod.java:150) ~[spring-web-5.3.20.jar:5.3.20]
	at org.springframework.web.servlet.mvc.method.annotation.ServletInvocableHandlerMethod.invokeAndHandle(ServletInvocableHandlerMethod.java:117) ~[spring-webmvc-5.3.20.jar:5.3.20]
	at org.springframework.web.servlet.mvc.method.annotation.RequestMappingHandlerAdapter.invokeHandlerMethod(RequestMappingHandlerAdapter.java:895) ~[spring-webmvc-5.3.20.jar:5.3.20]
	at org.springframework.web.servlet.mvc.method.annotation.RequestMappingHandlerAdapter.handleInternal(RequestMappingHandlerAdapter.java:808) ~[spring-webmvc-5.3.20.jar:5.3.20]
	at org.springframework.web.servlet.mvc.method.AbstractHandlerMethodAdapter.handle(AbstractHandlerMethodAdapter.java:87) ~[spring-webmvc-5.3.20.jar:5.3.20]
	at org.springframework.web.servlet.DispatcherServlet.doDispatch(DispatcherServlet.java:1067) ~[spring-webmvc-5.3.20.jar:5.3.20]
	at org.springframework.web.servlet.DispatcherServlet.doService(DispatcherServlet.java:963) ~[spring-webmvc-5.3.20.jar:5.3.20]
	at org.springframework.web.servlet.FrameworkServlet.processRequest(FrameworkServlet.java:1006) ~[spring-webmvc-5.3.20.jar:5.3.20]
	at org.springframework.web.servlet.FrameworkServlet.doGet(FrameworkServlet.java:898) ~[spring-webmvc-5.3.20.jar:5.3.20]
	at javax.servlet.http.HttpServlet.service(HttpServlet.java:655) ~[tomcat-embed-core-9.0.63.jar:4.0.FR]
	at org.springframework.web.servlet.FrameworkServlet.service(FrameworkServlet.java:883) ~[spring-webmvc-5.3.20.jar:5.3.20]
	at javax.servlet.http.HttpServlet.service(HttpServlet.java:764) ~[tomcat-embed-core-9.0.63.jar:4.0.FR]
	at org.apache.catalina.core.ApplicationFilterChain.internalDoFilter(ApplicationFilterChain.java:227) ~[tomcat-embed-core-9.0.63.jar:9.0.63]
	at org.apache.catalina.core.ApplicationFilterChain.doFilter(ApplicationFilterChain.java:162) ~[tomcat-embed-core-9.0.63.jar:9.0.63]
	at org.apache.tomcat.websocket.server.WsFilter.doFilter(WsFilter.java:53) ~[tomcat-embed-websocket-9.0.63.jar:9.0.63]
	at org.apache.catalina.core.ApplicationFilterChain.internalDoFilter(ApplicationFilterChain.java:189) ~[tomcat-embed-core-9.0.63.jar:9.0.63]
	at org.apache.catalina.core.ApplicationFilterChain.doFilter(ApplicationFilterChain.java:162) ~[tomcat-embed-core-9.0.63.jar:9.0.63]
	at org.springframework.web.filter.CorsFilter.doFilterInternal(CorsFilter.java:91) ~[spring-web-5.3.20.jar:5.3.20]
	at org.springframework.web.filter.OncePerRequestFilter.doFilter(OncePerRequestFilter.java:117) ~[spring-web-5.3.20.jar:5.3.20]
	at org.apache.catalina.core.ApplicationFilterChain.internalDoFilter(ApplicationFilterChain.java:189) ~[tomcat-embed-core-9.0.63.jar:9.0.63]
	at org.apache.catalina.core.ApplicationFilterChain.doFilter(ApplicationFilterChain.java:162) ~[tomcat-embed-core-9.0.63.jar:9.0.63]
	at org.springframework.security.web.FilterChainProxy$VirtualFilterChain.doFilter(FilterChainProxy.java:327) ~[spring-security-web-5.7.1.jar:5.7.1]
	at org.springframework.security.web.access.intercept.FilterSecurityInterceptor.invoke(FilterSecurityInterceptor.java:115) ~[spring-security-web-5.7.1.jar:5.7.1]
	at org.springframework.security.web.access.intercept.FilterSecurityInterceptor.doFilter(FilterSecurityInterceptor.java:81) ~[spring-security-web-5.7.1.jar:5.7.1]
	at org.springframework.security.web.FilterChainProxy$VirtualFilterChain.doFilter(FilterChainProxy.java:336) ~[spring-security-web-5.7.1.jar:5.7.1]
	at org.springframework.security.web.access.ExceptionTranslationFilter.doFilter(ExceptionTranslationFilter.java:122) ~[spring-security-web-5.7.1.jar:5.7.1]
	at org.springframework.security.web.access.ExceptionTranslationFilter.doFilter(ExceptionTranslationFilter.java:116) ~[spring-security-web-5.7.1.jar:5.7.1]
	at org.springframework.security.web.FilterChainProxy$VirtualFilterChain.doFilter(FilterChainProxy.java:336) ~[spring-security-web-5.7.1.jar:5.7.1]
	at org.springframework.security.web.session.SessionManagementFilter.doFilter(SessionManagementFilter.java:126) ~[spring-security-web-5.7.1.jar:5.7.1]
	at org.springframework.security.web.session.SessionManagementFilter.doFilter(SessionManagementFilter.java:81) ~[spring-security-web-5.7.1.jar:5.7.1]
	at org.springframework.security.web.FilterChainProxy$VirtualFilterChain.doFilter(FilterChainProxy.java:336) ~[spring-security-web-5.7.1.jar:5.7.1]
	at org.springframework.security.web.authentication.AnonymousAuthenticationFilter.doFilter(AnonymousAuthenticationFilter.java:109) ~[spring-security-web-5.7.1.jar:5.7.1]
	at org.springframework.security.web.FilterChainProxy$VirtualFilterChain.doFilter(FilterChainProxy.java:336) ~[spring-security-web-5.7.1.jar:5.7.1]
	at org.springframework.security.web.servletapi.SecurityContextHolderAwareRequestFilter.doFilter(SecurityContextHolderAwareRequestFilter.java:149) ~[spring-security-web-5.7.1.jar:5.7.1]
	at org.springframework.security.web.FilterChainProxy$VirtualFilterChain.doFilter(FilterChainProxy.java:336) ~[spring-security-web-5.7.1.jar:5.7.1]
	at org.springframework.security.web.savedrequest.RequestCacheAwareFilter.doFilter(RequestCacheAwareFilter.java:63) ~[spring-security-web-5.7.1.jar:5.7.1]
	at org.springframework.security.web.FilterChainProxy$VirtualFilterChain.doFilter(FilterChainProxy.java:336) ~[spring-security-web-5.7.1.jar:5.7.1]
	at br.com.tonypool.cliente.security.JwtSecurity.doFilterInternal(JwtSecurity.java:47) ~[classes/:na]
	at org.springframework.web.filter.OncePerRequestFilter.doFilter(OncePerRequestFilter.java:117) ~[spring-web-5.3.20.jar:5.3.20]
	at org.springframework.security.web.FilterChainProxy$VirtualFilterChain.doFilter(FilterChainProxy.java:336) ~[spring-security-web-5.7.1.jar:5.7.1]
	at org.springframework.security.web.authentication.logout.LogoutFilter.doFilter(LogoutFilter.java:103) ~[spring-security-web-5.7.1.jar:5.7.1]
	at org.springframework.security.web.authentication.logout.LogoutFilter.doFilter(LogoutFilter.java:89) ~[spring-security-web-5.7.1.jar:5.7.1]
	at org.springframework.security.web.FilterChainProxy$VirtualFilterChain.doFilter(FilterChainProxy.java:336) ~[spring-security-web-5.7.1.jar:5.7.1]
	at org.springframework.security.web.header.HeaderWriterFilter.doHeadersAfter(HeaderWriterFilter.java:90) ~[spring-security-web-5.7.1.jar:5.7.1]
	at org.springframework.security.web.header.HeaderWriterFilter.doFilterInternal(HeaderWriterFilter.java:75) ~[spring-security-web-5.7.1.jar:5.7.1]
	at org.springframework.web.filter.OncePerRequestFilter.doFilter(OncePerRequestFilter.java:117) ~[spring-web-5.3.20.jar:5.3.20]
	at org.springframework.security.web.FilterChainProxy$VirtualFilterChain.doFilter(FilterChainProxy.java:336) ~[spring-security-web-5.7.1.jar:5.7.1]
	at org.springframework.security.web.context.SecurityContextPersistenceFilter.doFilter(SecurityContextPersistenceFilter.java:112) ~[spring-security-web-5.7.1.jar:5.7.1]
	at org.springframework.security.web.context.SecurityContextPersistenceFilter.doFilter(SecurityContextPersistenceFilter.java:82) ~[spring-security-web-5.7.1.jar:5.7.1]
	at org.springframework.security.web.FilterChainProxy$VirtualFilterChain.doFilter(FilterChainProxy.java:336) ~[spring-security-web-5.7.1.jar:5.7.1]
	at org.springframework.security.web.context.request.async.WebAsyncManagerIntegrationFilter.doFilterInternal(WebAsyncManagerIntegrationFilter.java:55) ~[spring-security-web-5.7.1.jar:5.7.1]
	at org.springframework.web.filter.OncePerRequestFilter.doFilter(OncePerRequestFilter.java:117) ~[spring-web-5.3.20.jar:5.3.20]
	at org.springframework.security.web.FilterChainProxy$VirtualFilterChain.doFilter(FilterChainProxy.java:336) ~[spring-security-web-5.7.1.jar:5.7.1]
	at org.springframework.security.web.session.DisableEncodeUrlFilter.doFilterInternal(DisableEncodeUrlFilter.java:42) ~[spring-security-web-5.7.1.jar:5.7.1]
	at org.springframework.web.filter.OncePerRequestFilter.doFilter(OncePerRequestFilter.java:117) ~[spring-web-5.3.20.jar:5.3.20]
	at org.springframework.security.web.FilterChainProxy$VirtualFilterChain.doFilter(FilterChainProxy.java:336) ~[spring-security-web-5.7.1.jar:5.7.1]
	at org.springframework.security.web.FilterChainProxy.doFilterInternal(FilterChainProxy.java:211) ~[spring-security-web-5.7.1.jar:5.7.1]
	at org.springframework.security.web.FilterChainProxy.doFilter(FilterChainProxy.java:183) ~[spring-security-web-5.7.1.jar:5.7.1]
	at org.springframework.web.filter.DelegatingFilterProxy.invokeDelegate(DelegatingFilterProxy.java:354) ~[spring-web-5.3.20.jar:5.3.20]
	at org.springframework.web.filter.DelegatingFilterProxy.doFilter(DelegatingFilterProxy.java:267) ~[spring-web-5.3.20.jar:5.3.20]
	at org.apache.catalina.core.ApplicationFilterChain.internalDoFilter(ApplicationFilterChain.java:189) ~[tomcat-embed-core-9.0.63.jar:9.0.63]
	at org.apache.catalina.core.ApplicationFilterChain.doFilter(ApplicationFilterChain.java:162) ~[tomcat-embed-core-9.0.63.jar:9.0.63]
	at org.springframework.web.filter.CharacterEncodingFilter.doFilterInternal(CharacterEncodingFilter.java:201) ~[spring-web-5.3.20.jar:5.3.20]
	at org.springframework.web.filter.OncePerRequestFilter.doFilter(OncePerRequestFilter.java:117) ~[spring-web-5.3.20.jar:5.3.20]
	at org.apache.catalina.core.ApplicationFilterChain.internalDoFilter(ApplicationFilterChain.java:189) ~[tomcat-embed-core-9.0.63.jar:9.0.63]
	at org.apache.catalina.core.ApplicationFilterChain.doFilter(ApplicationFilterChain.java:162) ~[tomcat-embed-core-9.0.63.jar:9.0.63]
	at org.apache.catalina.core.StandardWrapperValve.invoke(StandardWrapperValve.java:197) ~[tomcat-embed-core-9.0.63.jar:9.0.63]
	at org.apache.catalina.core.StandardContextValve.invoke(StandardContextValve.java:97) ~[tomcat-embed-core-9.0.63.jar:9.0.63]
	at org.apache.catalina.authenticator.AuthenticatorBase.invoke(AuthenticatorBase.java:541) ~[tomcat-embed-core-9.0.63.jar:9.0.63]
	at org.apache.catalina.core.StandardHostValve.invoke(StandardHostValve.java:135) ~[tomcat-embed-core-9.0.63.jar:9.0.63]
	at org.apache.catalina.valves.ErrorReportValve.invoke(ErrorReportValve.java:92) ~[tomcat-embed-core-9.0.63.jar:9.0.63]
	at org.apache.catalina.core.StandardEngineValve.invoke(StandardEngineValve.java:78) ~[tomcat-embed-core-9.0.63.jar:9.0.63]
	at org.apache.catalina.connector.CoyoteAdapter.service(CoyoteAdapter.java:360) ~[tomcat-embed-core-9.0.63.jar:9.0.63]
	at org.apache.coyote.http11.Http11Processor.service(Http11Processor.java:399) ~[tomcat-embed-core-9.0.63.jar:9.0.63]
	at org.apache.coyote.AbstractProcessorLight.process(AbstractProcessorLight.java:65) ~[tomcat-embed-core-9.0.63.jar:9.0.63]
	at org.apache.coyote.AbstractProtocol$ConnectionHandler.process(AbstractProtocol.java:890) ~[tomcat-embed-core-9.0.63.jar:9.0.63]
	at org.apache.tomcat.util.net.NioEndpoint$SocketProcessor.doRun(NioEndpoint.java:1743) ~[tomcat-embed-core-9.0.63.jar:9.0.63]
	at org.apache.tomcat.util.net.SocketProcessorBase.run(SocketProcessorBase.java:49) ~[tomcat-embed-core-9.0.63.jar:9.0.63]
	at org.apache.tomcat.util.threads.ThreadPoolExecutor.runWorker(ThreadPoolExecutor.java:1191) ~[tomcat-embed-core-9.0.63.jar:9.0.63]
	at org.apache.tomcat.util.threads.ThreadPoolExecutor$Worker.run(ThreadPoolExecutor.java:659) ~[tomcat-embed-core-9.0.63.jar:9.0.63]
	at org.apache.tomcat.util.threads.TaskThread$WrappingRunnable.run(TaskThread.java:61) ~[tomcat-embed-core-9.0.63.jar:9.0.63]
	at java.base/java.lang.Thread.run(Thread.java:842) ~[na:na]
Caused by: java.net.UnknownHostException: atendimento-service
	at java.base/sun.nio.ch.NioSocketImpl.connect(NioSocketImpl.java:572) ~[na:na]
	at java.base/java.net.Socket.connect(Socket.java:633) ~[na:na]
	at java.base/sun.net.NetworkClient.doConnect(NetworkClient.java:178) ~[na:na]
	at java.base/sun.net.www.http.HttpClient.openServer(HttpClient.java:534) ~[na:na]
	at java.base/sun.net.www.http.HttpClient.openServer(HttpClient.java:639) ~[na:na]
	at java.base/sun.net.www.http.HttpClient.<init>(HttpClient.java:282) ~[na:na]
	at java.base/sun.net.www.http.HttpClient.New(HttpClient.java:387) ~[na:na]
	at java.base/sun.net.www.http.HttpClient.New(HttpClient.java:409) ~[na:na]
	at java.base/sun.net.www.protocol.http.HttpURLConnection.getNewHttpClient(HttpURLConnection.java:1308) ~[na:na]
	at java.base/sun.net.www.protocol.http.HttpURLConnection.plainConnect0(HttpURLConnection.java:1241) ~[na:na]
	at java.base/sun.net.www.protocol.http.HttpURLConnection.plainConnect(HttpURLConnection.java:1127) ~[na:na]
	at java.base/sun.net.www.protocol.http.HttpURLConnection.connect(HttpURLConnection.java:1056) ~[na:na]
	at java.base/sun.net.www.protocol.http.HttpURLConnection.getOutputStream0(HttpURLConnection.java:1450) ~[na:na]
	at java.base/sun.net.www.protocol.http.HttpURLConnection.getOutputStream(HttpURLConnection.java:1421) ~[na:na]
	at feign.Client$Default.convertAndSend(Client.java:208) ~[feign-core-11.10.jar:na]
	at feign.Client$Default.execute(Client.java:105) ~[feign-core-11.10.jar:na]
	at feign.SynchronousMethodHandler.executeAndDecode(SynchronousMethodHandler.java:121) ~[feign-core-11.10.jar:na]
	... 101 common frames omitted

2025-10-23 14:24:32.607 ERROR 16564 --- [http-nio-8081-exec-4] b.c.t.c.controller.ClienteController     : Erro geral ao listar clientes com atendimentos: atendimento-service executing POST http://atendimento-service:8083/api/atendimentos/por-cliente

feign.RetryableException: atendimento-service executing POST http://atendimento-service:8083/api/atendimentos/por-cliente
	at feign.FeignException.errorExecuting(FeignException.java:268) ~[feign-core-11.10.jar:na]
	at feign.SynchronousMethodHandler.executeAndDecode(SynchronousMethodHandler.java:131) ~[feign-core-11.10.jar:na]
	at feign.SynchronousMethodHandler.invoke(SynchronousMethodHandler.java:91) ~[feign-core-11.10.jar:na]
	at feign.ReflectiveFeign$FeignInvocationHandler.invoke(ReflectiveFeign.java:100) ~[feign-core-11.10.jar:na]
	at jdk.proxy7/jdk.proxy7.$Proxy175.buscarAtendimentosPorClientes(Unknown Source) ~[na:na]
	at br.com.tonypool.cliente.controller.ClienteController.listarClientesComAtendimentos(ClienteController.java:174) ~[classes/:na]
	at br.com.tonypool.cliente.controller.ClienteController$$FastClassBySpringCGLIB$$a4172ab9.invoke(<generated>) ~[classes/:na]
	at org.springframework.cglib.proxy.MethodProxy.invoke(MethodProxy.java:218) ~[spring-core-5.3.20.jar:5.3.20]
	at org.springframework.aop.framework.CglibAopProxy$CglibMethodInvocation.invokeJoinpoint(CglibAopProxy.java:793) ~[spring-aop-5.3.20.jar:5.3.20]
	at org.springframework.aop.framework.ReflectiveMethodInvocation.proceed(ReflectiveMethodInvocation.java:163) ~[spring-aop-5.3.20.jar:5.3.20]
	at org.springframework.aop.framework.CglibAopProxy$CglibMethodInvocation.proceed(CglibAopProxy.java:763) ~[spring-aop-5.3.20.jar:5.3.20]
	at org.springframework.security.access.intercept.aopalliance.MethodSecurityInterceptor.invoke(MethodSecurityInterceptor.java:61) ~[spring-security-core-5.7.1.jar:5.7.1]
	at org.springframework.aop.framework.ReflectiveMethodInvocation.proceed(ReflectiveMethodInvocation.java:186) ~[spring-aop-5.3.20.jar:5.3.20]
	at org.springframework.aop.framework.CglibAopProxy$CglibMethodInvocation.proceed(CglibAopProxy.java:763) ~[spring-aop-5.3.20.jar:5.3.20]
	at org.springframework.aop.framework.CglibAopProxy$DynamicAdvisedInterceptor.intercept(CglibAopProxy.java:708) ~[spring-aop-5.3.20.jar:5.3.20]
	at br.com.tonypool.cliente.controller.ClienteController$$EnhancerBySpringCGLIB$$8e616672.listarClientesComAtendimentos(<generated>) ~[classes/:na]
	at java.base/jdk.internal.reflect.NativeMethodAccessorImpl.invoke0(Native Method) ~[na:na]
	at java.base/jdk.internal.reflect.NativeMethodAccessorImpl.invoke(NativeMethodAccessorImpl.java:77) ~[na:na]
	at java.base/jdk.internal.reflect.DelegatingMethodAccessorImpl.invoke(DelegatingMethodAccessorImpl.java:43) ~[na:na]
	at java.base/java.lang.reflect.Method.invoke(Method.java:568) ~[na:na]
	at org.springframework.web.method.support.InvocableHandlerMethod.doInvoke(InvocableHandlerMethod.java:205) ~[spring-web-5.3.20.jar:5.3.20]
	at org.springframework.web.method.support.InvocableHandlerMethod.invokeForRequest(InvocableHandlerMethod.java:150) ~[spring-web-5.3.20.jar:5.3.20]
	at org.springframework.web.servlet.mvc.method.annotation.ServletInvocableHandlerMethod.invokeAndHandle(ServletInvocableHandlerMethod.java:117) ~[spring-webmvc-5.3.20.jar:5.3.20]
	at org.springframework.web.servlet.mvc.method.annotation.RequestMappingHandlerAdapter.invokeHandlerMethod(RequestMappingHandlerAdapter.java:895) ~[spring-webmvc-5.3.20.jar:5.3.20]
	at org.springframework.web.servlet.mvc.method.annotation.RequestMappingHandlerAdapter.handleInternal(RequestMappingHandlerAdapter.java:808) ~[spring-webmvc-5.3.20.jar:5.3.20]
	at org.springframework.web.servlet.mvc.method.AbstractHandlerMethodAdapter.handle(AbstractHandlerMethodAdapter.java:87) ~[spring-webmvc-5.3.20.jar:5.3.20]
	at org.springframework.web.servlet.DispatcherServlet.doDispatch(DispatcherServlet.java:1067) ~[spring-webmvc-5.3.20.jar:5.3.20]
	at org.springframework.web.servlet.DispatcherServlet.doService(DispatcherServlet.java:963) ~[spring-webmvc-5.3.20.jar:5.3.20]
	at org.springframework.web.servlet.FrameworkServlet.processRequest(FrameworkServlet.java:1006) ~[spring-webmvc-5.3.20.jar:5.3.20]
	at org.springframework.web.servlet.FrameworkServlet.doGet(FrameworkServlet.java:898) ~[spring-webmvc-5.3.20.jar:5.3.20]
	at javax.servlet.http.HttpServlet.service(HttpServlet.java:655) ~[tomcat-embed-core-9.0.63.jar:4.0.FR]
	at org.springframework.web.servlet.FrameworkServlet.service(FrameworkServlet.java:883) ~[spring-webmvc-5.3.20.jar:5.3.20]
	at javax.servlet.http.HttpServlet.service(HttpServlet.java:764) ~[tomcat-embed-core-9.0.63.jar:4.0.FR]
	at org.apache.catalina.core.ApplicationFilterChain.internalDoFilter(ApplicationFilterChain.java:227) ~[tomcat-embed-core-9.0.63.jar:9.0.63]
	at org.apache.catalina.core.ApplicationFilterChain.doFilter(ApplicationFilterChain.java:162) ~[tomcat-embed-core-9.0.63.jar:9.0.63]
	at org.apache.tomcat.websocket.server.WsFilter.doFilter(WsFilter.java:53) ~[tomcat-embed-websocket-9.0.63.jar:9.0.63]
	at org.apache.catalina.core.ApplicationFilterChain.internalDoFilter(ApplicationFilterChain.java:189) ~[tomcat-embed-core-9.0.63.jar:9.0.63]
	at org.apache.catalina.core.ApplicationFilterChain.doFilter(ApplicationFilterChain.java:162) ~[tomcat-embed-core-9.0.63.jar:9.0.63]
	at org.springframework.web.filter.CorsFilter.doFilterInternal(CorsFilter.java:91) ~[spring-web-5.3.20.jar:5.3.20]
	at org.springframework.web.filter.OncePerRequestFilter.doFilter(OncePerRequestFilter.java:117) ~[spring-web-5.3.20.jar:5.3.20]
	at org.apache.catalina.core.ApplicationFilterChain.internalDoFilter(ApplicationFilterChain.java:189) ~[tomcat-embed-core-9.0.63.jar:9.0.63]
	at org.apache.catalina.core.ApplicationFilterChain.doFilter(ApplicationFilterChain.java:162) ~[tomcat-embed-core-9.0.63.jar:9.0.63]
	at org.springframework.security.web.FilterChainProxy$VirtualFilterChain.doFilter(FilterChainProxy.java:327) ~[spring-security-web-5.7.1.jar:5.7.1]
	at org.springframework.security.web.access.intercept.FilterSecurityInterceptor.invoke(FilterSecurityInterceptor.java:115) ~[spring-security-web-5.7.1.jar:5.7.1]
	at org.springframework.security.web.access.intercept.FilterSecurityInterceptor.doFilter(FilterSecurityInterceptor.java:81) ~[spring-security-web-5.7.1.jar:5.7.1]
	at org.springframework.security.web.FilterChainProxy$VirtualFilterChain.doFilter(FilterChainProxy.java:336) ~[spring-security-web-5.7.1.jar:5.7.1]
	at org.springframework.security.web.access.ExceptionTranslationFilter.doFilter(ExceptionTranslationFilter.java:122) ~[spring-security-web-5.7.1.jar:5.7.1]
	at org.springframework.security.web.access.ExceptionTranslationFilter.doFilter(ExceptionTranslationFilter.java:116) ~[spring-security-web-5.7.1.jar:5.7.1]
	at org.springframework.security.web.FilterChainProxy$VirtualFilterChain.doFilter(FilterChainProxy.java:336) ~[spring-security-web-5.7.1.jar:5.7.1]
	at org.springframework.security.web.session.SessionManagementFilter.doFilter(SessionManagementFilter.java:126) ~[spring-security-web-5.7.1.jar:5.7.1]
	at org.springframework.security.web.session.SessionManagementFilter.doFilter(SessionManagementFilter.java:81) ~[spring-security-web-5.7.1.jar:5.7.1]
	at org.springframework.security.web.FilterChainProxy$VirtualFilterChain.doFilter(FilterChainProxy.java:336) ~[spring-security-web-5.7.1.jar:5.7.1]
	at org.springframework.security.web.authentication.AnonymousAuthenticationFilter.doFilter(AnonymousAuthenticationFilter.java:109) ~[spring-security-web-5.7.1.jar:5.7.1]
	at org.springframework.security.web.FilterChainProxy$VirtualFilterChain.doFilter(FilterChainProxy.java:336) ~[spring-security-web-5.7.1.jar:5.7.1]
	at org.springframework.security.web.servletapi.SecurityContextHolderAwareRequestFilter.doFilter(SecurityContextHolderAwareRequestFilter.java:149) ~[spring-security-web-5.7.1.jar:5.7.1]
	at org.springframework.security.web.FilterChainProxy$VirtualFilterChain.doFilter(FilterChainProxy.java:336) ~[spring-security-web-5.7.1.jar:5.7.1]
	at org.springframework.security.web.savedrequest.RequestCacheAwareFilter.doFilter(RequestCacheAwareFilter.java:63) ~[spring-security-web-5.7.1.jar:5.7.1]
	at org.springframework.security.web.FilterChainProxy$VirtualFilterChain.doFilter(FilterChainProxy.java:336) ~[spring-security-web-5.7.1.jar:5.7.1]
	at br.com.tonypool.cliente.security.JwtSecurity.doFilterInternal(JwtSecurity.java:47) ~[classes/:na]
	at org.springframework.web.filter.OncePerRequestFilter.doFilter(OncePerRequestFilter.java:117) ~[spring-web-5.3.20.jar:5.3.20]
	at org.springframework.security.web.FilterChainProxy$VirtualFilterChain.doFilter(FilterChainProxy.java:336) ~[spring-security-web-5.7.1.jar:5.7.1]
	at org.springframework.security.web.authentication.logout.LogoutFilter.doFilter(LogoutFilter.java:103) ~[spring-security-web-5.7.1.jar:5.7.1]
	at org.springframework.security.web.authentication.logout.LogoutFilter.doFilter(LogoutFilter.java:89) ~[spring-security-web-5.7.1.jar:5.7.1]
	at org.springframework.security.web.FilterChainProxy$VirtualFilterChain.doFilter(FilterChainProxy.java:336) ~[spring-security-web-5.7.1.jar:5.7.1]
	at org.springframework.security.web.header.HeaderWriterFilter.doHeadersAfter(HeaderWriterFilter.java:90) ~[spring-security-web-5.7.1.jar:5.7.1]
	at org.springframework.security.web.header.HeaderWriterFilter.doFilterInternal(HeaderWriterFilter.java:75) ~[spring-security-web-5.7.1.jar:5.7.1]
	at org.springframework.web.filter.OncePerRequestFilter.doFilter(OncePerRequestFilter.java:117) ~[spring-web-5.3.20.jar:5.3.20]
	at org.springframework.security.web.FilterChainProxy$VirtualFilterChain.doFilter(FilterChainProxy.java:336) ~[spring-security-web-5.7.1.jar:5.7.1]
	at org.springframework.security.web.context.SecurityContextPersistenceFilter.doFilter(SecurityContextPersistenceFilter.java:112) ~[spring-security-web-5.7.1.jar:5.7.1]
	at org.springframework.security.web.context.SecurityContextPersistenceFilter.doFilter(SecurityContextPersistenceFilter.java:82) ~[spring-security-web-5.7.1.jar:5.7.1]
	at org.springframework.security.web.FilterChainProxy$VirtualFilterChain.doFilter(FilterChainProxy.java:336) ~[spring-security-web-5.7.1.jar:5.7.1]
	at org.springframework.security.web.context.request.async.WebAsyncManagerIntegrationFilter.doFilterInternal(WebAsyncManagerIntegrationFilter.java:55) ~[spring-security-web-5.7.1.jar:5.7.1]
	at org.springframework.web.filter.OncePerRequestFilter.doFilter(OncePerRequestFilter.java:117) ~[spring-web-5.3.20.jar:5.3.20]
	at org.springframework.security.web.FilterChainProxy$VirtualFilterChain.doFilter(FilterChainProxy.java:336) ~[spring-security-web-5.7.1.jar:5.7.1]
	at org.springframework.security.web.session.DisableEncodeUrlFilter.doFilterInternal(DisableEncodeUrlFilter.java:42) ~[spring-security-web-5.7.1.jar:5.7.1]
	at org.springframework.web.filter.OncePerRequestFilter.doFilter(OncePerRequestFilter.java:117) ~[spring-web-5.3.20.jar:5.3.20]
	at org.springframework.security.web.FilterChainProxy$VirtualFilterChain.doFilter(FilterChainProxy.java:336) ~[spring-security-web-5.7.1.jar:5.7.1]
	at org.springframework.security.web.FilterChainProxy.doFilterInternal(FilterChainProxy.java:211) ~[spring-security-web-5.7.1.jar:5.7.1]
	at org.springframework.security.web.FilterChainProxy.doFilter(FilterChainProxy.java:183) ~[spring-security-web-5.7.1.jar:5.7.1]
	at org.springframework.web.filter.DelegatingFilterProxy.invokeDelegate(DelegatingFilterProxy.java:354) ~[spring-web-5.3.20.jar:5.3.20]
	at org.springframework.web.filter.DelegatingFilterProxy.doFilter(DelegatingFilterProxy.java:267) ~[spring-web-5.3.20.jar:5.3.20]
	at org.apache.catalina.core.ApplicationFilterChain.internalDoFilter(ApplicationFilterChain.java:189) ~[tomcat-embed-core-9.0.63.jar:9.0.63]
	at org.apache.catalina.core.ApplicationFilterChain.doFilter(ApplicationFilterChain.java:162) ~[tomcat-embed-core-9.0.63.jar:9.0.63]
	at org.springframework.web.filter.CharacterEncodingFilter.doFilterInternal(CharacterEncodingFilter.java:201) ~[spring-web-5.3.20.jar:5.3.20]
	at org.springframework.web.filter.OncePerRequestFilter.doFilter(OncePerRequestFilter.java:117) ~[spring-web-5.3.20.jar:5.3.20]
	at org.apache.catalina.core.ApplicationFilterChain.internalDoFilter(ApplicationFilterChain.java:189) ~[tomcat-embed-core-9.0.63.jar:9.0.63]
	at org.apache.catalina.core.ApplicationFilterChain.doFilter(ApplicationFilterChain.java:162) ~[tomcat-embed-core-9.0.63.jar:9.0.63]
	at org.apache.catalina.core.StandardWrapperValve.invoke(StandardWrapperValve.java:197) ~[tomcat-embed-core-9.0.63.jar:9.0.63]
	at org.apache.catalina.core.StandardContextValve.invoke(StandardContextValve.java:97) ~[tomcat-embed-core-9.0.63.jar:9.0.63]
	at org.apache.catalina.authenticator.AuthenticatorBase.invoke(AuthenticatorBase.java:541) ~[tomcat-embed-core-9.0.63.jar:9.0.63]
	at org.apache.catalina.core.StandardHostValve.invoke(StandardHostValve.java:135) ~[tomcat-embed-core-9.0.63.jar:9.0.63]
	at org.apache.catalina.valves.ErrorReportValve.invoke(ErrorReportValve.java:92) ~[tomcat-embed-core-9.0.63.jar:9.0.63]
	at org.apache.catalina.core.StandardEngineValve.invoke(StandardEngineValve.java:78) ~[tomcat-embed-core-9.0.63.jar:9.0.63]
	at org.apache.catalina.connector.CoyoteAdapter.service(CoyoteAdapter.java:360) ~[tomcat-embed-core-9.0.63.jar:9.0.63]
	at org.apache.coyote.http11.Http11Processor.service(Http11Processor.java:399) ~[tomcat-embed-core-9.0.63.jar:9.0.63]
	at org.apache.coyote.AbstractProcessorLight.process(AbstractProcessorLight.java:65) ~[tomcat-embed-core-9.0.63.jar:9.0.63]
	at org.apache.coyote.AbstractProtocol$ConnectionHandler.process(AbstractProtocol.java:890) ~[tomcat-embed-core-9.0.63.jar:9.0.63]
	at org.apache.tomcat.util.net.NioEndpoint$SocketProcessor.doRun(NioEndpoint.java:1743) ~[tomcat-embed-core-9.0.63.jar:9.0.63]
	at org.apache.tomcat.util.net.SocketProcessorBase.run(SocketProcessorBase.java:49) ~[tomcat-embed-core-9.0.63.jar:9.0.63]
	at org.apache.tomcat.util.threads.ThreadPoolExecutor.runWorker(ThreadPoolExecutor.java:1191) ~[tomcat-embed-core-9.0.63.jar:9.0.63]
	at org.apache.tomcat.util.threads.ThreadPoolExecutor$Worker.run(ThreadPoolExecutor.java:659) ~[tomcat-embed-core-9.0.63.jar:9.0.63]
	at org.apache.tomcat.util.threads.TaskThread$WrappingRunnable.run(TaskThread.java:61) ~[tomcat-embed-core-9.0.63.jar:9.0.63]
	at java.base/java.lang.Thread.run(Thread.java:842) ~[na:na]
Caused by: java.net.UnknownHostException: atendimento-service
	at java.base/sun.nio.ch.NioSocketImpl.connect(NioSocketImpl.java:572) ~[na:na]
	at java.base/java.net.Socket.connect(Socket.java:633) ~[na:na]
	at java.base/sun.net.NetworkClient.doConnect(NetworkClient.java:178) ~[na:na]
	at java.base/sun.net.www.http.HttpClient.openServer(HttpClient.java:534) ~[na:na]
	at java.base/sun.net.www.http.HttpClient.openServer(HttpClient.java:639) ~[na:na]
	at java.base/sun.net.www.http.HttpClient.<init>(HttpClient.java:282) ~[na:na]
	at java.base/sun.net.www.http.HttpClient.New(HttpClient.java:387) ~[na:na]
	at java.base/sun.net.www.http.HttpClient.New(HttpClient.java:409) ~[na:na]
	at java.base/sun.net.www.protocol.http.HttpURLConnection.getNewHttpClient(HttpURLConnection.java:1308) ~[na:na]
	at java.base/sun.net.www.protocol.http.HttpURLConnection.plainConnect0(HttpURLConnection.java:1241) ~[na:na]
	at java.base/sun.net.www.protocol.http.HttpURLConnection.plainConnect(HttpURLConnection.java:1127) ~[na:na]
	at java.base/sun.net.www.protocol.http.HttpURLConnection.connect(HttpURLConnection.java:1056) ~[na:na]
	at java.base/sun.net.www.protocol.http.HttpURLConnection.getOutputStream0(HttpURLConnection.java:1450) ~[na:na]
	at java.base/sun.net.www.protocol.http.HttpURLConnection.getOutputStream(HttpURLConnection.java:1421) ~[na:na]
	at feign.Client$Default.convertAndSend(Client.java:208) ~[feign-core-11.10.jar:na]
	at feign.Client$Default.execute(Client.java:105) ~[feign-core-11.10.jar:na]
	at feign.SynchronousMethodHandler.executeAndDecode(SynchronousMethodHandler.java:121) ~[feign-core-11.10.jar:na]
	... 101 common frames omitted

2025-10-23 14:24:53.049 ERROR 16564 --- [http-nio-8081-exec-6] b.c.t.c.controller.ClienteController     : Erro geral ao listar clientes com atendimentos: atendimento-service executing POST http://atendimento-service:8083/api/atendimentos/por-cliente

feign.RetryableException: atendimento-service executing POST http://atendimento-service:8083/api/atendimentos/por-cliente
	at feign.FeignException.errorExecuting(FeignException.java:268) ~[feign-core-11.10.jar:na]
	at feign.SynchronousMethodHandler.executeAndDecode(SynchronousMethodHandler.java:131) ~[feign-core-11.10.jar:na]
	at feign.SynchronousMethodHandler.invoke(SynchronousMethodHandler.java:91) ~[feign-core-11.10.jar:na]
	at feign.ReflectiveFeign$FeignInvocationHandler.invoke(ReflectiveFeign.java:100) ~[feign-core-11.10.jar:na]
	at jdk.proxy7/jdk.proxy7.$Proxy175.buscarAtendimentosPorClientes(Unknown Source) ~[na:na]
	at br.com.tonypool.cliente.controller.ClienteController.listarClientesComAtendimentos(ClienteController.java:174) ~[classes/:na]
	at br.com.tonypool.cliente.controller.ClienteController$$FastClassBySpringCGLIB$$a4172ab9.invoke(<generated>) ~[classes/:na]
	at org.springframework.cglib.proxy.MethodProxy.invoke(MethodProxy.java:218) ~[spring-core-5.3.20.jar:5.3.20]
	at org.springframework.aop.framework.CglibAopProxy$CglibMethodInvocation.invokeJoinpoint(CglibAopProxy.java:793) ~[spring-aop-5.3.20.jar:5.3.20]
	at org.springframework.aop.framework.ReflectiveMethodInvocation.proceed(ReflectiveMethodInvocation.java:163) ~[spring-aop-5.3.20.jar:5.3.20]
	at org.springframework.aop.framework.CglibAopProxy$CglibMethodInvocation.proceed(CglibAopProxy.java:763) ~[spring-aop-5.3.20.jar:5.3.20]
	at org.springframework.security.access.intercept.aopalliance.MethodSecurityInterceptor.invoke(MethodSecurityInterceptor.java:61) ~[spring-security-core-5.7.1.jar:5.7.1]
	at org.springframework.aop.framework.ReflectiveMethodInvocation.proceed(ReflectiveMethodInvocation.java:186) ~[spring-aop-5.3.20.jar:5.3.20]
	at org.springframework.aop.framework.CglibAopProxy$CglibMethodInvocation.proceed(CglibAopProxy.java:763) ~[spring-aop-5.3.20.jar:5.3.20]
	at org.springframework.aop.framework.CglibAopProxy$DynamicAdvisedInterceptor.intercept(CglibAopProxy.java:708) ~[spring-aop-5.3.20.jar:5.3.20]
	at br.com.tonypool.cliente.controller.ClienteController$$EnhancerBySpringCGLIB$$8e616672.listarClientesComAtendimentos(<generated>) ~[classes/:na]
	at java.base/jdk.internal.reflect.NativeMethodAccessorImpl.invoke0(Native Method) ~[na:na]
	at java.base/jdk.internal.reflect.NativeMethodAccessorImpl.invoke(NativeMethodAccessorImpl.java:77) ~[na:na]
	at java.base/jdk.internal.reflect.DelegatingMethodAccessorImpl.invoke(DelegatingMethodAccessorImpl.java:43) ~[na:na]
	at java.base/java.lang.reflect.Method.invoke(Method.java:568) ~[na:na]
	at org.springframework.web.method.support.InvocableHandlerMethod.doInvoke(InvocableHandlerMethod.java:205) ~[spring-web-5.3.20.jar:5.3.20]
	at org.springframework.web.method.support.InvocableHandlerMethod.invokeForRequest(InvocableHandlerMethod.java:150) ~[spring-web-5.3.20.jar:5.3.20]
	at org.springframework.web.servlet.mvc.method.annotation.ServletInvocableHandlerMethod.invokeAndHandle(ServletInvocableHandlerMethod.java:117) ~[spring-webmvc-5.3.20.jar:5.3.20]
	at org.springframework.web.servlet.mvc.method.annotation.RequestMappingHandlerAdapter.invokeHandlerMethod(RequestMappingHandlerAdapter.java:895) ~[spring-webmvc-5.3.20.jar:5.3.20]
	at org.springframework.web.servlet.mvc.method.annotation.RequestMappingHandlerAdapter.handleInternal(RequestMappingHandlerAdapter.java:808) ~[spring-webmvc-5.3.20.jar:5.3.20]
	at org.springframework.web.servlet.mvc.method.AbstractHandlerMethodAdapter.handle(AbstractHandlerMethodAdapter.java:87) ~[spring-webmvc-5.3.20.jar:5.3.20]
	at org.springframework.web.servlet.DispatcherServlet.doDispatch(DispatcherServlet.java:1067) ~[spring-webmvc-5.3.20.jar:5.3.20]
	at org.springframework.web.servlet.DispatcherServlet.doService(DispatcherServlet.java:963) ~[spring-webmvc-5.3.20.jar:5.3.20]
	at org.springframework.web.servlet.FrameworkServlet.processRequest(FrameworkServlet.java:1006) ~[spring-webmvc-5.3.20.jar:5.3.20]
	at org.springframework.web.servlet.FrameworkServlet.doGet(FrameworkServlet.java:898) ~[spring-webmvc-5.3.20.jar:5.3.20]
	at javax.servlet.http.HttpServlet.service(HttpServlet.java:655) ~[tomcat-embed-core-9.0.63.jar:4.0.FR]
	at org.springframework.web.servlet.FrameworkServlet.service(FrameworkServlet.java:883) ~[spring-webmvc-5.3.20.jar:5.3.20]
	at javax.servlet.http.HttpServlet.service(HttpServlet.java:764) ~[tomcat-embed-core-9.0.63.jar:4.0.FR]
	at org.apache.catalina.core.ApplicationFilterChain.internalDoFilter(ApplicationFilterChain.java:227) ~[tomcat-embed-core-9.0.63.jar:9.0.63]
	at org.apache.catalina.core.ApplicationFilterChain.doFilter(ApplicationFilterChain.java:162) ~[tomcat-embed-core-9.0.63.jar:9.0.63]
	at org.apache.tomcat.websocket.server.WsFilter.doFilter(WsFilter.java:53) ~[tomcat-embed-websocket-9.0.63.jar:9.0.63]
	at org.apache.catalina.core.ApplicationFilterChain.internalDoFilter(ApplicationFilterChain.java:189) ~[tomcat-embed-core-9.0.63.jar:9.0.63]
	at org.apache.catalina.core.ApplicationFilterChain.doFilter(ApplicationFilterChain.java:162) ~[tomcat-embed-core-9.0.63.jar:9.0.63]
	at org.springframework.web.filter.CorsFilter.doFilterInternal(CorsFilter.java:91) ~[spring-web-5.3.20.jar:5.3.20]
	at org.springframework.web.filter.OncePerRequestFilter.doFilter(OncePerRequestFilter.java:117) ~[spring-web-5.3.20.jar:5.3.20]
	at org.apache.catalina.core.ApplicationFilterChain.internalDoFilter(ApplicationFilterChain.java:189) ~[tomcat-embed-core-9.0.63.jar:9.0.63]
	at org.apache.catalina.core.ApplicationFilterChain.doFilter(ApplicationFilterChain.java:162) ~[tomcat-embed-core-9.0.63.jar:9.0.63]
	at org.springframework.security.web.FilterChainProxy$VirtualFilterChain.doFilter(FilterChainProxy.java:327) ~[spring-security-web-5.7.1.jar:5.7.1]
	at org.springframework.security.web.access.intercept.FilterSecurityInterceptor.invoke(FilterSecurityInterceptor.java:115) ~[spring-security-web-5.7.1.jar:5.7.1]
	at org.springframework.security.web.access.intercept.FilterSecurityInterceptor.doFilter(FilterSecurityInterceptor.java:81) ~[spring-security-web-5.7.1.jar:5.7.1]
	at org.springframework.security.web.FilterChainProxy$VirtualFilterChain.doFilter(FilterChainProxy.java:336) ~[spring-security-web-5.7.1.jar:5.7.1]
	at org.springframework.security.web.access.ExceptionTranslationFilter.doFilter(ExceptionTranslationFilter.java:122) ~[spring-security-web-5.7.1.jar:5.7.1]
	at org.springframework.security.web.access.ExceptionTranslationFilter.doFilter(ExceptionTranslationFilter.java:116) ~[spring-security-web-5.7.1.jar:5.7.1]
	at org.springframework.security.web.FilterChainProxy$VirtualFilterChain.doFilter(FilterChainProxy.java:336) ~[spring-security-web-5.7.1.jar:5.7.1]
	at org.springframework.security.web.session.SessionManagementFilter.doFilter(SessionManagementFilter.java:126) ~[spring-security-web-5.7.1.jar:5.7.1]
	at org.springframework.security.web.session.SessionManagementFilter.doFilter(SessionManagementFilter.java:81) ~[spring-security-web-5.7.1.jar:5.7.1]
	at org.springframework.security.web.FilterChainProxy$VirtualFilterChain.doFilter(FilterChainProxy.java:336) ~[spring-security-web-5.7.1.jar:5.7.1]
	at org.springframework.security.web.authentication.AnonymousAuthenticationFilter.doFilter(AnonymousAuthenticationFilter.java:109) ~[spring-security-web-5.7.1.jar:5.7.1]
	at org.springframework.security.web.FilterChainProxy$VirtualFilterChain.doFilter(FilterChainProxy.java:336) ~[spring-security-web-5.7.1.jar:5.7.1]
	at org.springframework.security.web.servletapi.SecurityContextHolderAwareRequestFilter.doFilter(SecurityContextHolderAwareRequestFilter.java:149) ~[spring-security-web-5.7.1.jar:5.7.1]
	at org.springframework.security.web.FilterChainProxy$VirtualFilterChain.doFilter(FilterChainProxy.java:336) ~[spring-security-web-5.7.1.jar:5.7.1]
	at org.springframework.security.web.savedrequest.RequestCacheAwareFilter.doFilter(RequestCacheAwareFilter.java:63) ~[spring-security-web-5.7.1.jar:5.7.1]
	at org.springframework.security.web.FilterChainProxy$VirtualFilterChain.doFilter(FilterChainProxy.java:336) ~[spring-security-web-5.7.1.jar:5.7.1]
	at br.com.tonypool.cliente.security.JwtSecurity.doFilterInternal(JwtSecurity.java:47) ~[classes/:na]
	at org.springframework.web.filter.OncePerRequestFilter.doFilter(OncePerRequestFilter.java:117) ~[spring-web-5.3.20.jar:5.3.20]
	at org.springframework.security.web.FilterChainProxy$VirtualFilterChain.doFilter(FilterChainProxy.java:336) ~[spring-security-web-5.7.1.jar:5.7.1]
	at org.springframework.security.web.authentication.logout.LogoutFilter.doFilter(LogoutFilter.java:103) ~[spring-security-web-5.7.1.jar:5.7.1]
	at org.springframework.security.web.authentication.logout.LogoutFilter.doFilter(LogoutFilter.java:89) ~[spring-security-web-5.7.1.jar:5.7.1]
	at org.springframework.security.web.FilterChainProxy$VirtualFilterChain.doFilter(FilterChainProxy.java:336) ~[spring-security-web-5.7.1.jar:5.7.1]
	at org.springframework.security.web.header.HeaderWriterFilter.doHeadersAfter(HeaderWriterFilter.java:90) ~[spring-security-web-5.7.1.jar:5.7.1]
	at org.springframework.security.web.header.HeaderWriterFilter.doFilterInternal(HeaderWriterFilter.java:75) ~[spring-security-web-5.7.1.jar:5.7.1]
	at org.springframework.web.filter.OncePerRequestFilter.doFilter(OncePerRequestFilter.java:117) ~[spring-web-5.3.20.jar:5.3.20]
	at org.springframework.security.web.FilterChainProxy$VirtualFilterChain.doFilter(FilterChainProxy.java:336) ~[spring-security-web-5.7.1.jar:5.7.1]
	at org.springframework.security.web.context.SecurityContextPersistenceFilter.doFilter(SecurityContextPersistenceFilter.java:112) ~[spring-security-web-5.7.1.jar:5.7.1]
	at org.springframework.security.web.context.SecurityContextPersistenceFilter.doFilter(SecurityContextPersistenceFilter.java:82) ~[spring-security-web-5.7.1.jar:5.7.1]
	at org.springframework.security.web.FilterChainProxy$VirtualFilterChain.doFilter(FilterChainProxy.java:336) ~[spring-security-web-5.7.1.jar:5.7.1]
	at org.springframework.security.web.context.request.async.WebAsyncManagerIntegrationFilter.doFilterInternal(WebAsyncManagerIntegrationFilter.java:55) ~[spring-security-web-5.7.1.jar:5.7.1]
	at org.springframework.web.filter.OncePerRequestFilter.doFilter(OncePerRequestFilter.java:117) ~[spring-web-5.3.20.jar:5.3.20]
	at org.springframework.security.web.FilterChainProxy$VirtualFilterChain.doFilter(FilterChainProxy.java:336) ~[spring-security-web-5.7.1.jar:5.7.1]
	at org.springframework.security.web.session.DisableEncodeUrlFilter.doFilterInternal(DisableEncodeUrlFilter.java:42) ~[spring-security-web-5.7.1.jar:5.7.1]
	at org.springframework.web.filter.OncePerRequestFilter.doFilter(OncePerRequestFilter.java:117) ~[spring-web-5.3.20.jar:5.3.20]
	at org.springframework.security.web.FilterChainProxy$VirtualFilterChain.doFilter(FilterChainProxy.java:336) ~[spring-security-web-5.7.1.jar:5.7.1]
	at org.springframework.security.web.FilterChainProxy.doFilterInternal(FilterChainProxy.java:211) ~[spring-security-web-5.7.1.jar:5.7.1]
	at org.springframework.security.web.FilterChainProxy.doFilter(FilterChainProxy.java:183) ~[spring-security-web-5.7.1.jar:5.7.1]
	at org.springframework.web.filter.DelegatingFilterProxy.invokeDelegate(DelegatingFilterProxy.java:354) ~[spring-web-5.3.20.jar:5.3.20]
	at org.springframework.web.filter.DelegatingFilterProxy.doFilter(DelegatingFilterProxy.java:267) ~[spring-web-5.3.20.jar:5.3.20]
	at org.apache.catalina.core.ApplicationFilterChain.internalDoFilter(ApplicationFilterChain.java:189) ~[tomcat-embed-core-9.0.63.jar:9.0.63]
	at org.apache.catalina.core.ApplicationFilterChain.doFilter(ApplicationFilterChain.java:162) ~[tomcat-embed-core-9.0.63.jar:9.0.63]
	at org.springframework.web.filter.CharacterEncodingFilter.doFilterInternal(CharacterEncodingFilter.java:201) ~[spring-web-5.3.20.jar:5.3.20]
	at org.springframework.web.filter.OncePerRequestFilter.doFilter(OncePerRequestFilter.java:117) ~[spring-web-5.3.20.jar:5.3.20]
	at org.apache.catalina.core.ApplicationFilterChain.internalDoFilter(ApplicationFilterChain.java:189) ~[tomcat-embed-core-9.0.63.jar:9.0.63]
	at org.apache.catalina.core.ApplicationFilterChain.doFilter(ApplicationFilterChain.java:162) ~[tomcat-embed-core-9.0.63.jar:9.0.63]
	at org.apache.catalina.core.StandardWrapperValve.invoke(StandardWrapperValve.java:197) ~[tomcat-embed-core-9.0.63.jar:9.0.63]
	at org.apache.catalina.core.StandardContextValve.invoke(StandardContextValve.java:97) ~[tomcat-embed-core-9.0.63.jar:9.0.63]
	at org.apache.catalina.authenticator.AuthenticatorBase.invoke(AuthenticatorBase.java:541) ~[tomcat-embed-core-9.0.63.jar:9.0.63]
	at org.apache.catalina.core.StandardHostValve.invoke(StandardHostValve.java:135) ~[tomcat-embed-core-9.0.63.jar:9.0.63]
	at org.apache.catalina.valves.ErrorReportValve.invoke(ErrorReportValve.java:92) ~[tomcat-embed-core-9.0.63.jar:9.0.63]
	at org.apache.catalina.core.StandardEngineValve.invoke(StandardEngineValve.java:78) ~[tomcat-embed-core-9.0.63.jar:9.0.63]
	at org.apache.catalina.connector.CoyoteAdapter.service(CoyoteAdapter.java:360) ~[tomcat-embed-core-9.0.63.jar:9.0.63]
	at org.apache.coyote.http11.Http11Processor.service(Http11Processor.java:399) ~[tomcat-embed-core-9.0.63.jar:9.0.63]
	at org.apache.coyote.AbstractProcessorLight.process(AbstractProcessorLight.java:65) ~[tomcat-embed-core-9.0.63.jar:9.0.63]
	at org.apache.coyote.AbstractProtocol$ConnectionHandler.process(AbstractProtocol.java:890) ~[tomcat-embed-core-9.0.63.jar:9.0.63]
	at org.apache.tomcat.util.net.NioEndpoint$SocketProcessor.doRun(NioEndpoint.java:1743) ~[tomcat-embed-core-9.0.63.jar:9.0.63]
	at org.apache.tomcat.util.net.SocketProcessorBase.run(SocketProcessorBase.java:49) ~[tomcat-embed-core-9.0.63.jar:9.0.63]
	at org.apache.tomcat.util.threads.ThreadPoolExecutor.runWorker(ThreadPoolExecutor.java:1191) ~[tomcat-embed-core-9.0.63.jar:9.0.63]
	at org.apache.tomcat.util.threads.ThreadPoolExecutor$Worker.run(ThreadPoolExecutor.java:659) ~[tomcat-embed-core-9.0.63.jar:9.0.63]
	at org.apache.tomcat.util.threads.TaskThread$WrappingRunnable.run(TaskThread.java:61) ~[tomcat-embed-core-9.0.63.jar:9.0.63]
	at java.base/java.lang.Thread.run(Thread.java:842) ~[na:na]
Caused by: java.net.UnknownHostException: atendimento-service
	at java.base/sun.nio.ch.NioSocketImpl.connect(NioSocketImpl.java:572) ~[na:na]
	at java.base/java.net.Socket.connect(Socket.java:633) ~[na:na]
	at java.base/sun.net.NetworkClient.doConnect(NetworkClient.java:178) ~[na:na]
	at java.base/sun.net.www.http.HttpClient.openServer(HttpClient.java:534) ~[na:na]
	at java.base/sun.net.www.http.HttpClient.openServer(HttpClient.java:639) ~[na:na]
	at java.base/sun.net.www.http.HttpClient.<init>(HttpClient.java:282) ~[na:na]
	at java.base/sun.net.www.http.HttpClient.New(HttpClient.java:387) ~[na:na]
	at java.base/sun.net.www.http.HttpClient.New(HttpClient.java:409) ~[na:na]
	at java.base/sun.net.www.protocol.http.HttpURLConnection.getNewHttpClient(HttpURLConnection.java:1308) ~[na:na]
	at java.base/sun.net.www.protocol.http.HttpURLConnection.plainConnect0(HttpURLConnection.java:1241) ~[na:na]
	at java.base/sun.net.www.protocol.http.HttpURLConnection.plainConnect(HttpURLConnection.java:1127) ~[na:na]
	at java.base/sun.net.www.protocol.http.HttpURLConnection.connect(HttpURLConnection.java:1056) ~[na:na]
	at java.base/sun.net.www.protocol.http.HttpURLConnection.getOutputStream0(HttpURLConnection.java:1450) ~[na:na]
	at java.base/sun.net.www.protocol.http.HttpURLConnection.getOutputStream(HttpURLConnection.java:1421) ~[na:na]
	at feign.Client$Default.convertAndSend(Client.java:208) ~[feign-core-11.10.jar:na]
	at feign.Client$Default.execute(Client.java:105) ~[feign-core-11.10.jar:na]
	at feign.SynchronousMethodHandler.executeAndDecode(SynchronousMethodHandler.java:121) ~[feign-core-11.10.jar:na]
	... 101 common frames omitted

2025-10-23 14:26:22.434 ERROR 16564 --- [http-nio-8081-exec-9] b.c.t.c.controller.ClienteController     : Erro geral ao listar clientes com atendimentos: atendimento-service executing POST http://atendimento-service:8083/api/atendimentos/por-cliente

feign.RetryableException: atendimento-service executing POST http://atendimento-service:8083/api/atendimentos/por-cliente
	at feign.FeignException.errorExecuting(FeignException.java:268) ~[feign-core-11.10.jar:na]
	at feign.SynchronousMethodHandler.executeAndDecode(SynchronousMethodHandler.java:131) ~[feign-core-11.10.jar:na]
	at feign.SynchronousMethodHandler.invoke(SynchronousMethodHandler.java:91) ~[feign-core-11.10.jar:na]
	at feign.ReflectiveFeign$FeignInvocationHandler.invoke(ReflectiveFeign.java:100) ~[feign-core-11.10.jar:na]
	at jdk.proxy7/jdk.proxy7.$Proxy175.buscarAtendimentosPorClientes(Unknown Source) ~[na:na]
	at br.com.tonypool.cliente.controller.ClienteController.listarClientesComAtendimentos(ClienteController.java:174) ~[classes/:na]
	at br.com.tonypool.cliente.controller.ClienteController$$FastClassBySpringCGLIB$$a4172ab9.invoke(<generated>) ~[classes/:na]
	at org.springframework.cglib.proxy.MethodProxy.invoke(MethodProxy.java:218) ~[spring-core-5.3.20.jar:5.3.20]
	at org.springframework.aop.framework.CglibAopProxy$CglibMethodInvocation.invokeJoinpoint(CglibAopProxy.java:793) ~[spring-aop-5.3.20.jar:5.3.20]
	at org.springframework.aop.framework.ReflectiveMethodInvocation.proceed(ReflectiveMethodInvocation.java:163) ~[spring-aop-5.3.20.jar:5.3.20]
	at org.springframework.aop.framework.CglibAopProxy$CglibMethodInvocation.proceed(CglibAopProxy.java:763) ~[spring-aop-5.3.20.jar:5.3.20]
	at org.springframework.security.access.intercept.aopalliance.MethodSecurityInterceptor.invoke(MethodSecurityInterceptor.java:61) ~[spring-security-core-5.7.1.jar:5.7.1]
	at org.springframework.aop.framework.ReflectiveMethodInvocation.proceed(ReflectiveMethodInvocation.java:186) ~[spring-aop-5.3.20.jar:5.3.20]
	at org.springframework.aop.framework.CglibAopProxy$CglibMethodInvocation.proceed(CglibAopProxy.java:763) ~[spring-aop-5.3.20.jar:5.3.20]
	at org.springframework.aop.framework.CglibAopProxy$DynamicAdvisedInterceptor.intercept(CglibAopProxy.java:708) ~[spring-aop-5.3.20.jar:5.3.20]
	at br.com.tonypool.cliente.controller.ClienteController$$EnhancerBySpringCGLIB$$8e616672.listarClientesComAtendimentos(<generated>) ~[classes/:na]
	at java.base/jdk.internal.reflect.NativeMethodAccessorImpl.invoke0(Native Method) ~[na:na]
	at java.base/jdk.internal.reflect.NativeMethodAccessorImpl.invoke(NativeMethodAccessorImpl.java:77) ~[na:na]
	at java.base/jdk.internal.reflect.DelegatingMethodAccessorImpl.invoke(DelegatingMethodAccessorImpl.java:43) ~[na:na]
	at java.base/java.lang.reflect.Method.invoke(Method.java:568) ~[na:na]
	at org.springframework.web.method.support.InvocableHandlerMethod.doInvoke(InvocableHandlerMethod.java:205) ~[spring-web-5.3.20.jar:5.3.20]
	at org.springframework.web.method.support.InvocableHandlerMethod.invokeForRequest(InvocableHandlerMethod.java:150) ~[spring-web-5.3.20.jar:5.3.20]
	at org.springframework.web.servlet.mvc.method.annotation.ServletInvocableHandlerMethod.invokeAndHandle(ServletInvocableHandlerMethod.java:117) ~[spring-webmvc-5.3.20.jar:5.3.20]
	at org.springframework.web.servlet.mvc.method.annotation.RequestMappingHandlerAdapter.invokeHandlerMethod(RequestMappingHandlerAdapter.java:895) ~[spring-webmvc-5.3.20.jar:5.3.20]
	at org.springframework.web.servlet.mvc.method.annotation.RequestMappingHandlerAdapter.handleInternal(RequestMappingHandlerAdapter.java:808) ~[spring-webmvc-5.3.20.jar:5.3.20]
	at org.springframework.web.servlet.mvc.method.AbstractHandlerMethodAdapter.handle(AbstractHandlerMethodAdapter.java:87) ~[spring-webmvc-5.3.20.jar:5.3.20]
	at org.springframework.web.servlet.DispatcherServlet.doDispatch(DispatcherServlet.java:1067) ~[spring-webmvc-5.3.20.jar:5.3.20]
	at org.springframework.web.servlet.DispatcherServlet.doService(DispatcherServlet.java:963) ~[spring-webmvc-5.3.20.jar:5.3.20]
	at org.springframework.web.servlet.FrameworkServlet.processRequest(FrameworkServlet.java:1006) ~[spring-webmvc-5.3.20.jar:5.3.20]
	at org.springframework.web.servlet.FrameworkServlet.doGet(FrameworkServlet.java:898) ~[spring-webmvc-5.3.20.jar:5.3.20]
	at javax.servlet.http.HttpServlet.service(HttpServlet.java:655) ~[tomcat-embed-core-9.0.63.jar:4.0.FR]
	at org.springframework.web.servlet.FrameworkServlet.service(FrameworkServlet.java:883) ~[spring-webmvc-5.3.20.jar:5.3.20]
	at javax.servlet.http.HttpServlet.service(HttpServlet.java:764) ~[tomcat-embed-core-9.0.63.jar:4.0.FR]
	at org.apache.catalina.core.ApplicationFilterChain.internalDoFilter(ApplicationFilterChain.java:227) ~[tomcat-embed-core-9.0.63.jar:9.0.63]
	at org.apache.catalina.core.ApplicationFilterChain.doFilter(ApplicationFilterChain.java:162) ~[tomcat-embed-core-9.0.63.jar:9.0.63]
	at org.apache.tomcat.websocket.server.WsFilter.doFilter(WsFilter.java:53) ~[tomcat-embed-websocket-9.0.63.jar:9.0.63]
	at org.apache.catalina.core.ApplicationFilterChain.internalDoFilter(ApplicationFilterChain.java:189) ~[tomcat-embed-core-9.0.63.jar:9.0.63]
	at org.apache.catalina.core.ApplicationFilterChain.doFilter(ApplicationFilterChain.java:162) ~[tomcat-embed-core-9.0.63.jar:9.0.63]
	at org.springframework.web.filter.CorsFilter.doFilterInternal(CorsFilter.java:91) ~[spring-web-5.3.20.jar:5.3.20]
	at org.springframework.web.filter.OncePerRequestFilter.doFilter(OncePerRequestFilter.java:117) ~[spring-web-5.3.20.jar:5.3.20]
	at org.apache.catalina.core.ApplicationFilterChain.internalDoFilter(ApplicationFilterChain.java:189) ~[tomcat-embed-core-9.0.63.jar:9.0.63]
	at org.apache.catalina.core.ApplicationFilterChain.doFilter(ApplicationFilterChain.java:162) ~[tomcat-embed-core-9.0.63.jar:9.0.63]
	at org.springframework.security.web.FilterChainProxy$VirtualFilterChain.doFilter(FilterChainProxy.java:327) ~[spring-security-web-5.7.1.jar:5.7.1]
	at org.springframework.security.web.access.intercept.FilterSecurityInterceptor.invoke(FilterSecurityInterceptor.java:115) ~[spring-security-web-5.7.1.jar:5.7.1]
	at org.springframework.security.web.access.intercept.FilterSecurityInterceptor.doFilter(FilterSecurityInterceptor.java:81) ~[spring-security-web-5.7.1.jar:5.7.1]
	at org.springframework.security.web.FilterChainProxy$VirtualFilterChain.doFilter(FilterChainProxy.java:336) ~[spring-security-web-5.7.1.jar:5.7.1]
	at org.springframework.security.web.access.ExceptionTranslationFilter.doFilter(ExceptionTranslationFilter.java:122) ~[spring-security-web-5.7.1.jar:5.7.1]
	at org.springframework.security.web.access.ExceptionTranslationFilter.doFilter(ExceptionTranslationFilter.java:116) ~[spring-security-web-5.7.1.jar:5.7.1]
	at org.springframework.security.web.FilterChainProxy$VirtualFilterChain.doFilter(FilterChainProxy.java:336) ~[spring-security-web-5.7.1.jar:5.7.1]
	at org.springframework.security.web.session.SessionManagementFilter.doFilter(SessionManagementFilter.java:126) ~[spring-security-web-5.7.1.jar:5.7.1]
	at org.springframework.security.web.session.SessionManagementFilter.doFilter(SessionManagementFilter.java:81) ~[spring-security-web-5.7.1.jar:5.7.1]
	at org.springframework.security.web.FilterChainProxy$VirtualFilterChain.doFilter(FilterChainProxy.java:336) ~[spring-security-web-5.7.1.jar:5.7.1]
	at org.springframework.security.web.authentication.AnonymousAuthenticationFilter.doFilter(AnonymousAuthenticationFilter.java:109) ~[spring-security-web-5.7.1.jar:5.7.1]
	at org.springframework.security.web.FilterChainProxy$VirtualFilterChain.doFilter(FilterChainProxy.java:336) ~[spring-security-web-5.7.1.jar:5.7.1]
	at org.springframework.security.web.servletapi.SecurityContextHolderAwareRequestFilter.doFilter(SecurityContextHolderAwareRequestFilter.java:149) ~[spring-security-web-5.7.1.jar:5.7.1]
	at org.springframework.security.web.FilterChainProxy$VirtualFilterChain.doFilter(FilterChainProxy.java:336) ~[spring-security-web-5.7.1.jar:5.7.1]
	at org.springframework.security.web.savedrequest.RequestCacheAwareFilter.doFilter(RequestCacheAwareFilter.java:63) ~[spring-security-web-5.7.1.jar:5.7.1]
	at org.springframework.security.web.FilterChainProxy$VirtualFilterChain.doFilter(FilterChainProxy.java:336) ~[spring-security-web-5.7.1.jar:5.7.1]
	at br.com.tonypool.cliente.security.JwtSecurity.doFilterInternal(JwtSecurity.java:47) ~[classes/:na]
	at org.springframework.web.filter.OncePerRequestFilter.doFilter(OncePerRequestFilter.java:117) ~[spring-web-5.3.20.jar:5.3.20]
	at org.springframework.security.web.FilterChainProxy$VirtualFilterChain.doFilter(FilterChainProxy.java:336) ~[spring-security-web-5.7.1.jar:5.7.1]
	at org.springframework.security.web.authentication.logout.LogoutFilter.doFilter(LogoutFilter.java:103) ~[spring-security-web-5.7.1.jar:5.7.1]
	at org.springframework.security.web.authentication.logout.LogoutFilter.doFilter(LogoutFilter.java:89) ~[spring-security-web-5.7.1.jar:5.7.1]
	at org.springframework.security.web.FilterChainProxy$VirtualFilterChain.doFilter(FilterChainProxy.java:336) ~[spring-security-web-5.7.1.jar:5.7.1]
	at org.springframework.security.web.header.HeaderWriterFilter.doHeadersAfter(HeaderWriterFilter.java:90) ~[spring-security-web-5.7.1.jar:5.7.1]
	at org.springframework.security.web.header.HeaderWriterFilter.doFilterInternal(HeaderWriterFilter.java:75) ~[spring-security-web-5.7.1.jar:5.7.1]
	at org.springframework.web.filter.OncePerRequestFilter.doFilter(OncePerRequestFilter.java:117) ~[spring-web-5.3.20.jar:5.3.20]
	at org.springframework.security.web.FilterChainProxy$VirtualFilterChain.doFilter(FilterChainProxy.java:336) ~[spring-security-web-5.7.1.jar:5.7.1]
	at org.springframework.security.web.context.SecurityContextPersistenceFilter.doFilter(SecurityContextPersistenceFilter.java:112) ~[spring-security-web-5.7.1.jar:5.7.1]
	at org.springframework.security.web.context.SecurityContextPersistenceFilter.doFilter(SecurityContextPersistenceFilter.java:82) ~[spring-security-web-5.7.1.jar:5.7.1]
	at org.springframework.security.web.FilterChainProxy$VirtualFilterChain.doFilter(FilterChainProxy.java:336) ~[spring-security-web-5.7.1.jar:5.7.1]
	at org.springframework.security.web.context.request.async.WebAsyncManagerIntegrationFilter.doFilterInternal(WebAsyncManagerIntegrationFilter.java:55) ~[spring-security-web-5.7.1.jar:5.7.1]
	at org.springframework.web.filter.OncePerRequestFilter.doFilter(OncePerRequestFilter.java:117) ~[spring-web-5.3.20.jar:5.3.20]
	at org.springframework.security.web.FilterChainProxy$VirtualFilterChain.doFilter(FilterChainProxy.java:336) ~[spring-security-web-5.7.1.jar:5.7.1]
	at org.springframework.security.web.session.DisableEncodeUrlFilter.doFilterInternal(DisableEncodeUrlFilter.java:42) ~[spring-security-web-5.7.1.jar:5.7.1]
	at org.springframework.web.filter.OncePerRequestFilter.doFilter(OncePerRequestFilter.java:117) ~[spring-web-5.3.20.jar:5.3.20]
	at org.springframework.security.web.FilterChainProxy$VirtualFilterChain.doFilter(FilterChainProxy.java:336) ~[spring-security-web-5.7.1.jar:5.7.1]
	at org.springframework.security.web.FilterChainProxy.doFilterInternal(FilterChainProxy.java:211) ~[spring-security-web-5.7.1.jar:5.7.1]
	at org.springframework.security.web.FilterChainProxy.doFilter(FilterChainProxy.java:183) ~[spring-security-web-5.7.1.jar:5.7.1]
	at org.springframework.web.filter.DelegatingFilterProxy.invokeDelegate(DelegatingFilterProxy.java:354) ~[spring-web-5.3.20.jar:5.3.20]
	at org.springframework.web.filter.DelegatingFilterProxy.doFilter(DelegatingFilterProxy.java:267) ~[spring-web-5.3.20.jar:5.3.20]
	at org.apache.catalina.core.ApplicationFilterChain.internalDoFilter(ApplicationFilterChain.java:189) ~[tomcat-embed-core-9.0.63.jar:9.0.63]
	at org.apache.catalina.core.ApplicationFilterChain.doFilter(ApplicationFilterChain.java:162) ~[tomcat-embed-core-9.0.63.jar:9.0.63]
	at org.springframework.web.filter.CharacterEncodingFilter.doFilterInternal(CharacterEncodingFilter.java:201) ~[spring-web-5.3.20.jar:5.3.20]
	at org.springframework.web.filter.OncePerRequestFilter.doFilter(OncePerRequestFilter.java:117) ~[spring-web-5.3.20.jar:5.3.20]
	at org.apache.catalina.core.ApplicationFilterChain.internalDoFilter(ApplicationFilterChain.java:189) ~[tomcat-embed-core-9.0.63.jar:9.0.63]
	at org.apache.catalina.core.ApplicationFilterChain.doFilter(ApplicationFilterChain.java:162) ~[tomcat-embed-core-9.0.63.jar:9.0.63]
	at org.apache.catalina.core.StandardWrapperValve.invoke(StandardWrapperValve.java:197) ~[tomcat-embed-core-9.0.63.jar:9.0.63]
	at org.apache.catalina.core.StandardContextValve.invoke(StandardContextValve.java:97) ~[tomcat-embed-core-9.0.63.jar:9.0.63]
	at org.apache.catalina.authenticator.AuthenticatorBase.invoke(AuthenticatorBase.java:541) ~[tomcat-embed-core-9.0.63.jar:9.0.63]
	at org.apache.catalina.core.StandardHostValve.invoke(StandardHostValve.java:135) ~[tomcat-embed-core-9.0.63.jar:9.0.63]
	at org.apache.catalina.valves.ErrorReportValve.invoke(ErrorReportValve.java:92) ~[tomcat-embed-core-9.0.63.jar:9.0.63]
	at org.apache.catalina.core.StandardEngineValve.invoke(StandardEngineValve.java:78) ~[tomcat-embed-core-9.0.63.jar:9.0.63]
	at org.apache.catalina.connector.CoyoteAdapter.service(CoyoteAdapter.java:360) ~[tomcat-embed-core-9.0.63.jar:9.0.63]
	at org.apache.coyote.http11.Http11Processor.service(Http11Processor.java:399) ~[tomcat-embed-core-9.0.63.jar:9.0.63]
	at org.apache.coyote.AbstractProcessorLight.process(AbstractProcessorLight.java:65) ~[tomcat-embed-core-9.0.63.jar:9.0.63]
	at org.apache.coyote.AbstractProtocol$ConnectionHandler.process(AbstractProtocol.java:890) ~[tomcat-embed-core-9.0.63.jar:9.0.63]
	at org.apache.tomcat.util.net.NioEndpoint$SocketProcessor.doRun(NioEndpoint.java:1743) ~[tomcat-embed-core-9.0.63.jar:9.0.63]
	at org.apache.tomcat.util.net.SocketProcessorBase.run(SocketProcessorBase.java:49) ~[tomcat-embed-core-9.0.63.jar:9.0.63]
	at org.apache.tomcat.util.threads.ThreadPoolExecutor.runWorker(ThreadPoolExecutor.java:1191) ~[tomcat-embed-core-9.0.63.jar:9.0.63]
	at org.apache.tomcat.util.threads.ThreadPoolExecutor$Worker.run(ThreadPoolExecutor.java:659) ~[tomcat-embed-core-9.0.63.jar:9.0.63]
	at org.apache.tomcat.util.threads.TaskThread$WrappingRunnable.run(TaskThread.java:61) ~[tomcat-embed-core-9.0.63.jar:9.0.63]
	at java.base/java.lang.Thread.run(Thread.java:842) ~[na:na]
Caused by: java.net.UnknownHostException: atendimento-service
	at java.base/sun.nio.ch.NioSocketImpl.connect(NioSocketImpl.java:572) ~[na:na]
	at java.base/java.net.Socket.connect(Socket.java:633) ~[na:na]
	at java.base/sun.net.NetworkClient.doConnect(NetworkClient.java:178) ~[na:na]
	at java.base/sun.net.www.http.HttpClient.openServer(HttpClient.java:534) ~[na:na]
	at java.base/sun.net.www.http.HttpClient.openServer(HttpClient.java:639) ~[na:na]
	at java.base/sun.net.www.http.HttpClient.<init>(HttpClient.java:282) ~[na:na]
	at java.base/sun.net.www.http.HttpClient.New(HttpClient.java:387) ~[na:na]
	at java.base/sun.net.www.http.HttpClient.New(HttpClient.java:409) ~[na:na]
	at java.base/sun.net.www.protocol.http.HttpURLConnection.getNewHttpClient(HttpURLConnection.java:1308) ~[na:na]
	at java.base/sun.net.www.protocol.http.HttpURLConnection.plainConnect0(HttpURLConnection.java:1241) ~[na:na]
	at java.base/sun.net.www.protocol.http.HttpURLConnection.plainConnect(HttpURLConnection.java:1127) ~[na:na]
	at java.base/sun.net.www.protocol.http.HttpURLConnection.connect(HttpURLConnection.java:1056) ~[na:na]
	at java.base/sun.net.www.protocol.http.HttpURLConnection.getOutputStream0(HttpURLConnection.java:1450) ~[na:na]
	at java.base/sun.net.www.protocol.http.HttpURLConnection.getOutputStream(HttpURLConnection.java:1421) ~[na:na]
	at feign.Client$Default.convertAndSend(Client.java:208) ~[feign-core-11.10.jar:na]
	at feign.Client$Default.execute(Client.java:105) ~[feign-core-11.10.jar:na]
	at feign.SynchronousMethodHandler.executeAndDecode(SynchronousMethodHandler.java:121) ~[feign-core-11.10.jar:na]
	... 101 common frames omitted

2025-10-23 14:26:43.663  INFO 16564 --- [Thread-23] j.LocalContainerEntityManagerFactoryBean : Closing JPA EntityManagerFactory for persistence unit 'default'
2025-10-23 14:26:43.676  INFO 16564 --- [Thread-23] com.zaxxer.hikari.HikariDataSource       : HikariPool-4 - Shutdown initiated...
2025-10-23 14:26:43.682  INFO 16564 --- [Thread-23] com.zaxxer.hikari.HikariDataSource       : HikariPool-4 - Shutdown completed.
2025-10-23 14:26:44.152  INFO 16564 --- [restartedMain] b.c.t.cliente.ClienteServiceApplication  : Starting ClienteServiceApplication using Java 17.0.12 on DESKTOP-HLR4AN3 with PID 16564 (C:\workspace\microsservico-atendimento\cliente-service\target\classes started by tonyp in C:\workspace\microsservico-atendimento\cliente-service)
2025-10-23 14:26:44.153  INFO 16564 --- [restartedMain] b.c.t.cliente.ClienteServiceApplication  : No active profile set, falling back to 1 default profile: "default"
2025-10-23 14:26:44.778  INFO 16564 --- [restartedMain] .s.d.r.c.RepositoryConfigurationDelegate : Bootstrapping Spring Data JPA repositories in DEFAULT mode.
2025-10-23 14:26:44.804  INFO 16564 --- [restartedMain] .s.d.r.c.RepositoryConfigurationDelegate : Finished Spring Data repository scanning in 25 ms. Found 2 JPA repository interfaces.
2025-10-23 14:26:44.900  INFO 16564 --- [restartedMain] o.s.cloud.context.scope.GenericScope     : BeanFactory id=d56cb2da-d986-33dc-9cad-5f7a9d3f3e17
2025-10-23 14:26:45.030  INFO 16564 --- [restartedMain] o.s.b.w.embedded.tomcat.TomcatWebServer  : Tomcat initialized with port(s): 8081 (http)
2025-10-23 14:26:45.031  INFO 16564 --- [restartedMain] o.apache.catalina.core.StandardService   : Starting service [Tomcat]
2025-10-23 14:26:45.031  INFO 16564 --- [restartedMain] org.apache.catalina.core.StandardEngine  : Starting Servlet engine: [Apache Tomcat/9.0.63]
2025-10-23 14:26:45.065  INFO 16564 --- [restartedMain] o.a.c.c.C.[Tomcat].[localhost].[/]       : Initializing Spring embedded WebApplicationContext
2025-10-23 14:26:45.065  INFO 16564 --- [restartedMain] w.s.c.ServletWebServerApplicationContext : Root WebApplicationContext: initialization completed in 906 ms
2025-10-23 14:26:45.160  INFO 16564 --- [restartedMain] o.hibernate.jpa.internal.util.LogHelper  : HHH000204: Processing PersistenceUnitInfo [name: default]
2025-10-23 14:26:45.168  INFO 16564 --- [restartedMain] com.zaxxer.hikari.HikariDataSource       : HikariPool-5 - Starting...
2025-10-23 14:26:45.260  INFO 16564 --- [restartedMain] com.zaxxer.hikari.HikariDataSource       : HikariPool-5 - Start completed.
2025-10-23 14:26:45.261  INFO 16564 --- [restartedMain] org.hibernate.dialect.Dialect            : HHH000400: Using dialect: org.hibernate.dialect.PostgreSQLDialect
2025-10-23 14:26:45.398  INFO 16564 --- [restartedMain] o.h.e.t.j.p.i.JtaPlatformInitiator       : HHH000490: Using JtaPlatform implementation: [org.hibernate.engine.transaction.jta.platform.internal.NoJtaPlatform]
2025-10-23 14:26:45.399  INFO 16564 --- [restartedMain] j.LocalContainerEntityManagerFactoryBean : Initialized JPA EntityManagerFactory for persistence unit 'default'
2025-10-23 14:26:45.549  WARN 16564 --- [restartedMain] JpaBaseConfiguration$JpaWebConfiguration : spring.jpa.open-in-view is enabled by default. Therefore, database queries may be performed during view rendering. Explicitly configure spring.jpa.open-in-view to disable this warning
2025-10-23 14:26:45.578  WARN 16564 --- [restartedMain] o.s.b.d.a.OptionalLiveReloadServer       : Unable to start LiveReload server
2025-10-23 14:26:45.743  WARN 16564 --- [restartedMain] .s.s.UserDetailsServiceAutoConfiguration : 

Using generated security password: f77dd419-4d6a-4cbe-9fe4-f3a94d09aa32

This generated password is for development use only. Your security configuration must be updated before running your application in production.

2025-10-23 14:26:45.772  INFO 16564 --- [restartedMain] o.s.s.web.DefaultSecurityFilterChain     : Will secure any request with [org.springframework.security.web.session.DisableEncodeUrlFilter@3e430575, org.springframework.security.web.context.request.async.WebAsyncManagerIntegrationFilter@3c7280d0, org.springframework.security.web.context.SecurityContextPersistenceFilter@1c5b233c, org.springframework.security.web.header.HeaderWriterFilter@4d91ba6f, org.springframework.security.web.authentication.logout.LogoutFilter@c3f3b99, br.com.tonypool.cliente.security.JwtSecurity@648d8a1d, org.springframework.security.web.savedrequest.RequestCacheAwareFilter@1fd0052a, org.springframework.security.web.servletapi.SecurityContextHolderAwareRequestFilter@5f52967d, org.springframework.security.web.authentication.AnonymousAuthenticationFilter@287348c0, org.springframework.security.web.session.SessionManagementFilter@f30c6a8, org.springframework.security.web.access.ExceptionTranslationFilter@e61bd20, org.springframework.security.web.access.intercept.FilterSecurityInterceptor@5353fc30]
2025-10-23 14:26:46.078  INFO 16564 --- [restartedMain] o.s.b.w.embedded.tomcat.TomcatWebServer  : Tomcat started on port(s): 8081 (http) with context path ''
2025-10-23 14:26:46.257  INFO 16564 --- [restartedMain] b.c.t.cliente.ClienteServiceApplication  : Started ClienteServiceApplication in 2.334 seconds (JVM running for 3088.497)
2025-10-23 14:26:46.260  INFO 16564 --- [restartedMain] .ConditionEvaluationDeltaLoggingListener : Condition evaluation unchanged
2025-10-23 14:27:07.177  INFO 16564 --- [http-nio-8081-exec-1] o.a.c.c.C.[Tomcat].[localhost].[/]       : Initializing Spring DispatcherServlet 'dispatcherServlet'
2025-10-23 14:27:07.178  INFO 16564 --- [http-nio-8081-exec-1] o.s.web.servlet.DispatcherServlet        : Initializing Servlet 'dispatcherServlet'
2025-10-23 14:27:07.187  INFO 16564 --- [http-nio-8081-exec-1] o.s.web.servlet.DispatcherServlet        : Completed initialization in 9 ms
2025-10-23 14:27:08.518 ERROR 16564 --- [http-nio-8081-exec-2] b.c.t.c.controller.ClienteController     : Erro geral ao listar clientes com atendimentos: atendimento-service executing POST http://atendimento-service:8083/api/atendimentos/por-cliente

feign.RetryableException: atendimento-service executing POST http://atendimento-service:8083/api/atendimentos/por-cliente
	at feign.FeignException.errorExecuting(FeignException.java:268) ~[feign-core-11.10.jar:na]
	at feign.SynchronousMethodHandler.executeAndDecode(SynchronousMethodHandler.java:131) ~[feign-core-11.10.jar:na]
	at feign.SynchronousMethodHandler.invoke(SynchronousMethodHandler.java:91) ~[feign-core-11.10.jar:na]
	at feign.ReflectiveFeign$FeignInvocationHandler.invoke(ReflectiveFeign.java:100) ~[feign-core-11.10.jar:na]
	at jdk.proxy8/jdk.proxy8.$Proxy182.buscarAtendimentosPorClientes(Unknown Source) ~[na:na]
	at br.com.tonypool.cliente.controller.ClienteController.listarClientesComAtendimentos(ClienteController.java:174) ~[classes/:na]
	at br.com.tonypool.cliente.controller.ClienteController$$FastClassBySpringCGLIB$$a4172ab9.invoke(<generated>) ~[classes/:na]
	at org.springframework.cglib.proxy.MethodProxy.invoke(MethodProxy.java:218) ~[spring-core-5.3.20.jar:5.3.20]
	at org.springframework.aop.framework.CglibAopProxy$CglibMethodInvocation.invokeJoinpoint(CglibAopProxy.java:793) ~[spring-aop-5.3.20.jar:5.3.20]
	at org.springframework.aop.framework.ReflectiveMethodInvocation.proceed(ReflectiveMethodInvocation.java:163) ~[spring-aop-5.3.20.jar:5.3.20]
	at org.springframework.aop.framework.CglibAopProxy$CglibMethodInvocation.proceed(CglibAopProxy.java:763) ~[spring-aop-5.3.20.jar:5.3.20]
	at org.springframework.security.access.intercept.aopalliance.MethodSecurityInterceptor.invoke(MethodSecurityInterceptor.java:61) ~[spring-security-core-5.7.1.jar:5.7.1]
	at org.springframework.aop.framework.ReflectiveMethodInvocation.proceed(ReflectiveMethodInvocation.java:186) ~[spring-aop-5.3.20.jar:5.3.20]
	at org.springframework.aop.framework.CglibAopProxy$CglibMethodInvocation.proceed(CglibAopProxy.java:763) ~[spring-aop-5.3.20.jar:5.3.20]
	at org.springframework.aop.framework.CglibAopProxy$DynamicAdvisedInterceptor.intercept(CglibAopProxy.java:708) ~[spring-aop-5.3.20.jar:5.3.20]
	at br.com.tonypool.cliente.controller.ClienteController$$EnhancerBySpringCGLIB$$8e616672.listarClientesComAtendimentos(<generated>) ~[classes/:na]
	at java.base/jdk.internal.reflect.NativeMethodAccessorImpl.invoke0(Native Method) ~[na:na]
	at java.base/jdk.internal.reflect.NativeMethodAccessorImpl.invoke(NativeMethodAccessorImpl.java:77) ~[na:na]
	at java.base/jdk.internal.reflect.DelegatingMethodAccessorImpl.invoke(DelegatingMethodAccessorImpl.java:43) ~[na:na]
	at java.base/java.lang.reflect.Method.invoke(Method.java:568) ~[na:na]
	at org.springframework.web.method.support.InvocableHandlerMethod.doInvoke(InvocableHandlerMethod.java:205) ~[spring-web-5.3.20.jar:5.3.20]
	at org.springframework.web.method.support.InvocableHandlerMethod.invokeForRequest(InvocableHandlerMethod.java:150) ~[spring-web-5.3.20.jar:5.3.20]
	at org.springframework.web.servlet.mvc.method.annotation.ServletInvocableHandlerMethod.invokeAndHandle(ServletInvocableHandlerMethod.java:117) ~[spring-webmvc-5.3.20.jar:5.3.20]
	at org.springframework.web.servlet.mvc.method.annotation.RequestMappingHandlerAdapter.invokeHandlerMethod(RequestMappingHandlerAdapter.java:895) ~[spring-webmvc-5.3.20.jar:5.3.20]
	at org.springframework.web.servlet.mvc.method.annotation.RequestMappingHandlerAdapter.handleInternal(RequestMappingHandlerAdapter.java:808) ~[spring-webmvc-5.3.20.jar:5.3.20]
	at org.springframework.web.servlet.mvc.method.AbstractHandlerMethodAdapter.handle(AbstractHandlerMethodAdapter.java:87) ~[spring-webmvc-5.3.20.jar:5.3.20]
	at org.springframework.web.servlet.DispatcherServlet.doDispatch(DispatcherServlet.java:1067) ~[spring-webmvc-5.3.20.jar:5.3.20]
	at org.springframework.web.servlet.DispatcherServlet.doService(DispatcherServlet.java:963) ~[spring-webmvc-5.3.20.jar:5.3.20]
	at org.springframework.web.servlet.FrameworkServlet.processRequest(FrameworkServlet.java:1006) ~[spring-webmvc-5.3.20.jar:5.3.20]
	at org.springframework.web.servlet.FrameworkServlet.doGet(FrameworkServlet.java:898) ~[spring-webmvc-5.3.20.jar:5.3.20]
	at javax.servlet.http.HttpServlet.service(HttpServlet.java:655) ~[tomcat-embed-core-9.0.63.jar:4.0.FR]
	at org.springframework.web.servlet.FrameworkServlet.service(FrameworkServlet.java:883) ~[spring-webmvc-5.3.20.jar:5.3.20]
	at javax.servlet.http.HttpServlet.service(HttpServlet.java:764) ~[tomcat-embed-core-9.0.63.jar:4.0.FR]
	at org.apache.catalina.core.ApplicationFilterChain.internalDoFilter(ApplicationFilterChain.java:227) ~[tomcat-embed-core-9.0.63.jar:9.0.63]
	at org.apache.catalina.core.ApplicationFilterChain.doFilter(ApplicationFilterChain.java:162) ~[tomcat-embed-core-9.0.63.jar:9.0.63]
	at org.apache.tomcat.websocket.server.WsFilter.doFilter(WsFilter.java:53) ~[tomcat-embed-websocket-9.0.63.jar:9.0.63]
	at org.apache.catalina.core.ApplicationFilterChain.internalDoFilter(ApplicationFilterChain.java:189) ~[tomcat-embed-core-9.0.63.jar:9.0.63]
	at org.apache.catalina.core.ApplicationFilterChain.doFilter(ApplicationFilterChain.java:162) ~[tomcat-embed-core-9.0.63.jar:9.0.63]
	at org.springframework.web.filter.CorsFilter.doFilterInternal(CorsFilter.java:91) ~[spring-web-5.3.20.jar:5.3.20]
	at org.springframework.web.filter.OncePerRequestFilter.doFilter(OncePerRequestFilter.java:117) ~[spring-web-5.3.20.jar:5.3.20]
	at org.apache.catalina.core.ApplicationFilterChain.internalDoFilter(ApplicationFilterChain.java:189) ~[tomcat-embed-core-9.0.63.jar:9.0.63]
	at org.apache.catalina.core.ApplicationFilterChain.doFilter(ApplicationFilterChain.java:162) ~[tomcat-embed-core-9.0.63.jar:9.0.63]
	at org.springframework.security.web.FilterChainProxy$VirtualFilterChain.doFilter(FilterChainProxy.java:327) ~[spring-security-web-5.7.1.jar:5.7.1]
	at org.springframework.security.web.access.intercept.FilterSecurityInterceptor.invoke(FilterSecurityInterceptor.java:115) ~[spring-security-web-5.7.1.jar:5.7.1]
	at org.springframework.security.web.access.intercept.FilterSecurityInterceptor.doFilter(FilterSecurityInterceptor.java:81) ~[spring-security-web-5.7.1.jar:5.7.1]
	at org.springframework.security.web.FilterChainProxy$VirtualFilterChain.doFilter(FilterChainProxy.java:336) ~[spring-security-web-5.7.1.jar:5.7.1]
	at org.springframework.security.web.access.ExceptionTranslationFilter.doFilter(ExceptionTranslationFilter.java:122) ~[spring-security-web-5.7.1.jar:5.7.1]
	at org.springframework.security.web.access.ExceptionTranslationFilter.doFilter(ExceptionTranslationFilter.java:116) ~[spring-security-web-5.7.1.jar:5.7.1]
	at org.springframework.security.web.FilterChainProxy$VirtualFilterChain.doFilter(FilterChainProxy.java:336) ~[spring-security-web-5.7.1.jar:5.7.1]
	at org.springframework.security.web.session.SessionManagementFilter.doFilter(SessionManagementFilter.java:126) ~[spring-security-web-5.7.1.jar:5.7.1]
	at org.springframework.security.web.session.SessionManagementFilter.doFilter(SessionManagementFilter.java:81) ~[spring-security-web-5.7.1.jar:5.7.1]
	at org.springframework.security.web.FilterChainProxy$VirtualFilterChain.doFilter(FilterChainProxy.java:336) ~[spring-security-web-5.7.1.jar:5.7.1]
	at org.springframework.security.web.authentication.AnonymousAuthenticationFilter.doFilter(AnonymousAuthenticationFilter.java:109) ~[spring-security-web-5.7.1.jar:5.7.1]
	at org.springframework.security.web.FilterChainProxy$VirtualFilterChain.doFilter(FilterChainProxy.java:336) ~[spring-security-web-5.7.1.jar:5.7.1]
	at org.springframework.security.web.servletapi.SecurityContextHolderAwareRequestFilter.doFilter(SecurityContextHolderAwareRequestFilter.java:149) ~[spring-security-web-5.7.1.jar:5.7.1]
	at org.springframework.security.web.FilterChainProxy$VirtualFilterChain.doFilter(FilterChainProxy.java:336) ~[spring-security-web-5.7.1.jar:5.7.1]
	at org.springframework.security.web.savedrequest.RequestCacheAwareFilter.doFilter(RequestCacheAwareFilter.java:63) ~[spring-security-web-5.7.1.jar:5.7.1]
	at org.springframework.security.web.FilterChainProxy$VirtualFilterChain.doFilter(FilterChainProxy.java:336) ~[spring-security-web-5.7.1.jar:5.7.1]
	at br.com.tonypool.cliente.security.JwtSecurity.doFilterInternal(JwtSecurity.java:47) ~[classes/:na]
	at org.springframework.web.filter.OncePerRequestFilter.doFilter(OncePerRequestFilter.java:117) ~[spring-web-5.3.20.jar:5.3.20]
	at org.springframework.security.web.FilterChainProxy$VirtualFilterChain.doFilter(FilterChainProxy.java:336) ~[spring-security-web-5.7.1.jar:5.7.1]
	at org.springframework.security.web.authentication.logout.LogoutFilter.doFilter(LogoutFilter.java:103) ~[spring-security-web-5.7.1.jar:5.7.1]
	at org.springframework.security.web.authentication.logout.LogoutFilter.doFilter(LogoutFilter.java:89) ~[spring-security-web-5.7.1.jar:5.7.1]
	at org.springframework.security.web.FilterChainProxy$VirtualFilterChain.doFilter(FilterChainProxy.java:336) ~[spring-security-web-5.7.1.jar:5.7.1]
	at org.springframework.security.web.header.HeaderWriterFilter.doHeadersAfter(HeaderWriterFilter.java:90) ~[spring-security-web-5.7.1.jar:5.7.1]
	at org.springframework.security.web.header.HeaderWriterFilter.doFilterInternal(HeaderWriterFilter.java:75) ~[spring-security-web-5.7.1.jar:5.7.1]
	at org.springframework.web.filter.OncePerRequestFilter.doFilter(OncePerRequestFilter.java:117) ~[spring-web-5.3.20.jar:5.3.20]
	at org.springframework.security.web.FilterChainProxy$VirtualFilterChain.doFilter(FilterChainProxy.java:336) ~[spring-security-web-5.7.1.jar:5.7.1]
	at org.springframework.security.web.context.SecurityContextPersistenceFilter.doFilter(SecurityContextPersistenceFilter.java:112) ~[spring-security-web-5.7.1.jar:5.7.1]
	at org.springframework.security.web.context.SecurityContextPersistenceFilter.doFilter(SecurityContextPersistenceFilter.java:82) ~[spring-security-web-5.7.1.jar:5.7.1]
	at org.springframework.security.web.FilterChainProxy$VirtualFilterChain.doFilter(FilterChainProxy.java:336) ~[spring-security-web-5.7.1.jar:5.7.1]
	at org.springframework.security.web.context.request.async.WebAsyncManagerIntegrationFilter.doFilterInternal(WebAsyncManagerIntegrationFilter.java:55) ~[spring-security-web-5.7.1.jar:5.7.1]
	at org.springframework.web.filter.OncePerRequestFilter.doFilter(OncePerRequestFilter.java:117) ~[spring-web-5.3.20.jar:5.3.20]
	at org.springframework.security.web.FilterChainProxy$VirtualFilterChain.doFilter(FilterChainProxy.java:336) ~[spring-security-web-5.7.1.jar:5.7.1]
	at org.springframework.security.web.session.DisableEncodeUrlFilter.doFilterInternal(DisableEncodeUrlFilter.java:42) ~[spring-security-web-5.7.1.jar:5.7.1]
	at org.springframework.web.filter.OncePerRequestFilter.doFilter(OncePerRequestFilter.java:117) ~[spring-web-5.3.20.jar:5.3.20]
	at org.springframework.security.web.FilterChainProxy$VirtualFilterChain.doFilter(FilterChainProxy.java:336) ~[spring-security-web-5.7.1.jar:5.7.1]
	at org.springframework.security.web.FilterChainProxy.doFilterInternal(FilterChainProxy.java:211) ~[spring-security-web-5.7.1.jar:5.7.1]
	at org.springframework.security.web.FilterChainProxy.doFilter(FilterChainProxy.java:183) ~[spring-security-web-5.7.1.jar:5.7.1]
	at org.springframework.web.filter.DelegatingFilterProxy.invokeDelegate(DelegatingFilterProxy.java:354) ~[spring-web-5.3.20.jar:5.3.20]
	at org.springframework.web.filter.DelegatingFilterProxy.doFilter(DelegatingFilterProxy.java:267) ~[spring-web-5.3.20.jar:5.3.20]
	at org.apache.catalina.core.ApplicationFilterChain.internalDoFilter(ApplicationFilterChain.java:189) ~[tomcat-embed-core-9.0.63.jar:9.0.63]
	at org.apache.catalina.core.ApplicationFilterChain.doFilter(ApplicationFilterChain.java:162) ~[tomcat-embed-core-9.0.63.jar:9.0.63]
	at org.springframework.web.filter.CharacterEncodingFilter.doFilterInternal(CharacterEncodingFilter.java:201) ~[spring-web-5.3.20.jar:5.3.20]
	at org.springframework.web.filter.OncePerRequestFilter.doFilter(OncePerRequestFilter.java:117) ~[spring-web-5.3.20.jar:5.3.20]
	at org.apache.catalina.core.ApplicationFilterChain.internalDoFilter(ApplicationFilterChain.java:189) ~[tomcat-embed-core-9.0.63.jar:9.0.63]
	at org.apache.catalina.core.ApplicationFilterChain.doFilter(ApplicationFilterChain.java:162) ~[tomcat-embed-core-9.0.63.jar:9.0.63]
	at org.apache.catalina.core.StandardWrapperValve.invoke(StandardWrapperValve.java:197) ~[tomcat-embed-core-9.0.63.jar:9.0.63]
	at org.apache.catalina.core.StandardContextValve.invoke(StandardContextValve.java:97) ~[tomcat-embed-core-9.0.63.jar:9.0.63]
	at org.apache.catalina.authenticator.AuthenticatorBase.invoke(AuthenticatorBase.java:541) ~[tomcat-embed-core-9.0.63.jar:9.0.63]
	at org.apache.catalina.core.StandardHostValve.invoke(StandardHostValve.java:135) ~[tomcat-embed-core-9.0.63.jar:9.0.63]
	at org.apache.catalina.valves.ErrorReportValve.invoke(ErrorReportValve.java:92) ~[tomcat-embed-core-9.0.63.jar:9.0.63]
	at org.apache.catalina.core.StandardEngineValve.invoke(StandardEngineValve.java:78) ~[tomcat-embed-core-9.0.63.jar:9.0.63]
	at org.apache.catalina.connector.CoyoteAdapter.service(CoyoteAdapter.java:360) ~[tomcat-embed-core-9.0.63.jar:9.0.63]
	at org.apache.coyote.http11.Http11Processor.service(Http11Processor.java:399) ~[tomcat-embed-core-9.0.63.jar:9.0.63]
	at org.apache.coyote.AbstractProcessorLight.process(AbstractProcessorLight.java:65) ~[tomcat-embed-core-9.0.63.jar:9.0.63]
	at org.apache.coyote.AbstractProtocol$ConnectionHandler.process(AbstractProtocol.java:890) ~[tomcat-embed-core-9.0.63.jar:9.0.63]
	at org.apache.tomcat.util.net.NioEndpoint$SocketProcessor.doRun(NioEndpoint.java:1743) ~[tomcat-embed-core-9.0.63.jar:9.0.63]
	at org.apache.tomcat.util.net.SocketProcessorBase.run(SocketProcessorBase.java:49) ~[tomcat-embed-core-9.0.63.jar:9.0.63]
	at org.apache.tomcat.util.threads.ThreadPoolExecutor.runWorker(ThreadPoolExecutor.java:1191) ~[tomcat-embed-core-9.0.63.jar:9.0.63]
	at org.apache.tomcat.util.threads.ThreadPoolExecutor$Worker.run(ThreadPoolExecutor.java:659) ~[tomcat-embed-core-9.0.63.jar:9.0.63]
	at org.apache.tomcat.util.threads.TaskThread$WrappingRunnable.run(TaskThread.java:61) ~[tomcat-embed-core-9.0.63.jar:9.0.63]
	at java.base/java.lang.Thread.run(Thread.java:842) ~[na:na]
Caused by: java.net.UnknownHostException: atendimento-service
	at java.base/sun.nio.ch.NioSocketImpl.connect(NioSocketImpl.java:572) ~[na:na]
	at java.base/java.net.Socket.connect(Socket.java:633) ~[na:na]
	at java.base/sun.net.NetworkClient.doConnect(NetworkClient.java:178) ~[na:na]
	at java.base/sun.net.www.http.HttpClient.openServer(HttpClient.java:534) ~[na:na]
	at java.base/sun.net.www.http.HttpClient.openServer(HttpClient.java:639) ~[na:na]
	at java.base/sun.net.www.http.HttpClient.<init>(HttpClient.java:282) ~[na:na]
	at java.base/sun.net.www.http.HttpClient.New(HttpClient.java:387) ~[na:na]
	at java.base/sun.net.www.http.HttpClient.New(HttpClient.java:409) ~[na:na]
	at java.base/sun.net.www.protocol.http.HttpURLConnection.getNewHttpClient(HttpURLConnection.java:1308) ~[na:na]
	at java.base/sun.net.www.protocol.http.HttpURLConnection.plainConnect0(HttpURLConnection.java:1241) ~[na:na]
	at java.base/sun.net.www.protocol.http.HttpURLConnection.plainConnect(HttpURLConnection.java:1127) ~[na:na]
	at java.base/sun.net.www.protocol.http.HttpURLConnection.connect(HttpURLConnection.java:1056) ~[na:na]
	at java.base/sun.net.www.protocol.http.HttpURLConnection.getOutputStream0(HttpURLConnection.java:1450) ~[na:na]
	at java.base/sun.net.www.protocol.http.HttpURLConnection.getOutputStream(HttpURLConnection.java:1421) ~[na:na]
	at feign.Client$Default.convertAndSend(Client.java:208) ~[feign-core-11.10.jar:na]
	at feign.Client$Default.execute(Client.java:105) ~[feign-core-11.10.jar:na]
	at feign.SynchronousMethodHandler.executeAndDecode(SynchronousMethodHandler.java:121) ~[feign-core-11.10.jar:na]
	... 101 common frames omitted

2025-10-23 14:29:39.952 ERROR 16564 --- [http-nio-8081-exec-4] b.c.t.c.controller.ClienteController     : Erro geral ao listar clientes com atendimentos: atendimento-service executing POST http://atendimento-service:8083/api/atendimentos/por-cliente

feign.RetryableException: atendimento-service executing POST http://atendimento-service:8083/api/atendimentos/por-cliente
	at feign.FeignException.errorExecuting(FeignException.java:268) ~[feign-core-11.10.jar:na]
	at feign.SynchronousMethodHandler.executeAndDecode(SynchronousMethodHandler.java:131) ~[feign-core-11.10.jar:na]
	at feign.SynchronousMethodHandler.invoke(SynchronousMethodHandler.java:91) ~[feign-core-11.10.jar:na]
	at feign.ReflectiveFeign$FeignInvocationHandler.invoke(ReflectiveFeign.java:100) ~[feign-core-11.10.jar:na]
	at jdk.proxy8/jdk.proxy8.$Proxy182.buscarAtendimentosPorClientes(Unknown Source) ~[na:na]
	at br.com.tonypool.cliente.controller.ClienteController.listarClientesComAtendimentos(ClienteController.java:174) ~[classes/:na]
	at br.com.tonypool.cliente.controller.ClienteController$$FastClassBySpringCGLIB$$a4172ab9.invoke(<generated>) ~[classes/:na]
	at org.springframework.cglib.proxy.MethodProxy.invoke(MethodProxy.java:218) ~[spring-core-5.3.20.jar:5.3.20]
	at org.springframework.aop.framework.CglibAopProxy$CglibMethodInvocation.invokeJoinpoint(CglibAopProxy.java:793) ~[spring-aop-5.3.20.jar:5.3.20]
	at org.springframework.aop.framework.ReflectiveMethodInvocation.proceed(ReflectiveMethodInvocation.java:163) ~[spring-aop-5.3.20.jar:5.3.20]
	at org.springframework.aop.framework.CglibAopProxy$CglibMethodInvocation.proceed(CglibAopProxy.java:763) ~[spring-aop-5.3.20.jar:5.3.20]
	at org.springframework.security.access.intercept.aopalliance.MethodSecurityInterceptor.invoke(MethodSecurityInterceptor.java:61) ~[spring-security-core-5.7.1.jar:5.7.1]
	at org.springframework.aop.framework.ReflectiveMethodInvocation.proceed(ReflectiveMethodInvocation.java:186) ~[spring-aop-5.3.20.jar:5.3.20]
	at org.springframework.aop.framework.CglibAopProxy$CglibMethodInvocation.proceed(CglibAopProxy.java:763) ~[spring-aop-5.3.20.jar:5.3.20]
	at org.springframework.aop.framework.CglibAopProxy$DynamicAdvisedInterceptor.intercept(CglibAopProxy.java:708) ~[spring-aop-5.3.20.jar:5.3.20]
	at br.com.tonypool.cliente.controller.ClienteController$$EnhancerBySpringCGLIB$$8e616672.listarClientesComAtendimentos(<generated>) ~[classes/:na]
	at java.base/jdk.internal.reflect.NativeMethodAccessorImpl.invoke0(Native Method) ~[na:na]
	at java.base/jdk.internal.reflect.NativeMethodAccessorImpl.invoke(NativeMethodAccessorImpl.java:77) ~[na:na]
	at java.base/jdk.internal.reflect.DelegatingMethodAccessorImpl.invoke(DelegatingMethodAccessorImpl.java:43) ~[na:na]
	at java.base/java.lang.reflect.Method.invoke(Method.java:568) ~[na:na]
	at org.springframework.web.method.support.InvocableHandlerMethod.doInvoke(InvocableHandlerMethod.java:205) ~[spring-web-5.3.20.jar:5.3.20]
	at org.springframework.web.method.support.InvocableHandlerMethod.invokeForRequest(InvocableHandlerMethod.java:150) ~[spring-web-5.3.20.jar:5.3.20]
	at org.springframework.web.servlet.mvc.method.annotation.ServletInvocableHandlerMethod.invokeAndHandle(ServletInvocableHandlerMethod.java:117) ~[spring-webmvc-5.3.20.jar:5.3.20]
	at org.springframework.web.servlet.mvc.method.annotation.RequestMappingHandlerAdapter.invokeHandlerMethod(RequestMappingHandlerAdapter.java:895) ~[spring-webmvc-5.3.20.jar:5.3.20]
	at org.springframework.web.servlet.mvc.method.annotation.RequestMappingHandlerAdapter.handleInternal(RequestMappingHandlerAdapter.java:808) ~[spring-webmvc-5.3.20.jar:5.3.20]
	at org.springframework.web.servlet.mvc.method.AbstractHandlerMethodAdapter.handle(AbstractHandlerMethodAdapter.java:87) ~[spring-webmvc-5.3.20.jar:5.3.20]
	at org.springframework.web.servlet.DispatcherServlet.doDispatch(DispatcherServlet.java:1067) ~[spring-webmvc-5.3.20.jar:5.3.20]
	at org.springframework.web.servlet.DispatcherServlet.doService(DispatcherServlet.java:963) ~[spring-webmvc-5.3.20.jar:5.3.20]
	at org.springframework.web.servlet.FrameworkServlet.processRequest(FrameworkServlet.java:1006) ~[spring-webmvc-5.3.20.jar:5.3.20]
	at org.springframework.web.servlet.FrameworkServlet.doGet(FrameworkServlet.java:898) ~[spring-webmvc-5.3.20.jar:5.3.20]
	at javax.servlet.http.HttpServlet.service(HttpServlet.java:655) ~[tomcat-embed-core-9.0.63.jar:4.0.FR]
	at org.springframework.web.servlet.FrameworkServlet.service(FrameworkServlet.java:883) ~[spring-webmvc-5.3.20.jar:5.3.20]
	at javax.servlet.http.HttpServlet.service(HttpServlet.java:764) ~[tomcat-embed-core-9.0.63.jar:4.0.FR]
	at org.apache.catalina.core.ApplicationFilterChain.internalDoFilter(ApplicationFilterChain.java:227) ~[tomcat-embed-core-9.0.63.jar:9.0.63]
	at org.apache.catalina.core.ApplicationFilterChain.doFilter(ApplicationFilterChain.java:162) ~[tomcat-embed-core-9.0.63.jar:9.0.63]
	at org.apache.tomcat.websocket.server.WsFilter.doFilter(WsFilter.java:53) ~[tomcat-embed-websocket-9.0.63.jar:9.0.63]
	at org.apache.catalina.core.ApplicationFilterChain.internalDoFilter(ApplicationFilterChain.java:189) ~[tomcat-embed-core-9.0.63.jar:9.0.63]
	at org.apache.catalina.core.ApplicationFilterChain.doFilter(ApplicationFilterChain.java:162) ~[tomcat-embed-core-9.0.63.jar:9.0.63]
	at org.springframework.web.filter.CorsFilter.doFilterInternal(CorsFilter.java:91) ~[spring-web-5.3.20.jar:5.3.20]
	at org.springframework.web.filter.OncePerRequestFilter.doFilter(OncePerRequestFilter.java:117) ~[spring-web-5.3.20.jar:5.3.20]
	at org.apache.catalina.core.ApplicationFilterChain.internalDoFilter(ApplicationFilterChain.java:189) ~[tomcat-embed-core-9.0.63.jar:9.0.63]
	at org.apache.catalina.core.ApplicationFilterChain.doFilter(ApplicationFilterChain.java:162) ~[tomcat-embed-core-9.0.63.jar:9.0.63]
	at org.springframework.security.web.FilterChainProxy$VirtualFilterChain.doFilter(FilterChainProxy.java:327) ~[spring-security-web-5.7.1.jar:5.7.1]
	at org.springframework.security.web.access.intercept.FilterSecurityInterceptor.invoke(FilterSecurityInterceptor.java:115) ~[spring-security-web-5.7.1.jar:5.7.1]
	at org.springframework.security.web.access.intercept.FilterSecurityInterceptor.doFilter(FilterSecurityInterceptor.java:81) ~[spring-security-web-5.7.1.jar:5.7.1]
	at org.springframework.security.web.FilterChainProxy$VirtualFilterChain.doFilter(FilterChainProxy.java:336) ~[spring-security-web-5.7.1.jar:5.7.1]
	at org.springframework.security.web.access.ExceptionTranslationFilter.doFilter(ExceptionTranslationFilter.java:122) ~[spring-security-web-5.7.1.jar:5.7.1]
	at org.springframework.security.web.access.ExceptionTranslationFilter.doFilter(ExceptionTranslationFilter.java:116) ~[spring-security-web-5.7.1.jar:5.7.1]
	at org.springframework.security.web.FilterChainProxy$VirtualFilterChain.doFilter(FilterChainProxy.java:336) ~[spring-security-web-5.7.1.jar:5.7.1]
	at org.springframework.security.web.session.SessionManagementFilter.doFilter(SessionManagementFilter.java:126) ~[spring-security-web-5.7.1.jar:5.7.1]
	at org.springframework.security.web.session.SessionManagementFilter.doFilter(SessionManagementFilter.java:81) ~[spring-security-web-5.7.1.jar:5.7.1]
	at org.springframework.security.web.FilterChainProxy$VirtualFilterChain.doFilter(FilterChainProxy.java:336) ~[spring-security-web-5.7.1.jar:5.7.1]
	at org.springframework.security.web.authentication.AnonymousAuthenticationFilter.doFilter(AnonymousAuthenticationFilter.java:109) ~[spring-security-web-5.7.1.jar:5.7.1]
	at org.springframework.security.web.FilterChainProxy$VirtualFilterChain.doFilter(FilterChainProxy.java:336) ~[spring-security-web-5.7.1.jar:5.7.1]
	at org.springframework.security.web.servletapi.SecurityContextHolderAwareRequestFilter.doFilter(SecurityContextHolderAwareRequestFilter.java:149) ~[spring-security-web-5.7.1.jar:5.7.1]
	at org.springframework.security.web.FilterChainProxy$VirtualFilterChain.doFilter(FilterChainProxy.java:336) ~[spring-security-web-5.7.1.jar:5.7.1]
	at org.springframework.security.web.savedrequest.RequestCacheAwareFilter.doFilter(RequestCacheAwareFilter.java:63) ~[spring-security-web-5.7.1.jar:5.7.1]
	at org.springframework.security.web.FilterChainProxy$VirtualFilterChain.doFilter(FilterChainProxy.java:336) ~[spring-security-web-5.7.1.jar:5.7.1]
	at br.com.tonypool.cliente.security.JwtSecurity.doFilterInternal(JwtSecurity.java:47) ~[classes/:na]
	at org.springframework.web.filter.OncePerRequestFilter.doFilter(OncePerRequestFilter.java:117) ~[spring-web-5.3.20.jar:5.3.20]
	at org.springframework.security.web.FilterChainProxy$VirtualFilterChain.doFilter(FilterChainProxy.java:336) ~[spring-security-web-5.7.1.jar:5.7.1]
	at org.springframework.security.web.authentication.logout.LogoutFilter.doFilter(LogoutFilter.java:103) ~[spring-security-web-5.7.1.jar:5.7.1]
	at org.springframework.security.web.authentication.logout.LogoutFilter.doFilter(LogoutFilter.java:89) ~[spring-security-web-5.7.1.jar:5.7.1]
	at org.springframework.security.web.FilterChainProxy$VirtualFilterChain.doFilter(FilterChainProxy.java:336) ~[spring-security-web-5.7.1.jar:5.7.1]
	at org.springframework.security.web.header.HeaderWriterFilter.doHeadersAfter(HeaderWriterFilter.java:90) ~[spring-security-web-5.7.1.jar:5.7.1]
	at org.springframework.security.web.header.HeaderWriterFilter.doFilterInternal(HeaderWriterFilter.java:75) ~[spring-security-web-5.7.1.jar:5.7.1]
	at org.springframework.web.filter.OncePerRequestFilter.doFilter(OncePerRequestFilter.java:117) ~[spring-web-5.3.20.jar:5.3.20]
	at org.springframework.security.web.FilterChainProxy$VirtualFilterChain.doFilter(FilterChainProxy.java:336) ~[spring-security-web-5.7.1.jar:5.7.1]
	at org.springframework.security.web.context.SecurityContextPersistenceFilter.doFilter(SecurityContextPersistenceFilter.java:112) ~[spring-security-web-5.7.1.jar:5.7.1]
	at org.springframework.security.web.context.SecurityContextPersistenceFilter.doFilter(SecurityContextPersistenceFilter.java:82) ~[spring-security-web-5.7.1.jar:5.7.1]
	at org.springframework.security.web.FilterChainProxy$VirtualFilterChain.doFilter(FilterChainProxy.java:336) ~[spring-security-web-5.7.1.jar:5.7.1]
	at org.springframework.security.web.context.request.async.WebAsyncManagerIntegrationFilter.doFilterInternal(WebAsyncManagerIntegrationFilter.java:55) ~[spring-security-web-5.7.1.jar:5.7.1]
	at org.springframework.web.filter.OncePerRequestFilter.doFilter(OncePerRequestFilter.java:117) ~[spring-web-5.3.20.jar:5.3.20]
	at org.springframework.security.web.FilterChainProxy$VirtualFilterChain.doFilter(FilterChainProxy.java:336) ~[spring-security-web-5.7.1.jar:5.7.1]
	at org.springframework.security.web.session.DisableEncodeUrlFilter.doFilterInternal(DisableEncodeUrlFilter.java:42) ~[spring-security-web-5.7.1.jar:5.7.1]
	at org.springframework.web.filter.OncePerRequestFilter.doFilter(OncePerRequestFilter.java:117) ~[spring-web-5.3.20.jar:5.3.20]
	at org.springframework.security.web.FilterChainProxy$VirtualFilterChain.doFilter(FilterChainProxy.java:336) ~[spring-security-web-5.7.1.jar:5.7.1]
	at org.springframework.security.web.FilterChainProxy.doFilterInternal(FilterChainProxy.java:211) ~[spring-security-web-5.7.1.jar:5.7.1]
	at org.springframework.security.web.FilterChainProxy.doFilter(FilterChainProxy.java:183) ~[spring-security-web-5.7.1.jar:5.7.1]
	at org.springframework.web.filter.DelegatingFilterProxy.invokeDelegate(DelegatingFilterProxy.java:354) ~[spring-web-5.3.20.jar:5.3.20]
	at org.springframework.web.filter.DelegatingFilterProxy.doFilter(DelegatingFilterProxy.java:267) ~[spring-web-5.3.20.jar:5.3.20]
	at org.apache.catalina.core.ApplicationFilterChain.internalDoFilter(ApplicationFilterChain.java:189) ~[tomcat-embed-core-9.0.63.jar:9.0.63]
	at org.apache.catalina.core.ApplicationFilterChain.doFilter(ApplicationFilterChain.java:162) ~[tomcat-embed-core-9.0.63.jar:9.0.63]
	at org.springframework.web.filter.CharacterEncodingFilter.doFilterInternal(CharacterEncodingFilter.java:201) ~[spring-web-5.3.20.jar:5.3.20]
	at org.springframework.web.filter.OncePerRequestFilter.doFilter(OncePerRequestFilter.java:117) ~[spring-web-5.3.20.jar:5.3.20]
	at org.apache.catalina.core.ApplicationFilterChain.internalDoFilter(ApplicationFilterChain.java:189) ~[tomcat-embed-core-9.0.63.jar:9.0.63]
	at org.apache.catalina.core.ApplicationFilterChain.doFilter(ApplicationFilterChain.java:162) ~[tomcat-embed-core-9.0.63.jar:9.0.63]
	at org.apache.catalina.core.StandardWrapperValve.invoke(StandardWrapperValve.java:197) ~[tomcat-embed-core-9.0.63.jar:9.0.63]
	at org.apache.catalina.core.StandardContextValve.invoke(StandardContextValve.java:97) ~[tomcat-embed-core-9.0.63.jar:9.0.63]
	at org.apache.catalina.authenticator.AuthenticatorBase.invoke(AuthenticatorBase.java:541) ~[tomcat-embed-core-9.0.63.jar:9.0.63]
	at org.apache.catalina.core.StandardHostValve.invoke(StandardHostValve.java:135) ~[tomcat-embed-core-9.0.63.jar:9.0.63]
	at org.apache.catalina.valves.ErrorReportValve.invoke(ErrorReportValve.java:92) ~[tomcat-embed-core-9.0.63.jar:9.0.63]
	at org.apache.catalina.core.StandardEngineValve.invoke(StandardEngineValve.java:78) ~[tomcat-embed-core-9.0.63.jar:9.0.63]
	at org.apache.catalina.connector.CoyoteAdapter.service(CoyoteAdapter.java:360) ~[tomcat-embed-core-9.0.63.jar:9.0.63]
	at org.apache.coyote.http11.Http11Processor.service(Http11Processor.java:399) ~[tomcat-embed-core-9.0.63.jar:9.0.63]
	at org.apache.coyote.AbstractProcessorLight.process(AbstractProcessorLight.java:65) ~[tomcat-embed-core-9.0.63.jar:9.0.63]
	at org.apache.coyote.AbstractProtocol$ConnectionHandler.process(AbstractProtocol.java:890) ~[tomcat-embed-core-9.0.63.jar:9.0.63]
	at org.apache.tomcat.util.net.NioEndpoint$SocketProcessor.doRun(NioEndpoint.java:1743) ~[tomcat-embed-core-9.0.63.jar:9.0.63]
	at org.apache.tomcat.util.net.SocketProcessorBase.run(SocketProcessorBase.java:49) ~[tomcat-embed-core-9.0.63.jar:9.0.63]
	at org.apache.tomcat.util.threads.ThreadPoolExecutor.runWorker(ThreadPoolExecutor.java:1191) ~[tomcat-embed-core-9.0.63.jar:9.0.63]
	at org.apache.tomcat.util.threads.ThreadPoolExecutor$Worker.run(ThreadPoolExecutor.java:659) ~[tomcat-embed-core-9.0.63.jar:9.0.63]
	at org.apache.tomcat.util.threads.TaskThread$WrappingRunnable.run(TaskThread.java:61) ~[tomcat-embed-core-9.0.63.jar:9.0.63]
	at java.base/java.lang.Thread.run(Thread.java:842) ~[na:na]
Caused by: java.net.UnknownHostException: atendimento-service
	at java.base/sun.nio.ch.NioSocketImpl.connect(NioSocketImpl.java:572) ~[na:na]
	at java.base/java.net.Socket.connect(Socket.java:633) ~[na:na]
	at java.base/sun.net.NetworkClient.doConnect(NetworkClient.java:178) ~[na:na]
	at java.base/sun.net.www.http.HttpClient.openServer(HttpClient.java:534) ~[na:na]
	at java.base/sun.net.www.http.HttpClient.openServer(HttpClient.java:639) ~[na:na]
	at java.base/sun.net.www.http.HttpClient.<init>(HttpClient.java:282) ~[na:na]
	at java.base/sun.net.www.http.HttpClient.New(HttpClient.java:387) ~[na:na]
	at java.base/sun.net.www.http.HttpClient.New(HttpClient.java:409) ~[na:na]
	at java.base/sun.net.www.protocol.http.HttpURLConnection.getNewHttpClient(HttpURLConnection.java:1308) ~[na:na]
	at java.base/sun.net.www.protocol.http.HttpURLConnection.plainConnect0(HttpURLConnection.java:1241) ~[na:na]
	at java.base/sun.net.www.protocol.http.HttpURLConnection.plainConnect(HttpURLConnection.java:1127) ~[na:na]
	at java.base/sun.net.www.protocol.http.HttpURLConnection.connect(HttpURLConnection.java:1056) ~[na:na]
	at java.base/sun.net.www.protocol.http.HttpURLConnection.getOutputStream0(HttpURLConnection.java:1450) ~[na:na]
	at java.base/sun.net.www.protocol.http.HttpURLConnection.getOutputStream(HttpURLConnection.java:1421) ~[na:na]
	at feign.Client$Default.convertAndSend(Client.java:208) ~[feign-core-11.10.jar:na]
	at feign.Client$Default.execute(Client.java:105) ~[feign-core-11.10.jar:na]
	at feign.SynchronousMethodHandler.executeAndDecode(SynchronousMethodHandler.java:121) ~[feign-core-11.10.jar:na]
	... 101 common frames omitted

2025-10-23 14:30:06.954 ERROR 16564 --- [http-nio-8081-exec-6] b.c.t.c.controller.ClienteController     : Erro geral ao listar clientes com atendimentos: atendimento-service executing POST http://atendimento-service:8083/api/atendimentos/por-cliente

feign.RetryableException: atendimento-service executing POST http://atendimento-service:8083/api/atendimentos/por-cliente
	at feign.FeignException.errorExecuting(FeignException.java:268) ~[feign-core-11.10.jar:na]
	at feign.SynchronousMethodHandler.executeAndDecode(SynchronousMethodHandler.java:131) ~[feign-core-11.10.jar:na]
	at feign.SynchronousMethodHandler.invoke(SynchronousMethodHandler.java:91) ~[feign-core-11.10.jar:na]
	at feign.ReflectiveFeign$FeignInvocationHandler.invoke(ReflectiveFeign.java:100) ~[feign-core-11.10.jar:na]
	at jdk.proxy8/jdk.proxy8.$Proxy182.buscarAtendimentosPorClientes(Unknown Source) ~[na:na]
	at br.com.tonypool.cliente.controller.ClienteController.listarClientesComAtendimentos(ClienteController.java:174) ~[classes/:na]
	at br.com.tonypool.cliente.controller.ClienteController$$FastClassBySpringCGLIB$$a4172ab9.invoke(<generated>) ~[classes/:na]
	at org.springframework.cglib.proxy.MethodProxy.invoke(MethodProxy.java:218) ~[spring-core-5.3.20.jar:5.3.20]
	at org.springframework.aop.framework.CglibAopProxy$CglibMethodInvocation.invokeJoinpoint(CglibAopProxy.java:793) ~[spring-aop-5.3.20.jar:5.3.20]
	at org.springframework.aop.framework.ReflectiveMethodInvocation.proceed(ReflectiveMethodInvocation.java:163) ~[spring-aop-5.3.20.jar:5.3.20]
	at org.springframework.aop.framework.CglibAopProxy$CglibMethodInvocation.proceed(CglibAopProxy.java:763) ~[spring-aop-5.3.20.jar:5.3.20]
	at org.springframework.security.access.intercept.aopalliance.MethodSecurityInterceptor.invoke(MethodSecurityInterceptor.java:61) ~[spring-security-core-5.7.1.jar:5.7.1]
	at org.springframework.aop.framework.ReflectiveMethodInvocation.proceed(ReflectiveMethodInvocation.java:186) ~[spring-aop-5.3.20.jar:5.3.20]
	at org.springframework.aop.framework.CglibAopProxy$CglibMethodInvocation.proceed(CglibAopProxy.java:763) ~[spring-aop-5.3.20.jar:5.3.20]
	at org.springframework.aop.framework.CglibAopProxy$DynamicAdvisedInterceptor.intercept(CglibAopProxy.java:708) ~[spring-aop-5.3.20.jar:5.3.20]
	at br.com.tonypool.cliente.controller.ClienteController$$EnhancerBySpringCGLIB$$8e616672.listarClientesComAtendimentos(<generated>) ~[classes/:na]
	at java.base/jdk.internal.reflect.NativeMethodAccessorImpl.invoke0(Native Method) ~[na:na]
	at java.base/jdk.internal.reflect.NativeMethodAccessorImpl.invoke(NativeMethodAccessorImpl.java:77) ~[na:na]
	at java.base/jdk.internal.reflect.DelegatingMethodAccessorImpl.invoke(DelegatingMethodAccessorImpl.java:43) ~[na:na]
	at java.base/java.lang.reflect.Method.invoke(Method.java:568) ~[na:na]
	at org.springframework.web.method.support.InvocableHandlerMethod.doInvoke(InvocableHandlerMethod.java:205) ~[spring-web-5.3.20.jar:5.3.20]
	at org.springframework.web.method.support.InvocableHandlerMethod.invokeForRequest(InvocableHandlerMethod.java:150) ~[spring-web-5.3.20.jar:5.3.20]
	at org.springframework.web.servlet.mvc.method.annotation.ServletInvocableHandlerMethod.invokeAndHandle(ServletInvocableHandlerMethod.java:117) ~[spring-webmvc-5.3.20.jar:5.3.20]
	at org.springframework.web.servlet.mvc.method.annotation.RequestMappingHandlerAdapter.invokeHandlerMethod(RequestMappingHandlerAdapter.java:895) ~[spring-webmvc-5.3.20.jar:5.3.20]
	at org.springframework.web.servlet.mvc.method.annotation.RequestMappingHandlerAdapter.handleInternal(RequestMappingHandlerAdapter.java:808) ~[spring-webmvc-5.3.20.jar:5.3.20]
	at org.springframework.web.servlet.mvc.method.AbstractHandlerMethodAdapter.handle(AbstractHandlerMethodAdapter.java:87) ~[spring-webmvc-5.3.20.jar:5.3.20]
	at org.springframework.web.servlet.DispatcherServlet.doDispatch(DispatcherServlet.java:1067) ~[spring-webmvc-5.3.20.jar:5.3.20]
	at org.springframework.web.servlet.DispatcherServlet.doService(DispatcherServlet.java:963) ~[spring-webmvc-5.3.20.jar:5.3.20]
	at org.springframework.web.servlet.FrameworkServlet.processRequest(FrameworkServlet.java:1006) ~[spring-webmvc-5.3.20.jar:5.3.20]
	at org.springframework.web.servlet.FrameworkServlet.doGet(FrameworkServlet.java:898) ~[spring-webmvc-5.3.20.jar:5.3.20]
	at javax.servlet.http.HttpServlet.service(HttpServlet.java:655) ~[tomcat-embed-core-9.0.63.jar:4.0.FR]
	at org.springframework.web.servlet.FrameworkServlet.service(FrameworkServlet.java:883) ~[spring-webmvc-5.3.20.jar:5.3.20]
	at javax.servlet.http.HttpServlet.service(HttpServlet.java:764) ~[tomcat-embed-core-9.0.63.jar:4.0.FR]
	at org.apache.catalina.core.ApplicationFilterChain.internalDoFilter(ApplicationFilterChain.java:227) ~[tomcat-embed-core-9.0.63.jar:9.0.63]
	at org.apache.catalina.core.ApplicationFilterChain.doFilter(ApplicationFilterChain.java:162) ~[tomcat-embed-core-9.0.63.jar:9.0.63]
	at org.apache.tomcat.websocket.server.WsFilter.doFilter(WsFilter.java:53) ~[tomcat-embed-websocket-9.0.63.jar:9.0.63]
	at org.apache.catalina.core.ApplicationFilterChain.internalDoFilter(ApplicationFilterChain.java:189) ~[tomcat-embed-core-9.0.63.jar:9.0.63]
	at org.apache.catalina.core.ApplicationFilterChain.doFilter(ApplicationFilterChain.java:162) ~[tomcat-embed-core-9.0.63.jar:9.0.63]
	at org.springframework.web.filter.CorsFilter.doFilterInternal(CorsFilter.java:91) ~[spring-web-5.3.20.jar:5.3.20]
	at org.springframework.web.filter.OncePerRequestFilter.doFilter(OncePerRequestFilter.java:117) ~[spring-web-5.3.20.jar:5.3.20]
	at org.apache.catalina.core.ApplicationFilterChain.internalDoFilter(ApplicationFilterChain.java:189) ~[tomcat-embed-core-9.0.63.jar:9.0.63]
	at org.apache.catalina.core.ApplicationFilterChain.doFilter(ApplicationFilterChain.java:162) ~[tomcat-embed-core-9.0.63.jar:9.0.63]
	at org.springframework.security.web.FilterChainProxy$VirtualFilterChain.doFilter(FilterChainProxy.java:327) ~[spring-security-web-5.7.1.jar:5.7.1]
	at org.springframework.security.web.access.intercept.FilterSecurityInterceptor.invoke(FilterSecurityInterceptor.java:115) ~[spring-security-web-5.7.1.jar:5.7.1]
	at org.springframework.security.web.access.intercept.FilterSecurityInterceptor.doFilter(FilterSecurityInterceptor.java:81) ~[spring-security-web-5.7.1.jar:5.7.1]
	at org.springframework.security.web.FilterChainProxy$VirtualFilterChain.doFilter(FilterChainProxy.java:336) ~[spring-security-web-5.7.1.jar:5.7.1]
	at org.springframework.security.web.access.ExceptionTranslationFilter.doFilter(ExceptionTranslationFilter.java:122) ~[spring-security-web-5.7.1.jar:5.7.1]
	at org.springframework.security.web.access.ExceptionTranslationFilter.doFilter(ExceptionTranslationFilter.java:116) ~[spring-security-web-5.7.1.jar:5.7.1]
	at org.springframework.security.web.FilterChainProxy$VirtualFilterChain.doFilter(FilterChainProxy.java:336) ~[spring-security-web-5.7.1.jar:5.7.1]
	at org.springframework.security.web.session.SessionManagementFilter.doFilter(SessionManagementFilter.java:126) ~[spring-security-web-5.7.1.jar:5.7.1]
	at org.springframework.security.web.session.SessionManagementFilter.doFilter(SessionManagementFilter.java:81) ~[spring-security-web-5.7.1.jar:5.7.1]
	at org.springframework.security.web.FilterChainProxy$VirtualFilterChain.doFilter(FilterChainProxy.java:336) ~[spring-security-web-5.7.1.jar:5.7.1]
	at org.springframework.security.web.authentication.AnonymousAuthenticationFilter.doFilter(AnonymousAuthenticationFilter.java:109) ~[spring-security-web-5.7.1.jar:5.7.1]
	at org.springframework.security.web.FilterChainProxy$VirtualFilterChain.doFilter(FilterChainProxy.java:336) ~[spring-security-web-5.7.1.jar:5.7.1]
	at org.springframework.security.web.servletapi.SecurityContextHolderAwareRequestFilter.doFilter(SecurityContextHolderAwareRequestFilter.java:149) ~[spring-security-web-5.7.1.jar:5.7.1]
	at org.springframework.security.web.FilterChainProxy$VirtualFilterChain.doFilter(FilterChainProxy.java:336) ~[spring-security-web-5.7.1.jar:5.7.1]
	at org.springframework.security.web.savedrequest.RequestCacheAwareFilter.doFilter(RequestCacheAwareFilter.java:63) ~[spring-security-web-5.7.1.jar:5.7.1]
	at org.springframework.security.web.FilterChainProxy$VirtualFilterChain.doFilter(FilterChainProxy.java:336) ~[spring-security-web-5.7.1.jar:5.7.1]
	at br.com.tonypool.cliente.security.JwtSecurity.doFilterInternal(JwtSecurity.java:47) ~[classes/:na]
	at org.springframework.web.filter.OncePerRequestFilter.doFilter(OncePerRequestFilter.java:117) ~[spring-web-5.3.20.jar:5.3.20]
	at org.springframework.security.web.FilterChainProxy$VirtualFilterChain.doFilter(FilterChainProxy.java:336) ~[spring-security-web-5.7.1.jar:5.7.1]
	at org.springframework.security.web.authentication.logout.LogoutFilter.doFilter(LogoutFilter.java:103) ~[spring-security-web-5.7.1.jar:5.7.1]
	at org.springframework.security.web.authentication.logout.LogoutFilter.doFilter(LogoutFilter.java:89) ~[spring-security-web-5.7.1.jar:5.7.1]
	at org.springframework.security.web.FilterChainProxy$VirtualFilterChain.doFilter(FilterChainProxy.java:336) ~[spring-security-web-5.7.1.jar:5.7.1]
	at org.springframework.security.web.header.HeaderWriterFilter.doHeadersAfter(HeaderWriterFilter.java:90) ~[spring-security-web-5.7.1.jar:5.7.1]
	at org.springframework.security.web.header.HeaderWriterFilter.doFilterInternal(HeaderWriterFilter.java:75) ~[spring-security-web-5.7.1.jar:5.7.1]
	at org.springframework.web.filter.OncePerRequestFilter.doFilter(OncePerRequestFilter.java:117) ~[spring-web-5.3.20.jar:5.3.20]
	at org.springframework.security.web.FilterChainProxy$VirtualFilterChain.doFilter(FilterChainProxy.java:336) ~[spring-security-web-5.7.1.jar:5.7.1]
	at org.springframework.security.web.context.SecurityContextPersistenceFilter.doFilter(SecurityContextPersistenceFilter.java:112) ~[spring-security-web-5.7.1.jar:5.7.1]
	at org.springframework.security.web.context.SecurityContextPersistenceFilter.doFilter(SecurityContextPersistenceFilter.java:82) ~[spring-security-web-5.7.1.jar:5.7.1]
	at org.springframework.security.web.FilterChainProxy$VirtualFilterChain.doFilter(FilterChainProxy.java:336) ~[spring-security-web-5.7.1.jar:5.7.1]
	at org.springframework.security.web.context.request.async.WebAsyncManagerIntegrationFilter.doFilterInternal(WebAsyncManagerIntegrationFilter.java:55) ~[spring-security-web-5.7.1.jar:5.7.1]
	at org.springframework.web.filter.OncePerRequestFilter.doFilter(OncePerRequestFilter.java:117) ~[spring-web-5.3.20.jar:5.3.20]
	at org.springframework.security.web.FilterChainProxy$VirtualFilterChain.doFilter(FilterChainProxy.java:336) ~[spring-security-web-5.7.1.jar:5.7.1]
	at org.springframework.security.web.session.DisableEncodeUrlFilter.doFilterInternal(DisableEncodeUrlFilter.java:42) ~[spring-security-web-5.7.1.jar:5.7.1]
	at org.springframework.web.filter.OncePerRequestFilter.doFilter(OncePerRequestFilter.java:117) ~[spring-web-5.3.20.jar:5.3.20]
	at org.springframework.security.web.FilterChainProxy$VirtualFilterChain.doFilter(FilterChainProxy.java:336) ~[spring-security-web-5.7.1.jar:5.7.1]
	at org.springframework.security.web.FilterChainProxy.doFilterInternal(FilterChainProxy.java:211) ~[spring-security-web-5.7.1.jar:5.7.1]
	at org.springframework.security.web.FilterChainProxy.doFilter(FilterChainProxy.java:183) ~[spring-security-web-5.7.1.jar:5.7.1]
	at org.springframework.web.filter.DelegatingFilterProxy.invokeDelegate(DelegatingFilterProxy.java:354) ~[spring-web-5.3.20.jar:5.3.20]
	at org.springframework.web.filter.DelegatingFilterProxy.doFilter(DelegatingFilterProxy.java:267) ~[spring-web-5.3.20.jar:5.3.20]
	at org.apache.catalina.core.ApplicationFilterChain.internalDoFilter(ApplicationFilterChain.java:189) ~[tomcat-embed-core-9.0.63.jar:9.0.63]
	at org.apache.catalina.core.ApplicationFilterChain.doFilter(ApplicationFilterChain.java:162) ~[tomcat-embed-core-9.0.63.jar:9.0.63]
	at org.springframework.web.filter.CharacterEncodingFilter.doFilterInternal(CharacterEncodingFilter.java:201) ~[spring-web-5.3.20.jar:5.3.20]
	at org.springframework.web.filter.OncePerRequestFilter.doFilter(OncePerRequestFilter.java:117) ~[spring-web-5.3.20.jar:5.3.20]
	at org.apache.catalina.core.ApplicationFilterChain.internalDoFilter(ApplicationFilterChain.java:189) ~[tomcat-embed-core-9.0.63.jar:9.0.63]
	at org.apache.catalina.core.ApplicationFilterChain.doFilter(ApplicationFilterChain.java:162) ~[tomcat-embed-core-9.0.63.jar:9.0.63]
	at org.apache.catalina.core.StandardWrapperValve.invoke(StandardWrapperValve.java:197) ~[tomcat-embed-core-9.0.63.jar:9.0.63]
	at org.apache.catalina.core.StandardContextValve.invoke(StandardContextValve.java:97) ~[tomcat-embed-core-9.0.63.jar:9.0.63]
	at org.apache.catalina.authenticator.AuthenticatorBase.invoke(AuthenticatorBase.java:541) ~[tomcat-embed-core-9.0.63.jar:9.0.63]
	at org.apache.catalina.core.StandardHostValve.invoke(StandardHostValve.java:135) ~[tomcat-embed-core-9.0.63.jar:9.0.63]
	at org.apache.catalina.valves.ErrorReportValve.invoke(ErrorReportValve.java:92) ~[tomcat-embed-core-9.0.63.jar:9.0.63]
	at org.apache.catalina.core.StandardEngineValve.invoke(StandardEngineValve.java:78) ~[tomcat-embed-core-9.0.63.jar:9.0.63]
	at org.apache.catalina.connector.CoyoteAdapter.service(CoyoteAdapter.java:360) ~[tomcat-embed-core-9.0.63.jar:9.0.63]
	at org.apache.coyote.http11.Http11Processor.service(Http11Processor.java:399) ~[tomcat-embed-core-9.0.63.jar:9.0.63]
	at org.apache.coyote.AbstractProcessorLight.process(AbstractProcessorLight.java:65) ~[tomcat-embed-core-9.0.63.jar:9.0.63]
	at org.apache.coyote.AbstractProtocol$ConnectionHandler.process(AbstractProtocol.java:890) ~[tomcat-embed-core-9.0.63.jar:9.0.63]
	at org.apache.tomcat.util.net.NioEndpoint$SocketProcessor.doRun(NioEndpoint.java:1743) ~[tomcat-embed-core-9.0.63.jar:9.0.63]
	at org.apache.tomcat.util.net.SocketProcessorBase.run(SocketProcessorBase.java:49) ~[tomcat-embed-core-9.0.63.jar:9.0.63]
	at org.apache.tomcat.util.threads.ThreadPoolExecutor.runWorker(ThreadPoolExecutor.java:1191) ~[tomcat-embed-core-9.0.63.jar:9.0.63]
	at org.apache.tomcat.util.threads.ThreadPoolExecutor$Worker.run(ThreadPoolExecutor.java:659) ~[tomcat-embed-core-9.0.63.jar:9.0.63]
	at org.apache.tomcat.util.threads.TaskThread$WrappingRunnable.run(TaskThread.java:61) ~[tomcat-embed-core-9.0.63.jar:9.0.63]
	at java.base/java.lang.Thread.run(Thread.java:842) ~[na:na]
Caused by: java.net.UnknownHostException: atendimento-service
	at java.base/sun.nio.ch.NioSocketImpl.connect(NioSocketImpl.java:572) ~[na:na]
	at java.base/java.net.Socket.connect(Socket.java:633) ~[na:na]
	at java.base/sun.net.NetworkClient.doConnect(NetworkClient.java:178) ~[na:na]
	at java.base/sun.net.www.http.HttpClient.openServer(HttpClient.java:534) ~[na:na]
	at java.base/sun.net.www.http.HttpClient.openServer(HttpClient.java:639) ~[na:na]
	at java.base/sun.net.www.http.HttpClient.<init>(HttpClient.java:282) ~[na:na]
	at java.base/sun.net.www.http.HttpClient.New(HttpClient.java:387) ~[na:na]
	at java.base/sun.net.www.http.HttpClient.New(HttpClient.java:409) ~[na:na]
	at java.base/sun.net.www.protocol.http.HttpURLConnection.getNewHttpClient(HttpURLConnection.java:1308) ~[na:na]
	at java.base/sun.net.www.protocol.http.HttpURLConnection.plainConnect0(HttpURLConnection.java:1241) ~[na:na]
	at java.base/sun.net.www.protocol.http.HttpURLConnection.plainConnect(HttpURLConnection.java:1127) ~[na:na]
	at java.base/sun.net.www.protocol.http.HttpURLConnection.connect(HttpURLConnection.java:1056) ~[na:na]
	at java.base/sun.net.www.protocol.http.HttpURLConnection.getOutputStream0(HttpURLConnection.java:1450) ~[na:na]
	at java.base/sun.net.www.protocol.http.HttpURLConnection.getOutputStream(HttpURLConnection.java:1421) ~[na:na]
	at feign.Client$Default.convertAndSend(Client.java:208) ~[feign-core-11.10.jar:na]
	at feign.Client$Default.execute(Client.java:105) ~[feign-core-11.10.jar:na]
	at feign.SynchronousMethodHandler.executeAndDecode(SynchronousMethodHandler.java:121) ~[feign-core-11.10.jar:na]
	... 101 common frames omitted

2025-10-23 14:30:55.023 ERROR 16564 --- [http-nio-8081-exec-8] b.c.t.c.controller.ClienteController     : Erro geral ao listar clientes com atendimentos: atendimento-service executing POST http://atendimento-service:8083/api/atendimentos/por-cliente

feign.RetryableException: atendimento-service executing POST http://atendimento-service:8083/api/atendimentos/por-cliente
	at feign.FeignException.errorExecuting(FeignException.java:268) ~[feign-core-11.10.jar:na]
	at feign.SynchronousMethodHandler.executeAndDecode(SynchronousMethodHandler.java:131) ~[feign-core-11.10.jar:na]
	at feign.SynchronousMethodHandler.invoke(SynchronousMethodHandler.java:91) ~[feign-core-11.10.jar:na]
	at feign.ReflectiveFeign$FeignInvocationHandler.invoke(ReflectiveFeign.java:100) ~[feign-core-11.10.jar:na]
	at jdk.proxy8/jdk.proxy8.$Proxy182.buscarAtendimentosPorClientes(Unknown Source) ~[na:na]
	at br.com.tonypool.cliente.controller.ClienteController.listarClientesComAtendimentos(ClienteController.java:174) ~[classes/:na]
	at br.com.tonypool.cliente.controller.ClienteController$$FastClassBySpringCGLIB$$a4172ab9.invoke(<generated>) ~[classes/:na]
	at org.springframework.cglib.proxy.MethodProxy.invoke(MethodProxy.java:218) ~[spring-core-5.3.20.jar:5.3.20]
	at org.springframework.aop.framework.CglibAopProxy$CglibMethodInvocation.invokeJoinpoint(CglibAopProxy.java:793) ~[spring-aop-5.3.20.jar:5.3.20]
	at org.springframework.aop.framework.ReflectiveMethodInvocation.proceed(ReflectiveMethodInvocation.java:163) ~[spring-aop-5.3.20.jar:5.3.20]
	at org.springframework.aop.framework.CglibAopProxy$CglibMethodInvocation.proceed(CglibAopProxy.java:763) ~[spring-aop-5.3.20.jar:5.3.20]
	at org.springframework.security.access.intercept.aopalliance.MethodSecurityInterceptor.invoke(MethodSecurityInterceptor.java:61) ~[spring-security-core-5.7.1.jar:5.7.1]
	at org.springframework.aop.framework.ReflectiveMethodInvocation.proceed(ReflectiveMethodInvocation.java:186) ~[spring-aop-5.3.20.jar:5.3.20]
	at org.springframework.aop.framework.CglibAopProxy$CglibMethodInvocation.proceed(CglibAopProxy.java:763) ~[spring-aop-5.3.20.jar:5.3.20]
	at org.springframework.aop.framework.CglibAopProxy$DynamicAdvisedInterceptor.intercept(CglibAopProxy.java:708) ~[spring-aop-5.3.20.jar:5.3.20]
	at br.com.tonypool.cliente.controller.ClienteController$$EnhancerBySpringCGLIB$$8e616672.listarClientesComAtendimentos(<generated>) ~[classes/:na]
	at java.base/jdk.internal.reflect.NativeMethodAccessorImpl.invoke0(Native Method) ~[na:na]
	at java.base/jdk.internal.reflect.NativeMethodAccessorImpl.invoke(NativeMethodAccessorImpl.java:77) ~[na:na]
	at java.base/jdk.internal.reflect.DelegatingMethodAccessorImpl.invoke(DelegatingMethodAccessorImpl.java:43) ~[na:na]
	at java.base/java.lang.reflect.Method.invoke(Method.java:568) ~[na:na]
	at org.springframework.web.method.support.InvocableHandlerMethod.doInvoke(InvocableHandlerMethod.java:205) ~[spring-web-5.3.20.jar:5.3.20]
	at org.springframework.web.method.support.InvocableHandlerMethod.invokeForRequest(InvocableHandlerMethod.java:150) ~[spring-web-5.3.20.jar:5.3.20]
	at org.springframework.web.servlet.mvc.method.annotation.ServletInvocableHandlerMethod.invokeAndHandle(ServletInvocableHandlerMethod.java:117) ~[spring-webmvc-5.3.20.jar:5.3.20]
	at org.springframework.web.servlet.mvc.method.annotation.RequestMappingHandlerAdapter.invokeHandlerMethod(RequestMappingHandlerAdapter.java:895) ~[spring-webmvc-5.3.20.jar:5.3.20]
	at org.springframework.web.servlet.mvc.method.annotation.RequestMappingHandlerAdapter.handleInternal(RequestMappingHandlerAdapter.java:808) ~[spring-webmvc-5.3.20.jar:5.3.20]
	at org.springframework.web.servlet.mvc.method.AbstractHandlerMethodAdapter.handle(AbstractHandlerMethodAdapter.java:87) ~[spring-webmvc-5.3.20.jar:5.3.20]
	at org.springframework.web.servlet.DispatcherServlet.doDispatch(DispatcherServlet.java:1067) ~[spring-webmvc-5.3.20.jar:5.3.20]
	at org.springframework.web.servlet.DispatcherServlet.doService(DispatcherServlet.java:963) ~[spring-webmvc-5.3.20.jar:5.3.20]
	at org.springframework.web.servlet.FrameworkServlet.processRequest(FrameworkServlet.java:1006) ~[spring-webmvc-5.3.20.jar:5.3.20]
	at org.springframework.web.servlet.FrameworkServlet.doGet(FrameworkServlet.java:898) ~[spring-webmvc-5.3.20.jar:5.3.20]
	at javax.servlet.http.HttpServlet.service(HttpServlet.java:655) ~[tomcat-embed-core-9.0.63.jar:4.0.FR]
	at org.springframework.web.servlet.FrameworkServlet.service(FrameworkServlet.java:883) ~[spring-webmvc-5.3.20.jar:5.3.20]
	at javax.servlet.http.HttpServlet.service(HttpServlet.java:764) ~[tomcat-embed-core-9.0.63.jar:4.0.FR]
	at org.apache.catalina.core.ApplicationFilterChain.internalDoFilter(ApplicationFilterChain.java:227) ~[tomcat-embed-core-9.0.63.jar:9.0.63]
	at org.apache.catalina.core.ApplicationFilterChain.doFilter(ApplicationFilterChain.java:162) ~[tomcat-embed-core-9.0.63.jar:9.0.63]
	at org.apache.tomcat.websocket.server.WsFilter.doFilter(WsFilter.java:53) ~[tomcat-embed-websocket-9.0.63.jar:9.0.63]
	at org.apache.catalina.core.ApplicationFilterChain.internalDoFilter(ApplicationFilterChain.java:189) ~[tomcat-embed-core-9.0.63.jar:9.0.63]
	at org.apache.catalina.core.ApplicationFilterChain.doFilter(ApplicationFilterChain.java:162) ~[tomcat-embed-core-9.0.63.jar:9.0.63]
	at org.springframework.web.filter.CorsFilter.doFilterInternal(CorsFilter.java:91) ~[spring-web-5.3.20.jar:5.3.20]
	at org.springframework.web.filter.OncePerRequestFilter.doFilter(OncePerRequestFilter.java:117) ~[spring-web-5.3.20.jar:5.3.20]
	at org.apache.catalina.core.ApplicationFilterChain.internalDoFilter(ApplicationFilterChain.java:189) ~[tomcat-embed-core-9.0.63.jar:9.0.63]
	at org.apache.catalina.core.ApplicationFilterChain.doFilter(ApplicationFilterChain.java:162) ~[tomcat-embed-core-9.0.63.jar:9.0.63]
	at org.springframework.security.web.FilterChainProxy$VirtualFilterChain.doFilter(FilterChainProxy.java:327) ~[spring-security-web-5.7.1.jar:5.7.1]
	at org.springframework.security.web.access.intercept.FilterSecurityInterceptor.invoke(FilterSecurityInterceptor.java:115) ~[spring-security-web-5.7.1.jar:5.7.1]
	at org.springframework.security.web.access.intercept.FilterSecurityInterceptor.doFilter(FilterSecurityInterceptor.java:81) ~[spring-security-web-5.7.1.jar:5.7.1]
	at org.springframework.security.web.FilterChainProxy$VirtualFilterChain.doFilter(FilterChainProxy.java:336) ~[spring-security-web-5.7.1.jar:5.7.1]
	at org.springframework.security.web.access.ExceptionTranslationFilter.doFilter(ExceptionTranslationFilter.java:122) ~[spring-security-web-5.7.1.jar:5.7.1]
	at org.springframework.security.web.access.ExceptionTranslationFilter.doFilter(ExceptionTranslationFilter.java:116) ~[spring-security-web-5.7.1.jar:5.7.1]
	at org.springframework.security.web.FilterChainProxy$VirtualFilterChain.doFilter(FilterChainProxy.java:336) ~[spring-security-web-5.7.1.jar:5.7.1]
	at org.springframework.security.web.session.SessionManagementFilter.doFilter(SessionManagementFilter.java:126) ~[spring-security-web-5.7.1.jar:5.7.1]
	at org.springframework.security.web.session.SessionManagementFilter.doFilter(SessionManagementFilter.java:81) ~[spring-security-web-5.7.1.jar:5.7.1]
	at org.springframework.security.web.FilterChainProxy$VirtualFilterChain.doFilter(FilterChainProxy.java:336) ~[spring-security-web-5.7.1.jar:5.7.1]
	at org.springframework.security.web.authentication.AnonymousAuthenticationFilter.doFilter(AnonymousAuthenticationFilter.java:109) ~[spring-security-web-5.7.1.jar:5.7.1]
	at org.springframework.security.web.FilterChainProxy$VirtualFilterChain.doFilter(FilterChainProxy.java:336) ~[spring-security-web-5.7.1.jar:5.7.1]
	at org.springframework.security.web.servletapi.SecurityContextHolderAwareRequestFilter.doFilter(SecurityContextHolderAwareRequestFilter.java:149) ~[spring-security-web-5.7.1.jar:5.7.1]
	at org.springframework.security.web.FilterChainProxy$VirtualFilterChain.doFilter(FilterChainProxy.java:336) ~[spring-security-web-5.7.1.jar:5.7.1]
	at org.springframework.security.web.savedrequest.RequestCacheAwareFilter.doFilter(RequestCacheAwareFilter.java:63) ~[spring-security-web-5.7.1.jar:5.7.1]
	at org.springframework.security.web.FilterChainProxy$VirtualFilterChain.doFilter(FilterChainProxy.java:336) ~[spring-security-web-5.7.1.jar:5.7.1]
	at br.com.tonypool.cliente.security.JwtSecurity.doFilterInternal(JwtSecurity.java:47) ~[classes/:na]
	at org.springframework.web.filter.OncePerRequestFilter.doFilter(OncePerRequestFilter.java:117) ~[spring-web-5.3.20.jar:5.3.20]
	at org.springframework.security.web.FilterChainProxy$VirtualFilterChain.doFilter(FilterChainProxy.java:336) ~[spring-security-web-5.7.1.jar:5.7.1]
	at org.springframework.security.web.authentication.logout.LogoutFilter.doFilter(LogoutFilter.java:103) ~[spring-security-web-5.7.1.jar:5.7.1]
	at org.springframework.security.web.authentication.logout.LogoutFilter.doFilter(LogoutFilter.java:89) ~[spring-security-web-5.7.1.jar:5.7.1]
	at org.springframework.security.web.FilterChainProxy$VirtualFilterChain.doFilter(FilterChainProxy.java:336) ~[spring-security-web-5.7.1.jar:5.7.1]
	at org.springframework.security.web.header.HeaderWriterFilter.doHeadersAfter(HeaderWriterFilter.java:90) ~[spring-security-web-5.7.1.jar:5.7.1]
	at org.springframework.security.web.header.HeaderWriterFilter.doFilterInternal(HeaderWriterFilter.java:75) ~[spring-security-web-5.7.1.jar:5.7.1]
	at org.springframework.web.filter.OncePerRequestFilter.doFilter(OncePerRequestFilter.java:117) ~[spring-web-5.3.20.jar:5.3.20]
	at org.springframework.security.web.FilterChainProxy$VirtualFilterChain.doFilter(FilterChainProxy.java:336) ~[spring-security-web-5.7.1.jar:5.7.1]
	at org.springframework.security.web.context.SecurityContextPersistenceFilter.doFilter(SecurityContextPersistenceFilter.java:112) ~[spring-security-web-5.7.1.jar:5.7.1]
	at org.springframework.security.web.context.SecurityContextPersistenceFilter.doFilter(SecurityContextPersistenceFilter.java:82) ~[spring-security-web-5.7.1.jar:5.7.1]
	at org.springframework.security.web.FilterChainProxy$VirtualFilterChain.doFilter(FilterChainProxy.java:336) ~[spring-security-web-5.7.1.jar:5.7.1]
	at org.springframework.security.web.context.request.async.WebAsyncManagerIntegrationFilter.doFilterInternal(WebAsyncManagerIntegrationFilter.java:55) ~[spring-security-web-5.7.1.jar:5.7.1]
	at org.springframework.web.filter.OncePerRequestFilter.doFilter(OncePerRequestFilter.java:117) ~[spring-web-5.3.20.jar:5.3.20]
	at org.springframework.security.web.FilterChainProxy$VirtualFilterChain.doFilter(FilterChainProxy.java:336) ~[spring-security-web-5.7.1.jar:5.7.1]
	at org.springframework.security.web.session.DisableEncodeUrlFilter.doFilterInternal(DisableEncodeUrlFilter.java:42) ~[spring-security-web-5.7.1.jar:5.7.1]
	at org.springframework.web.filter.OncePerRequestFilter.doFilter(OncePerRequestFilter.java:117) ~[spring-web-5.3.20.jar:5.3.20]
	at org.springframework.security.web.FilterChainProxy$VirtualFilterChain.doFilter(FilterChainProxy.java:336) ~[spring-security-web-5.7.1.jar:5.7.1]
	at org.springframework.security.web.FilterChainProxy.doFilterInternal(FilterChainProxy.java:211) ~[spring-security-web-5.7.1.jar:5.7.1]
	at org.springframework.security.web.FilterChainProxy.doFilter(FilterChainProxy.java:183) ~[spring-security-web-5.7.1.jar:5.7.1]
	at org.springframework.web.filter.DelegatingFilterProxy.invokeDelegate(DelegatingFilterProxy.java:354) ~[spring-web-5.3.20.jar:5.3.20]
	at org.springframework.web.filter.DelegatingFilterProxy.doFilter(DelegatingFilterProxy.java:267) ~[spring-web-5.3.20.jar:5.3.20]
	at org.apache.catalina.core.ApplicationFilterChain.internalDoFilter(ApplicationFilterChain.java:189) ~[tomcat-embed-core-9.0.63.jar:9.0.63]
	at org.apache.catalina.core.ApplicationFilterChain.doFilter(ApplicationFilterChain.java:162) ~[tomcat-embed-core-9.0.63.jar:9.0.63]
	at org.springframework.web.filter.CharacterEncodingFilter.doFilterInternal(CharacterEncodingFilter.java:201) ~[spring-web-5.3.20.jar:5.3.20]
	at org.springframework.web.filter.OncePerRequestFilter.doFilter(OncePerRequestFilter.java:117) ~[spring-web-5.3.20.jar:5.3.20]
	at org.apache.catalina.core.ApplicationFilterChain.internalDoFilter(ApplicationFilterChain.java:189) ~[tomcat-embed-core-9.0.63.jar:9.0.63]
	at org.apache.catalina.core.ApplicationFilterChain.doFilter(ApplicationFilterChain.java:162) ~[tomcat-embed-core-9.0.63.jar:9.0.63]
	at org.apache.catalina.core.StandardWrapperValve.invoke(StandardWrapperValve.java:197) ~[tomcat-embed-core-9.0.63.jar:9.0.63]
	at org.apache.catalina.core.StandardContextValve.invoke(StandardContextValve.java:97) ~[tomcat-embed-core-9.0.63.jar:9.0.63]
	at org.apache.catalina.authenticator.AuthenticatorBase.invoke(AuthenticatorBase.java:541) ~[tomcat-embed-core-9.0.63.jar:9.0.63]
	at org.apache.catalina.core.StandardHostValve.invoke(StandardHostValve.java:135) ~[tomcat-embed-core-9.0.63.jar:9.0.63]
	at org.apache.catalina.valves.ErrorReportValve.invoke(ErrorReportValve.java:92) ~[tomcat-embed-core-9.0.63.jar:9.0.63]
	at org.apache.catalina.core.StandardEngineValve.invoke(StandardEngineValve.java:78) ~[tomcat-embed-core-9.0.63.jar:9.0.63]
	at org.apache.catalina.connector.CoyoteAdapter.service(CoyoteAdapter.java:360) ~[tomcat-embed-core-9.0.63.jar:9.0.63]
	at org.apache.coyote.http11.Http11Processor.service(Http11Processor.java:399) ~[tomcat-embed-core-9.0.63.jar:9.0.63]
	at org.apache.coyote.AbstractProcessorLight.process(AbstractProcessorLight.java:65) ~[tomcat-embed-core-9.0.63.jar:9.0.63]
	at org.apache.coyote.AbstractProtocol$ConnectionHandler.process(AbstractProtocol.java:890) ~[tomcat-embed-core-9.0.63.jar:9.0.63]
	at org.apache.tomcat.util.net.NioEndpoint$SocketProcessor.doRun(NioEndpoint.java:1743) ~[tomcat-embed-core-9.0.63.jar:9.0.63]
	at org.apache.tomcat.util.net.SocketProcessorBase.run(SocketProcessorBase.java:49) ~[tomcat-embed-core-9.0.63.jar:9.0.63]
	at org.apache.tomcat.util.threads.ThreadPoolExecutor.runWorker(ThreadPoolExecutor.java:1191) ~[tomcat-embed-core-9.0.63.jar:9.0.63]
	at org.apache.tomcat.util.threads.ThreadPoolExecutor$Worker.run(ThreadPoolExecutor.java:659) ~[tomcat-embed-core-9.0.63.jar:9.0.63]
	at org.apache.tomcat.util.threads.TaskThread$WrappingRunnable.run(TaskThread.java:61) ~[tomcat-embed-core-9.0.63.jar:9.0.63]
	at java.base/java.lang.Thread.run(Thread.java:842) ~[na:na]
Caused by: java.net.UnknownHostException: atendimento-service
	at java.base/sun.nio.ch.NioSocketImpl.connect(NioSocketImpl.java:572) ~[na:na]
	at java.base/java.net.Socket.connect(Socket.java:633) ~[na:na]
	at java.base/sun.net.NetworkClient.doConnect(NetworkClient.java:178) ~[na:na]
	at java.base/sun.net.www.http.HttpClient.openServer(HttpClient.java:534) ~[na:na]
	at java.base/sun.net.www.http.HttpClient.openServer(HttpClient.java:639) ~[na:na]
	at java.base/sun.net.www.http.HttpClient.<init>(HttpClient.java:282) ~[na:na]
	at java.base/sun.net.www.http.HttpClient.New(HttpClient.java:387) ~[na:na]
	at java.base/sun.net.www.http.HttpClient.New(HttpClient.java:409) ~[na:na]
	at java.base/sun.net.www.protocol.http.HttpURLConnection.getNewHttpClient(HttpURLConnection.java:1308) ~[na:na]
	at java.base/sun.net.www.protocol.http.HttpURLConnection.plainConnect0(HttpURLConnection.java:1241) ~[na:na]
	at java.base/sun.net.www.protocol.http.HttpURLConnection.plainConnect(HttpURLConnection.java:1127) ~[na:na]
	at java.base/sun.net.www.protocol.http.HttpURLConnection.connect(HttpURLConnection.java:1056) ~[na:na]
	at java.base/sun.net.www.protocol.http.HttpURLConnection.getOutputStream0(HttpURLConnection.java:1450) ~[na:na]
	at java.base/sun.net.www.protocol.http.HttpURLConnection.getOutputStream(HttpURLConnection.java:1421) ~[na:na]
	at feign.Client$Default.convertAndSend(Client.java:208) ~[feign-core-11.10.jar:na]
	at feign.Client$Default.execute(Client.java:105) ~[feign-core-11.10.jar:na]
	at feign.SynchronousMethodHandler.executeAndDecode(SynchronousMethodHandler.java:121) ~[feign-core-11.10.jar:na]
	... 101 common frames omitted

2025-10-23 14:31:14.077 ERROR 16564 --- [http-nio-8081-exec-10] b.c.t.c.controller.ClienteController     : Erro geral ao listar clientes com atendimentos: atendimento-service executing POST http://atendimento-service:8083/api/atendimentos/por-cliente

feign.RetryableException: atendimento-service executing POST http://atendimento-service:8083/api/atendimentos/por-cliente
	at feign.FeignException.errorExecuting(FeignException.java:268) ~[feign-core-11.10.jar:na]
	at feign.SynchronousMethodHandler.executeAndDecode(SynchronousMethodHandler.java:131) ~[feign-core-11.10.jar:na]
	at feign.SynchronousMethodHandler.invoke(SynchronousMethodHandler.java:91) ~[feign-core-11.10.jar:na]
	at feign.ReflectiveFeign$FeignInvocationHandler.invoke(ReflectiveFeign.java:100) ~[feign-core-11.10.jar:na]
	at jdk.proxy8/jdk.proxy8.$Proxy182.buscarAtendimentosPorClientes(Unknown Source) ~[na:na]
	at br.com.tonypool.cliente.controller.ClienteController.listarClientesComAtendimentos(ClienteController.java:174) ~[classes/:na]
	at br.com.tonypool.cliente.controller.ClienteController$$FastClassBySpringCGLIB$$a4172ab9.invoke(<generated>) ~[classes/:na]
	at org.springframework.cglib.proxy.MethodProxy.invoke(MethodProxy.java:218) ~[spring-core-5.3.20.jar:5.3.20]
	at org.springframework.aop.framework.CglibAopProxy$CglibMethodInvocation.invokeJoinpoint(CglibAopProxy.java:793) ~[spring-aop-5.3.20.jar:5.3.20]
	at org.springframework.aop.framework.ReflectiveMethodInvocation.proceed(ReflectiveMethodInvocation.java:163) ~[spring-aop-5.3.20.jar:5.3.20]
	at org.springframework.aop.framework.CglibAopProxy$CglibMethodInvocation.proceed(CglibAopProxy.java:763) ~[spring-aop-5.3.20.jar:5.3.20]
	at org.springframework.security.access.intercept.aopalliance.MethodSecurityInterceptor.invoke(MethodSecurityInterceptor.java:61) ~[spring-security-core-5.7.1.jar:5.7.1]
	at org.springframework.aop.framework.ReflectiveMethodInvocation.proceed(ReflectiveMethodInvocation.java:186) ~[spring-aop-5.3.20.jar:5.3.20]
	at org.springframework.aop.framework.CglibAopProxy$CglibMethodInvocation.proceed(CglibAopProxy.java:763) ~[spring-aop-5.3.20.jar:5.3.20]
	at org.springframework.aop.framework.CglibAopProxy$DynamicAdvisedInterceptor.intercept(CglibAopProxy.java:708) ~[spring-aop-5.3.20.jar:5.3.20]
	at br.com.tonypool.cliente.controller.ClienteController$$EnhancerBySpringCGLIB$$8e616672.listarClientesComAtendimentos(<generated>) ~[classes/:na]
	at java.base/jdk.internal.reflect.NativeMethodAccessorImpl.invoke0(Native Method) ~[na:na]
	at java.base/jdk.internal.reflect.NativeMethodAccessorImpl.invoke(NativeMethodAccessorImpl.java:77) ~[na:na]
	at java.base/jdk.internal.reflect.DelegatingMethodAccessorImpl.invoke(DelegatingMethodAccessorImpl.java:43) ~[na:na]
	at java.base/java.lang.reflect.Method.invoke(Method.java:568) ~[na:na]
	at org.springframework.web.method.support.InvocableHandlerMethod.doInvoke(InvocableHandlerMethod.java:205) ~[spring-web-5.3.20.jar:5.3.20]
	at org.springframework.web.method.support.InvocableHandlerMethod.invokeForRequest(InvocableHandlerMethod.java:150) ~[spring-web-5.3.20.jar:5.3.20]
	at org.springframework.web.servlet.mvc.method.annotation.ServletInvocableHandlerMethod.invokeAndHandle(ServletInvocableHandlerMethod.java:117) ~[spring-webmvc-5.3.20.jar:5.3.20]
	at org.springframework.web.servlet.mvc.method.annotation.RequestMappingHandlerAdapter.invokeHandlerMethod(RequestMappingHandlerAdapter.java:895) ~[spring-webmvc-5.3.20.jar:5.3.20]
	at org.springframework.web.servlet.mvc.method.annotation.RequestMappingHandlerAdapter.handleInternal(RequestMappingHandlerAdapter.java:808) ~[spring-webmvc-5.3.20.jar:5.3.20]
	at org.springframework.web.servlet.mvc.method.AbstractHandlerMethodAdapter.handle(AbstractHandlerMethodAdapter.java:87) ~[spring-webmvc-5.3.20.jar:5.3.20]
	at org.springframework.web.servlet.DispatcherServlet.doDispatch(DispatcherServlet.java:1067) ~[spring-webmvc-5.3.20.jar:5.3.20]
	at org.springframework.web.servlet.DispatcherServlet.doService(DispatcherServlet.java:963) ~[spring-webmvc-5.3.20.jar:5.3.20]
	at org.springframework.web.servlet.FrameworkServlet.processRequest(FrameworkServlet.java:1006) ~[spring-webmvc-5.3.20.jar:5.3.20]
	at org.springframework.web.servlet.FrameworkServlet.doGet(FrameworkServlet.java:898) ~[spring-webmvc-5.3.20.jar:5.3.20]
	at javax.servlet.http.HttpServlet.service(HttpServlet.java:655) ~[tomcat-embed-core-9.0.63.jar:4.0.FR]
	at org.springframework.web.servlet.FrameworkServlet.service(FrameworkServlet.java:883) ~[spring-webmvc-5.3.20.jar:5.3.20]
	at javax.servlet.http.HttpServlet.service(HttpServlet.java:764) ~[tomcat-embed-core-9.0.63.jar:4.0.FR]
	at org.apache.catalina.core.ApplicationFilterChain.internalDoFilter(ApplicationFilterChain.java:227) ~[tomcat-embed-core-9.0.63.jar:9.0.63]
	at org.apache.catalina.core.ApplicationFilterChain.doFilter(ApplicationFilterChain.java:162) ~[tomcat-embed-core-9.0.63.jar:9.0.63]
	at org.apache.tomcat.websocket.server.WsFilter.doFilter(WsFilter.java:53) ~[tomcat-embed-websocket-9.0.63.jar:9.0.63]
	at org.apache.catalina.core.ApplicationFilterChain.internalDoFilter(ApplicationFilterChain.java:189) ~[tomcat-embed-core-9.0.63.jar:9.0.63]
	at org.apache.catalina.core.ApplicationFilterChain.doFilter(ApplicationFilterChain.java:162) ~[tomcat-embed-core-9.0.63.jar:9.0.63]
	at org.springframework.web.filter.CorsFilter.doFilterInternal(CorsFilter.java:91) ~[spring-web-5.3.20.jar:5.3.20]
	at org.springframework.web.filter.OncePerRequestFilter.doFilter(OncePerRequestFilter.java:117) ~[spring-web-5.3.20.jar:5.3.20]
	at org.apache.catalina.core.ApplicationFilterChain.internalDoFilter(ApplicationFilterChain.java:189) ~[tomcat-embed-core-9.0.63.jar:9.0.63]
	at org.apache.catalina.core.ApplicationFilterChain.doFilter(ApplicationFilterChain.java:162) ~[tomcat-embed-core-9.0.63.jar:9.0.63]
	at org.springframework.security.web.FilterChainProxy$VirtualFilterChain.doFilter(FilterChainProxy.java:327) ~[spring-security-web-5.7.1.jar:5.7.1]
	at org.springframework.security.web.access.intercept.FilterSecurityInterceptor.invoke(FilterSecurityInterceptor.java:115) ~[spring-security-web-5.7.1.jar:5.7.1]
	at org.springframework.security.web.access.intercept.FilterSecurityInterceptor.doFilter(FilterSecurityInterceptor.java:81) ~[spring-security-web-5.7.1.jar:5.7.1]
	at org.springframework.security.web.FilterChainProxy$VirtualFilterChain.doFilter(FilterChainProxy.java:336) ~[spring-security-web-5.7.1.jar:5.7.1]
	at org.springframework.security.web.access.ExceptionTranslationFilter.doFilter(ExceptionTranslationFilter.java:122) ~[spring-security-web-5.7.1.jar:5.7.1]
	at org.springframework.security.web.access.ExceptionTranslationFilter.doFilter(ExceptionTranslationFilter.java:116) ~[spring-security-web-5.7.1.jar:5.7.1]
	at org.springframework.security.web.FilterChainProxy$VirtualFilterChain.doFilter(FilterChainProxy.java:336) ~[spring-security-web-5.7.1.jar:5.7.1]
	at org.springframework.security.web.session.SessionManagementFilter.doFilter(SessionManagementFilter.java:126) ~[spring-security-web-5.7.1.jar:5.7.1]
	at org.springframework.security.web.session.SessionManagementFilter.doFilter(SessionManagementFilter.java:81) ~[spring-security-web-5.7.1.jar:5.7.1]
	at org.springframework.security.web.FilterChainProxy$VirtualFilterChain.doFilter(FilterChainProxy.java:336) ~[spring-security-web-5.7.1.jar:5.7.1]
	at org.springframework.security.web.authentication.AnonymousAuthenticationFilter.doFilter(AnonymousAuthenticationFilter.java:109) ~[spring-security-web-5.7.1.jar:5.7.1]
	at org.springframework.security.web.FilterChainProxy$VirtualFilterChain.doFilter(FilterChainProxy.java:336) ~[spring-security-web-5.7.1.jar:5.7.1]
	at org.springframework.security.web.servletapi.SecurityContextHolderAwareRequestFilter.doFilter(SecurityContextHolderAwareRequestFilter.java:149) ~[spring-security-web-5.7.1.jar:5.7.1]
	at org.springframework.security.web.FilterChainProxy$VirtualFilterChain.doFilter(FilterChainProxy.java:336) ~[spring-security-web-5.7.1.jar:5.7.1]
	at org.springframework.security.web.savedrequest.RequestCacheAwareFilter.doFilter(RequestCacheAwareFilter.java:63) ~[spring-security-web-5.7.1.jar:5.7.1]
	at org.springframework.security.web.FilterChainProxy$VirtualFilterChain.doFilter(FilterChainProxy.java:336) ~[spring-security-web-5.7.1.jar:5.7.1]
	at br.com.tonypool.cliente.security.JwtSecurity.doFilterInternal(JwtSecurity.java:47) ~[classes/:na]
	at org.springframework.web.filter.OncePerRequestFilter.doFilter(OncePerRequestFilter.java:117) ~[spring-web-5.3.20.jar:5.3.20]
	at org.springframework.security.web.FilterChainProxy$VirtualFilterChain.doFilter(FilterChainProxy.java:336) ~[spring-security-web-5.7.1.jar:5.7.1]
	at org.springframework.security.web.authentication.logout.LogoutFilter.doFilter(LogoutFilter.java:103) ~[spring-security-web-5.7.1.jar:5.7.1]
	at org.springframework.security.web.authentication.logout.LogoutFilter.doFilter(LogoutFilter.java:89) ~[spring-security-web-5.7.1.jar:5.7.1]
	at org.springframework.security.web.FilterChainProxy$VirtualFilterChain.doFilter(FilterChainProxy.java:336) ~[spring-security-web-5.7.1.jar:5.7.1]
	at org.springframework.security.web.header.HeaderWriterFilter.doHeadersAfter(HeaderWriterFilter.java:90) ~[spring-security-web-5.7.1.jar:5.7.1]
	at org.springframework.security.web.header.HeaderWriterFilter.doFilterInternal(HeaderWriterFilter.java:75) ~[spring-security-web-5.7.1.jar:5.7.1]
	at org.springframework.web.filter.OncePerRequestFilter.doFilter(OncePerRequestFilter.java:117) ~[spring-web-5.3.20.jar:5.3.20]
	at org.springframework.security.web.FilterChainProxy$VirtualFilterChain.doFilter(FilterChainProxy.java:336) ~[spring-security-web-5.7.1.jar:5.7.1]
	at org.springframework.security.web.context.SecurityContextPersistenceFilter.doFilter(SecurityContextPersistenceFilter.java:112) ~[spring-security-web-5.7.1.jar:5.7.1]
	at org.springframework.security.web.context.SecurityContextPersistenceFilter.doFilter(SecurityContextPersistenceFilter.java:82) ~[spring-security-web-5.7.1.jar:5.7.1]
	at org.springframework.security.web.FilterChainProxy$VirtualFilterChain.doFilter(FilterChainProxy.java:336) ~[spring-security-web-5.7.1.jar:5.7.1]
	at org.springframework.security.web.context.request.async.WebAsyncManagerIntegrationFilter.doFilterInternal(WebAsyncManagerIntegrationFilter.java:55) ~[spring-security-web-5.7.1.jar:5.7.1]
	at org.springframework.web.filter.OncePerRequestFilter.doFilter(OncePerRequestFilter.java:117) ~[spring-web-5.3.20.jar:5.3.20]
	at org.springframework.security.web.FilterChainProxy$VirtualFilterChain.doFilter(FilterChainProxy.java:336) ~[spring-security-web-5.7.1.jar:5.7.1]
	at org.springframework.security.web.session.DisableEncodeUrlFilter.doFilterInternal(DisableEncodeUrlFilter.java:42) ~[spring-security-web-5.7.1.jar:5.7.1]
	at org.springframework.web.filter.OncePerRequestFilter.doFilter(OncePerRequestFilter.java:117) ~[spring-web-5.3.20.jar:5.3.20]
	at org.springframework.security.web.FilterChainProxy$VirtualFilterChain.doFilter(FilterChainProxy.java:336) ~[spring-security-web-5.7.1.jar:5.7.1]
	at org.springframework.security.web.FilterChainProxy.doFilterInternal(FilterChainProxy.java:211) ~[spring-security-web-5.7.1.jar:5.7.1]
	at org.springframework.security.web.FilterChainProxy.doFilter(FilterChainProxy.java:183) ~[spring-security-web-5.7.1.jar:5.7.1]
	at org.springframework.web.filter.DelegatingFilterProxy.invokeDelegate(DelegatingFilterProxy.java:354) ~[spring-web-5.3.20.jar:5.3.20]
	at org.springframework.web.filter.DelegatingFilterProxy.doFilter(DelegatingFilterProxy.java:267) ~[spring-web-5.3.20.jar:5.3.20]
	at org.apache.catalina.core.ApplicationFilterChain.internalDoFilter(ApplicationFilterChain.java:189) ~[tomcat-embed-core-9.0.63.jar:9.0.63]
	at org.apache.catalina.core.ApplicationFilterChain.doFilter(ApplicationFilterChain.java:162) ~[tomcat-embed-core-9.0.63.jar:9.0.63]
	at org.springframework.web.filter.CharacterEncodingFilter.doFilterInternal(CharacterEncodingFilter.java:201) ~[spring-web-5.3.20.jar:5.3.20]
	at org.springframework.web.filter.OncePerRequestFilter.doFilter(OncePerRequestFilter.java:117) ~[spring-web-5.3.20.jar:5.3.20]
	at org.apache.catalina.core.ApplicationFilterChain.internalDoFilter(ApplicationFilterChain.java:189) ~[tomcat-embed-core-9.0.63.jar:9.0.63]
	at org.apache.catalina.core.ApplicationFilterChain.doFilter(ApplicationFilterChain.java:162) ~[tomcat-embed-core-9.0.63.jar:9.0.63]
	at org.apache.catalina.core.StandardWrapperValve.invoke(StandardWrapperValve.java:197) ~[tomcat-embed-core-9.0.63.jar:9.0.63]
	at org.apache.catalina.core.StandardContextValve.invoke(StandardContextValve.java:97) ~[tomcat-embed-core-9.0.63.jar:9.0.63]
	at org.apache.catalina.authenticator.AuthenticatorBase.invoke(AuthenticatorBase.java:541) ~[tomcat-embed-core-9.0.63.jar:9.0.63]
	at org.apache.catalina.core.StandardHostValve.invoke(StandardHostValve.java:135) ~[tomcat-embed-core-9.0.63.jar:9.0.63]
	at org.apache.catalina.valves.ErrorReportValve.invoke(ErrorReportValve.java:92) ~[tomcat-embed-core-9.0.63.jar:9.0.63]
	at org.apache.catalina.core.StandardEngineValve.invoke(StandardEngineValve.java:78) ~[tomcat-embed-core-9.0.63.jar:9.0.63]
	at org.apache.catalina.connector.CoyoteAdapter.service(CoyoteAdapter.java:360) ~[tomcat-embed-core-9.0.63.jar:9.0.63]
	at org.apache.coyote.http11.Http11Processor.service(Http11Processor.java:399) ~[tomcat-embed-core-9.0.63.jar:9.0.63]
	at org.apache.coyote.AbstractProcessorLight.process(AbstractProcessorLight.java:65) ~[tomcat-embed-core-9.0.63.jar:9.0.63]
	at org.apache.coyote.AbstractProtocol$ConnectionHandler.process(AbstractProtocol.java:890) ~[tomcat-embed-core-9.0.63.jar:9.0.63]
	at org.apache.tomcat.util.net.NioEndpoint$SocketProcessor.doRun(NioEndpoint.java:1743) ~[tomcat-embed-core-9.0.63.jar:9.0.63]
	at org.apache.tomcat.util.net.SocketProcessorBase.run(SocketProcessorBase.java:49) ~[tomcat-embed-core-9.0.63.jar:9.0.63]
	at org.apache.tomcat.util.threads.ThreadPoolExecutor.runWorker(ThreadPoolExecutor.java:1191) ~[tomcat-embed-core-9.0.63.jar:9.0.63]
	at org.apache.tomcat.util.threads.ThreadPoolExecutor$Worker.run(ThreadPoolExecutor.java:659) ~[tomcat-embed-core-9.0.63.jar:9.0.63]
	at org.apache.tomcat.util.threads.TaskThread$WrappingRunnable.run(TaskThread.java:61) ~[tomcat-embed-core-9.0.63.jar:9.0.63]
	at java.base/java.lang.Thread.run(Thread.java:842) ~[na:na]
Caused by: java.net.UnknownHostException: atendimento-service
	at java.base/sun.nio.ch.NioSocketImpl.connect(NioSocketImpl.java:572) ~[na:na]
	at java.base/java.net.Socket.connect(Socket.java:633) ~[na:na]
	at java.base/sun.net.NetworkClient.doConnect(NetworkClient.java:178) ~[na:na]
	at java.base/sun.net.www.http.HttpClient.openServer(HttpClient.java:534) ~[na:na]
	at java.base/sun.net.www.http.HttpClient.openServer(HttpClient.java:639) ~[na:na]
	at java.base/sun.net.www.http.HttpClient.<init>(HttpClient.java:282) ~[na:na]
	at java.base/sun.net.www.http.HttpClient.New(HttpClient.java:387) ~[na:na]
	at java.base/sun.net.www.http.HttpClient.New(HttpClient.java:409) ~[na:na]
	at java.base/sun.net.www.protocol.http.HttpURLConnection.getNewHttpClient(HttpURLConnection.java:1308) ~[na:na]
	at java.base/sun.net.www.protocol.http.HttpURLConnection.plainConnect0(HttpURLConnection.java:1241) ~[na:na]
	at java.base/sun.net.www.protocol.http.HttpURLConnection.plainConnect(HttpURLConnection.java:1127) ~[na:na]
	at java.base/sun.net.www.protocol.http.HttpURLConnection.connect(HttpURLConnection.java:1056) ~[na:na]
	at java.base/sun.net.www.protocol.http.HttpURLConnection.getOutputStream0(HttpURLConnection.java:1450) ~[na:na]
	at java.base/sun.net.www.protocol.http.HttpURLConnection.getOutputStream(HttpURLConnection.java:1421) ~[na:na]
	at feign.Client$Default.convertAndSend(Client.java:208) ~[feign-core-11.10.jar:na]
	at feign.Client$Default.execute(Client.java:105) ~[feign-core-11.10.jar:na]
	at feign.SynchronousMethodHandler.executeAndDecode(SynchronousMethodHandler.java:121) ~[feign-core-11.10.jar:na]
	... 101 common frames omitted

2025-10-23 14:33:06.203 ERROR 16564 --- [http-nio-8081-exec-2] b.c.t.c.controller.ClienteController     : Erro geral ao listar clientes com atendimentos: atendimento-service executing POST http://atendimento-service:8083/api/atendimentos/por-cliente

feign.RetryableException: atendimento-service executing POST http://atendimento-service:8083/api/atendimentos/por-cliente
	at feign.FeignException.errorExecuting(FeignException.java:268) ~[feign-core-11.10.jar:na]
	at feign.SynchronousMethodHandler.executeAndDecode(SynchronousMethodHandler.java:131) ~[feign-core-11.10.jar:na]
	at feign.SynchronousMethodHandler.invoke(SynchronousMethodHandler.java:91) ~[feign-core-11.10.jar:na]
	at feign.ReflectiveFeign$FeignInvocationHandler.invoke(ReflectiveFeign.java:100) ~[feign-core-11.10.jar:na]
	at jdk.proxy8/jdk.proxy8.$Proxy182.buscarAtendimentosPorClientes(Unknown Source) ~[na:na]
	at br.com.tonypool.cliente.controller.ClienteController.listarClientesComAtendimentos(ClienteController.java:174) ~[classes/:na]
	at br.com.tonypool.cliente.controller.ClienteController$$FastClassBySpringCGLIB$$a4172ab9.invoke(<generated>) ~[classes/:na]
	at org.springframework.cglib.proxy.MethodProxy.invoke(MethodProxy.java:218) ~[spring-core-5.3.20.jar:5.3.20]
	at org.springframework.aop.framework.CglibAopProxy$CglibMethodInvocation.invokeJoinpoint(CglibAopProxy.java:793) ~[spring-aop-5.3.20.jar:5.3.20]
	at org.springframework.aop.framework.ReflectiveMethodInvocation.proceed(ReflectiveMethodInvocation.java:163) ~[spring-aop-5.3.20.jar:5.3.20]
	at org.springframework.aop.framework.CglibAopProxy$CglibMethodInvocation.proceed(CglibAopProxy.java:763) ~[spring-aop-5.3.20.jar:5.3.20]
	at org.springframework.security.access.intercept.aopalliance.MethodSecurityInterceptor.invoke(MethodSecurityInterceptor.java:61) ~[spring-security-core-5.7.1.jar:5.7.1]
	at org.springframework.aop.framework.ReflectiveMethodInvocation.proceed(ReflectiveMethodInvocation.java:186) ~[spring-aop-5.3.20.jar:5.3.20]
	at org.springframework.aop.framework.CglibAopProxy$CglibMethodInvocation.proceed(CglibAopProxy.java:763) ~[spring-aop-5.3.20.jar:5.3.20]
	at org.springframework.aop.framework.CglibAopProxy$DynamicAdvisedInterceptor.intercept(CglibAopProxy.java:708) ~[spring-aop-5.3.20.jar:5.3.20]
	at br.com.tonypool.cliente.controller.ClienteController$$EnhancerBySpringCGLIB$$8e616672.listarClientesComAtendimentos(<generated>) ~[classes/:na]
	at java.base/jdk.internal.reflect.NativeMethodAccessorImpl.invoke0(Native Method) ~[na:na]
	at java.base/jdk.internal.reflect.NativeMethodAccessorImpl.invoke(NativeMethodAccessorImpl.java:77) ~[na:na]
	at java.base/jdk.internal.reflect.DelegatingMethodAccessorImpl.invoke(DelegatingMethodAccessorImpl.java:43) ~[na:na]
	at java.base/java.lang.reflect.Method.invoke(Method.java:568) ~[na:na]
	at org.springframework.web.method.support.InvocableHandlerMethod.doInvoke(InvocableHandlerMethod.java:205) ~[spring-web-5.3.20.jar:5.3.20]
	at org.springframework.web.method.support.InvocableHandlerMethod.invokeForRequest(InvocableHandlerMethod.java:150) ~[spring-web-5.3.20.jar:5.3.20]
	at org.springframework.web.servlet.mvc.method.annotation.ServletInvocableHandlerMethod.invokeAndHandle(ServletInvocableHandlerMethod.java:117) ~[spring-webmvc-5.3.20.jar:5.3.20]
	at org.springframework.web.servlet.mvc.method.annotation.RequestMappingHandlerAdapter.invokeHandlerMethod(RequestMappingHandlerAdapter.java:895) ~[spring-webmvc-5.3.20.jar:5.3.20]
	at org.springframework.web.servlet.mvc.method.annotation.RequestMappingHandlerAdapter.handleInternal(RequestMappingHandlerAdapter.java:808) ~[spring-webmvc-5.3.20.jar:5.3.20]
	at org.springframework.web.servlet.mvc.method.AbstractHandlerMethodAdapter.handle(AbstractHandlerMethodAdapter.java:87) ~[spring-webmvc-5.3.20.jar:5.3.20]
	at org.springframework.web.servlet.DispatcherServlet.doDispatch(DispatcherServlet.java:1067) ~[spring-webmvc-5.3.20.jar:5.3.20]
	at org.springframework.web.servlet.DispatcherServlet.doService(DispatcherServlet.java:963) ~[spring-webmvc-5.3.20.jar:5.3.20]
	at org.springframework.web.servlet.FrameworkServlet.processRequest(FrameworkServlet.java:1006) ~[spring-webmvc-5.3.20.jar:5.3.20]
	at org.springframework.web.servlet.FrameworkServlet.doGet(FrameworkServlet.java:898) ~[spring-webmvc-5.3.20.jar:5.3.20]
	at javax.servlet.http.HttpServlet.service(HttpServlet.java:655) ~[tomcat-embed-core-9.0.63.jar:4.0.FR]
	at org.springframework.web.servlet.FrameworkServlet.service(FrameworkServlet.java:883) ~[spring-webmvc-5.3.20.jar:5.3.20]
	at javax.servlet.http.HttpServlet.service(HttpServlet.java:764) ~[tomcat-embed-core-9.0.63.jar:4.0.FR]
	at org.apache.catalina.core.ApplicationFilterChain.internalDoFilter(ApplicationFilterChain.java:227) ~[tomcat-embed-core-9.0.63.jar:9.0.63]
	at org.apache.catalina.core.ApplicationFilterChain.doFilter(ApplicationFilterChain.java:162) ~[tomcat-embed-core-9.0.63.jar:9.0.63]
	at org.apache.tomcat.websocket.server.WsFilter.doFilter(WsFilter.java:53) ~[tomcat-embed-websocket-9.0.63.jar:9.0.63]
	at org.apache.catalina.core.ApplicationFilterChain.internalDoFilter(ApplicationFilterChain.java:189) ~[tomcat-embed-core-9.0.63.jar:9.0.63]
	at org.apache.catalina.core.ApplicationFilterChain.doFilter(ApplicationFilterChain.java:162) ~[tomcat-embed-core-9.0.63.jar:9.0.63]
	at org.springframework.web.filter.CorsFilter.doFilterInternal(CorsFilter.java:91) ~[spring-web-5.3.20.jar:5.3.20]
	at org.springframework.web.filter.OncePerRequestFilter.doFilter(OncePerRequestFilter.java:117) ~[spring-web-5.3.20.jar:5.3.20]
	at org.apache.catalina.core.ApplicationFilterChain.internalDoFilter(ApplicationFilterChain.java:189) ~[tomcat-embed-core-9.0.63.jar:9.0.63]
	at org.apache.catalina.core.ApplicationFilterChain.doFilter(ApplicationFilterChain.java:162) ~[tomcat-embed-core-9.0.63.jar:9.0.63]
	at org.springframework.security.web.FilterChainProxy$VirtualFilterChain.doFilter(FilterChainProxy.java:327) ~[spring-security-web-5.7.1.jar:5.7.1]
	at org.springframework.security.web.access.intercept.FilterSecurityInterceptor.invoke(FilterSecurityInterceptor.java:115) ~[spring-security-web-5.7.1.jar:5.7.1]
	at org.springframework.security.web.access.intercept.FilterSecurityInterceptor.doFilter(FilterSecurityInterceptor.java:81) ~[spring-security-web-5.7.1.jar:5.7.1]
	at org.springframework.security.web.FilterChainProxy$VirtualFilterChain.doFilter(FilterChainProxy.java:336) ~[spring-security-web-5.7.1.jar:5.7.1]
	at org.springframework.security.web.access.ExceptionTranslationFilter.doFilter(ExceptionTranslationFilter.java:122) ~[spring-security-web-5.7.1.jar:5.7.1]
	at org.springframework.security.web.access.ExceptionTranslationFilter.doFilter(ExceptionTranslationFilter.java:116) ~[spring-security-web-5.7.1.jar:5.7.1]
	at org.springframework.security.web.FilterChainProxy$VirtualFilterChain.doFilter(FilterChainProxy.java:336) ~[spring-security-web-5.7.1.jar:5.7.1]
	at org.springframework.security.web.session.SessionManagementFilter.doFilter(SessionManagementFilter.java:126) ~[spring-security-web-5.7.1.jar:5.7.1]
	at org.springframework.security.web.session.SessionManagementFilter.doFilter(SessionManagementFilter.java:81) ~[spring-security-web-5.7.1.jar:5.7.1]
	at org.springframework.security.web.FilterChainProxy$VirtualFilterChain.doFilter(FilterChainProxy.java:336) ~[spring-security-web-5.7.1.jar:5.7.1]
	at org.springframework.security.web.authentication.AnonymousAuthenticationFilter.doFilter(AnonymousAuthenticationFilter.java:109) ~[spring-security-web-5.7.1.jar:5.7.1]
	at org.springframework.security.web.FilterChainProxy$VirtualFilterChain.doFilter(FilterChainProxy.java:336) ~[spring-security-web-5.7.1.jar:5.7.1]
	at org.springframework.security.web.servletapi.SecurityContextHolderAwareRequestFilter.doFilter(SecurityContextHolderAwareRequestFilter.java:149) ~[spring-security-web-5.7.1.jar:5.7.1]
	at org.springframework.security.web.FilterChainProxy$VirtualFilterChain.doFilter(FilterChainProxy.java:336) ~[spring-security-web-5.7.1.jar:5.7.1]
	at org.springframework.security.web.savedrequest.RequestCacheAwareFilter.doFilter(RequestCacheAwareFilter.java:63) ~[spring-security-web-5.7.1.jar:5.7.1]
	at org.springframework.security.web.FilterChainProxy$VirtualFilterChain.doFilter(FilterChainProxy.java:336) ~[spring-security-web-5.7.1.jar:5.7.1]
	at br.com.tonypool.cliente.security.JwtSecurity.doFilterInternal(JwtSecurity.java:47) ~[classes/:na]
	at org.springframework.web.filter.OncePerRequestFilter.doFilter(OncePerRequestFilter.java:117) ~[spring-web-5.3.20.jar:5.3.20]
	at org.springframework.security.web.FilterChainProxy$VirtualFilterChain.doFilter(FilterChainProxy.java:336) ~[spring-security-web-5.7.1.jar:5.7.1]
	at org.springframework.security.web.authentication.logout.LogoutFilter.doFilter(LogoutFilter.java:103) ~[spring-security-web-5.7.1.jar:5.7.1]
	at org.springframework.security.web.authentication.logout.LogoutFilter.doFilter(LogoutFilter.java:89) ~[spring-security-web-5.7.1.jar:5.7.1]
	at org.springframework.security.web.FilterChainProxy$VirtualFilterChain.doFilter(FilterChainProxy.java:336) ~[spring-security-web-5.7.1.jar:5.7.1]
	at org.springframework.security.web.header.HeaderWriterFilter.doHeadersAfter(HeaderWriterFilter.java:90) ~[spring-security-web-5.7.1.jar:5.7.1]
	at org.springframework.security.web.header.HeaderWriterFilter.doFilterInternal(HeaderWriterFilter.java:75) ~[spring-security-web-5.7.1.jar:5.7.1]
	at org.springframework.web.filter.OncePerRequestFilter.doFilter(OncePerRequestFilter.java:117) ~[spring-web-5.3.20.jar:5.3.20]
	at org.springframework.security.web.FilterChainProxy$VirtualFilterChain.doFilter(FilterChainProxy.java:336) ~[spring-security-web-5.7.1.jar:5.7.1]
	at org.springframework.security.web.context.SecurityContextPersistenceFilter.doFilter(SecurityContextPersistenceFilter.java:112) ~[spring-security-web-5.7.1.jar:5.7.1]
	at org.springframework.security.web.context.SecurityContextPersistenceFilter.doFilter(SecurityContextPersistenceFilter.java:82) ~[spring-security-web-5.7.1.jar:5.7.1]
	at org.springframework.security.web.FilterChainProxy$VirtualFilterChain.doFilter(FilterChainProxy.java:336) ~[spring-security-web-5.7.1.jar:5.7.1]
	at org.springframework.security.web.context.request.async.WebAsyncManagerIntegrationFilter.doFilterInternal(WebAsyncManagerIntegrationFilter.java:55) ~[spring-security-web-5.7.1.jar:5.7.1]
	at org.springframework.web.filter.OncePerRequestFilter.doFilter(OncePerRequestFilter.java:117) ~[spring-web-5.3.20.jar:5.3.20]
	at org.springframework.security.web.FilterChainProxy$VirtualFilterChain.doFilter(FilterChainProxy.java:336) ~[spring-security-web-5.7.1.jar:5.7.1]
	at org.springframework.security.web.session.DisableEncodeUrlFilter.doFilterInternal(DisableEncodeUrlFilter.java:42) ~[spring-security-web-5.7.1.jar:5.7.1]
	at org.springframework.web.filter.OncePerRequestFilter.doFilter(OncePerRequestFilter.java:117) ~[spring-web-5.3.20.jar:5.3.20]
	at org.springframework.security.web.FilterChainProxy$VirtualFilterChain.doFilter(FilterChainProxy.java:336) ~[spring-security-web-5.7.1.jar:5.7.1]
	at org.springframework.security.web.FilterChainProxy.doFilterInternal(FilterChainProxy.java:211) ~[spring-security-web-5.7.1.jar:5.7.1]
	at org.springframework.security.web.FilterChainProxy.doFilter(FilterChainProxy.java:183) ~[spring-security-web-5.7.1.jar:5.7.1]
	at org.springframework.web.filter.DelegatingFilterProxy.invokeDelegate(DelegatingFilterProxy.java:354) ~[spring-web-5.3.20.jar:5.3.20]
	at org.springframework.web.filter.DelegatingFilterProxy.doFilter(DelegatingFilterProxy.java:267) ~[spring-web-5.3.20.jar:5.3.20]
	at org.apache.catalina.core.ApplicationFilterChain.internalDoFilter(ApplicationFilterChain.java:189) ~[tomcat-embed-core-9.0.63.jar:9.0.63]
	at org.apache.catalina.core.ApplicationFilterChain.doFilter(ApplicationFilterChain.java:162) ~[tomcat-embed-core-9.0.63.jar:9.0.63]
	at org.springframework.web.filter.CharacterEncodingFilter.doFilterInternal(CharacterEncodingFilter.java:201) ~[spring-web-5.3.20.jar:5.3.20]
	at org.springframework.web.filter.OncePerRequestFilter.doFilter(OncePerRequestFilter.java:117) ~[spring-web-5.3.20.jar:5.3.20]
	at org.apache.catalina.core.ApplicationFilterChain.internalDoFilter(ApplicationFilterChain.java:189) ~[tomcat-embed-core-9.0.63.jar:9.0.63]
	at org.apache.catalina.core.ApplicationFilterChain.doFilter(ApplicationFilterChain.java:162) ~[tomcat-embed-core-9.0.63.jar:9.0.63]
	at org.apache.catalina.core.StandardWrapperValve.invoke(StandardWrapperValve.java:197) ~[tomcat-embed-core-9.0.63.jar:9.0.63]
	at org.apache.catalina.core.StandardContextValve.invoke(StandardContextValve.java:97) ~[tomcat-embed-core-9.0.63.jar:9.0.63]
	at org.apache.catalina.authenticator.AuthenticatorBase.invoke(AuthenticatorBase.java:541) ~[tomcat-embed-core-9.0.63.jar:9.0.63]
	at org.apache.catalina.core.StandardHostValve.invoke(StandardHostValve.java:135) ~[tomcat-embed-core-9.0.63.jar:9.0.63]
	at org.apache.catalina.valves.ErrorReportValve.invoke(ErrorReportValve.java:92) ~[tomcat-embed-core-9.0.63.jar:9.0.63]
	at org.apache.catalina.core.StandardEngineValve.invoke(StandardEngineValve.java:78) ~[tomcat-embed-core-9.0.63.jar:9.0.63]
	at org.apache.catalina.connector.CoyoteAdapter.service(CoyoteAdapter.java:360) ~[tomcat-embed-core-9.0.63.jar:9.0.63]
	at org.apache.coyote.http11.Http11Processor.service(Http11Processor.java:399) ~[tomcat-embed-core-9.0.63.jar:9.0.63]
	at org.apache.coyote.AbstractProcessorLight.process(AbstractProcessorLight.java:65) ~[tomcat-embed-core-9.0.63.jar:9.0.63]
	at org.apache.coyote.AbstractProtocol$ConnectionHandler.process(AbstractProtocol.java:890) ~[tomcat-embed-core-9.0.63.jar:9.0.63]
	at org.apache.tomcat.util.net.NioEndpoint$SocketProcessor.doRun(NioEndpoint.java:1743) ~[tomcat-embed-core-9.0.63.jar:9.0.63]
	at org.apache.tomcat.util.net.SocketProcessorBase.run(SocketProcessorBase.java:49) ~[tomcat-embed-core-9.0.63.jar:9.0.63]
	at org.apache.tomcat.util.threads.ThreadPoolExecutor.runWorker(ThreadPoolExecutor.java:1191) ~[tomcat-embed-core-9.0.63.jar:9.0.63]
	at org.apache.tomcat.util.threads.ThreadPoolExecutor$Worker.run(ThreadPoolExecutor.java:659) ~[tomcat-embed-core-9.0.63.jar:9.0.63]
	at org.apache.tomcat.util.threads.TaskThread$WrappingRunnable.run(TaskThread.java:61) ~[tomcat-embed-core-9.0.63.jar:9.0.63]
	at java.base/java.lang.Thread.run(Thread.java:842) ~[na:na]
Caused by: java.net.UnknownHostException: atendimento-service
	at java.base/sun.nio.ch.NioSocketImpl.connect(NioSocketImpl.java:572) ~[na:na]
	at java.base/java.net.Socket.connect(Socket.java:633) ~[na:na]
	at java.base/sun.net.NetworkClient.doConnect(NetworkClient.java:178) ~[na:na]
	at java.base/sun.net.www.http.HttpClient.openServer(HttpClient.java:534) ~[na:na]
	at java.base/sun.net.www.http.HttpClient.openServer(HttpClient.java:639) ~[na:na]
	at java.base/sun.net.www.http.HttpClient.<init>(HttpClient.java:282) ~[na:na]
	at java.base/sun.net.www.http.HttpClient.New(HttpClient.java:387) ~[na:na]
	at java.base/sun.net.www.http.HttpClient.New(HttpClient.java:409) ~[na:na]
	at java.base/sun.net.www.protocol.http.HttpURLConnection.getNewHttpClient(HttpURLConnection.java:1308) ~[na:na]
	at java.base/sun.net.www.protocol.http.HttpURLConnection.plainConnect0(HttpURLConnection.java:1241) ~[na:na]
	at java.base/sun.net.www.protocol.http.HttpURLConnection.plainConnect(HttpURLConnection.java:1127) ~[na:na]
	at java.base/sun.net.www.protocol.http.HttpURLConnection.connect(HttpURLConnection.java:1056) ~[na:na]
	at java.base/sun.net.www.protocol.http.HttpURLConnection.getOutputStream0(HttpURLConnection.java:1450) ~[na:na]
	at java.base/sun.net.www.protocol.http.HttpURLConnection.getOutputStream(HttpURLConnection.java:1421) ~[na:na]
	at feign.Client$Default.convertAndSend(Client.java:208) ~[feign-core-11.10.jar:na]
	at feign.Client$Default.execute(Client.java:105) ~[feign-core-11.10.jar:na]
	at feign.SynchronousMethodHandler.executeAndDecode(SynchronousMethodHandler.java:121) ~[feign-core-11.10.jar:na]
	... 101 common frames omitted

2025-10-23 14:36:09.288 ERROR 16564 --- [http-nio-8081-exec-4] b.c.t.c.controller.ClienteController     : Erro geral ao listar clientes com atendimentos: atendimento-service executing POST http://atendimento-service:8083/api/atendimentos/por-cliente

feign.RetryableException: atendimento-service executing POST http://atendimento-service:8083/api/atendimentos/por-cliente
	at feign.FeignException.errorExecuting(FeignException.java:268) ~[feign-core-11.10.jar:na]
	at feign.SynchronousMethodHandler.executeAndDecode(SynchronousMethodHandler.java:131) ~[feign-core-11.10.jar:na]
	at feign.SynchronousMethodHandler.invoke(SynchronousMethodHandler.java:91) ~[feign-core-11.10.jar:na]
	at feign.ReflectiveFeign$FeignInvocationHandler.invoke(ReflectiveFeign.java:100) ~[feign-core-11.10.jar:na]
	at jdk.proxy8/jdk.proxy8.$Proxy182.buscarAtendimentosPorClientes(Unknown Source) ~[na:na]
	at br.com.tonypool.cliente.controller.ClienteController.listarClientesComAtendimentos(ClienteController.java:174) ~[classes/:na]
	at br.com.tonypool.cliente.controller.ClienteController$$FastClassBySpringCGLIB$$a4172ab9.invoke(<generated>) ~[classes/:na]
	at org.springframework.cglib.proxy.MethodProxy.invoke(MethodProxy.java:218) ~[spring-core-5.3.20.jar:5.3.20]
	at org.springframework.aop.framework.CglibAopProxy$CglibMethodInvocation.invokeJoinpoint(CglibAopProxy.java:793) ~[spring-aop-5.3.20.jar:5.3.20]
	at org.springframework.aop.framework.ReflectiveMethodInvocation.proceed(ReflectiveMethodInvocation.java:163) ~[spring-aop-5.3.20.jar:5.3.20]
	at org.springframework.aop.framework.CglibAopProxy$CglibMethodInvocation.proceed(CglibAopProxy.java:763) ~[spring-aop-5.3.20.jar:5.3.20]
	at org.springframework.security.access.intercept.aopalliance.MethodSecurityInterceptor.invoke(MethodSecurityInterceptor.java:61) ~[spring-security-core-5.7.1.jar:5.7.1]
	at org.springframework.aop.framework.ReflectiveMethodInvocation.proceed(ReflectiveMethodInvocation.java:186) ~[spring-aop-5.3.20.jar:5.3.20]
	at org.springframework.aop.framework.CglibAopProxy$CglibMethodInvocation.proceed(CglibAopProxy.java:763) ~[spring-aop-5.3.20.jar:5.3.20]
	at org.springframework.aop.framework.CglibAopProxy$DynamicAdvisedInterceptor.intercept(CglibAopProxy.java:708) ~[spring-aop-5.3.20.jar:5.3.20]
	at br.com.tonypool.cliente.controller.ClienteController$$EnhancerBySpringCGLIB$$8e616672.listarClientesComAtendimentos(<generated>) ~[classes/:na]
	at java.base/jdk.internal.reflect.NativeMethodAccessorImpl.invoke0(Native Method) ~[na:na]
	at java.base/jdk.internal.reflect.NativeMethodAccessorImpl.invoke(NativeMethodAccessorImpl.java:77) ~[na:na]
	at java.base/jdk.internal.reflect.DelegatingMethodAccessorImpl.invoke(DelegatingMethodAccessorImpl.java:43) ~[na:na]
	at java.base/java.lang.reflect.Method.invoke(Method.java:568) ~[na:na]
	at org.springframework.web.method.support.InvocableHandlerMethod.doInvoke(InvocableHandlerMethod.java:205) ~[spring-web-5.3.20.jar:5.3.20]
	at org.springframework.web.method.support.InvocableHandlerMethod.invokeForRequest(InvocableHandlerMethod.java:150) ~[spring-web-5.3.20.jar:5.3.20]
	at org.springframework.web.servlet.mvc.method.annotation.ServletInvocableHandlerMethod.invokeAndHandle(ServletInvocableHandlerMethod.java:117) ~[spring-webmvc-5.3.20.jar:5.3.20]
	at org.springframework.web.servlet.mvc.method.annotation.RequestMappingHandlerAdapter.invokeHandlerMethod(RequestMappingHandlerAdapter.java:895) ~[spring-webmvc-5.3.20.jar:5.3.20]
	at org.springframework.web.servlet.mvc.method.annotation.RequestMappingHandlerAdapter.handleInternal(RequestMappingHandlerAdapter.java:808) ~[spring-webmvc-5.3.20.jar:5.3.20]
	at org.springframework.web.servlet.mvc.method.AbstractHandlerMethodAdapter.handle(AbstractHandlerMethodAdapter.java:87) ~[spring-webmvc-5.3.20.jar:5.3.20]
	at org.springframework.web.servlet.DispatcherServlet.doDispatch(DispatcherServlet.java:1067) ~[spring-webmvc-5.3.20.jar:5.3.20]
	at org.springframework.web.servlet.DispatcherServlet.doService(DispatcherServlet.java:963) ~[spring-webmvc-5.3.20.jar:5.3.20]
	at org.springframework.web.servlet.FrameworkServlet.processRequest(FrameworkServlet.java:1006) ~[spring-webmvc-5.3.20.jar:5.3.20]
	at org.springframework.web.servlet.FrameworkServlet.doGet(FrameworkServlet.java:898) ~[spring-webmvc-5.3.20.jar:5.3.20]
	at javax.servlet.http.HttpServlet.service(HttpServlet.java:655) ~[tomcat-embed-core-9.0.63.jar:4.0.FR]
	at org.springframework.web.servlet.FrameworkServlet.service(FrameworkServlet.java:883) ~[spring-webmvc-5.3.20.jar:5.3.20]
	at javax.servlet.http.HttpServlet.service(HttpServlet.java:764) ~[tomcat-embed-core-9.0.63.jar:4.0.FR]
	at org.apache.catalina.core.ApplicationFilterChain.internalDoFilter(ApplicationFilterChain.java:227) ~[tomcat-embed-core-9.0.63.jar:9.0.63]
	at org.apache.catalina.core.ApplicationFilterChain.doFilter(ApplicationFilterChain.java:162) ~[tomcat-embed-core-9.0.63.jar:9.0.63]
	at org.apache.tomcat.websocket.server.WsFilter.doFilter(WsFilter.java:53) ~[tomcat-embed-websocket-9.0.63.jar:9.0.63]
	at org.apache.catalina.core.ApplicationFilterChain.internalDoFilter(ApplicationFilterChain.java:189) ~[tomcat-embed-core-9.0.63.jar:9.0.63]
	at org.apache.catalina.core.ApplicationFilterChain.doFilter(ApplicationFilterChain.java:162) ~[tomcat-embed-core-9.0.63.jar:9.0.63]
	at org.springframework.web.filter.CorsFilter.doFilterInternal(CorsFilter.java:91) ~[spring-web-5.3.20.jar:5.3.20]
	at org.springframework.web.filter.OncePerRequestFilter.doFilter(OncePerRequestFilter.java:117) ~[spring-web-5.3.20.jar:5.3.20]
	at org.apache.catalina.core.ApplicationFilterChain.internalDoFilter(ApplicationFilterChain.java:189) ~[tomcat-embed-core-9.0.63.jar:9.0.63]
	at org.apache.catalina.core.ApplicationFilterChain.doFilter(ApplicationFilterChain.java:162) ~[tomcat-embed-core-9.0.63.jar:9.0.63]
	at org.springframework.security.web.FilterChainProxy$VirtualFilterChain.doFilter(FilterChainProxy.java:327) ~[spring-security-web-5.7.1.jar:5.7.1]
	at org.springframework.security.web.access.intercept.FilterSecurityInterceptor.invoke(FilterSecurityInterceptor.java:115) ~[spring-security-web-5.7.1.jar:5.7.1]
	at org.springframework.security.web.access.intercept.FilterSecurityInterceptor.doFilter(FilterSecurityInterceptor.java:81) ~[spring-security-web-5.7.1.jar:5.7.1]
	at org.springframework.security.web.FilterChainProxy$VirtualFilterChain.doFilter(FilterChainProxy.java:336) ~[spring-security-web-5.7.1.jar:5.7.1]
	at org.springframework.security.web.access.ExceptionTranslationFilter.doFilter(ExceptionTranslationFilter.java:122) ~[spring-security-web-5.7.1.jar:5.7.1]
	at org.springframework.security.web.access.ExceptionTranslationFilter.doFilter(ExceptionTranslationFilter.java:116) ~[spring-security-web-5.7.1.jar:5.7.1]
	at org.springframework.security.web.FilterChainProxy$VirtualFilterChain.doFilter(FilterChainProxy.java:336) ~[spring-security-web-5.7.1.jar:5.7.1]
	at org.springframework.security.web.session.SessionManagementFilter.doFilter(SessionManagementFilter.java:126) ~[spring-security-web-5.7.1.jar:5.7.1]
	at org.springframework.security.web.session.SessionManagementFilter.doFilter(SessionManagementFilter.java:81) ~[spring-security-web-5.7.1.jar:5.7.1]
	at org.springframework.security.web.FilterChainProxy$VirtualFilterChain.doFilter(FilterChainProxy.java:336) ~[spring-security-web-5.7.1.jar:5.7.1]
	at org.springframework.security.web.authentication.AnonymousAuthenticationFilter.doFilter(AnonymousAuthenticationFilter.java:109) ~[spring-security-web-5.7.1.jar:5.7.1]
	at org.springframework.security.web.FilterChainProxy$VirtualFilterChain.doFilter(FilterChainProxy.java:336) ~[spring-security-web-5.7.1.jar:5.7.1]
	at org.springframework.security.web.servletapi.SecurityContextHolderAwareRequestFilter.doFilter(SecurityContextHolderAwareRequestFilter.java:149) ~[spring-security-web-5.7.1.jar:5.7.1]
	at org.springframework.security.web.FilterChainProxy$VirtualFilterChain.doFilter(FilterChainProxy.java:336) ~[spring-security-web-5.7.1.jar:5.7.1]
	at org.springframework.security.web.savedrequest.RequestCacheAwareFilter.doFilter(RequestCacheAwareFilter.java:63) ~[spring-security-web-5.7.1.jar:5.7.1]
	at org.springframework.security.web.FilterChainProxy$VirtualFilterChain.doFilter(FilterChainProxy.java:336) ~[spring-security-web-5.7.1.jar:5.7.1]
	at br.com.tonypool.cliente.security.JwtSecurity.doFilterInternal(JwtSecurity.java:47) ~[classes/:na]
	at org.springframework.web.filter.OncePerRequestFilter.doFilter(OncePerRequestFilter.java:117) ~[spring-web-5.3.20.jar:5.3.20]
	at org.springframework.security.web.FilterChainProxy$VirtualFilterChain.doFilter(FilterChainProxy.java:336) ~[spring-security-web-5.7.1.jar:5.7.1]
	at org.springframework.security.web.authentication.logout.LogoutFilter.doFilter(LogoutFilter.java:103) ~[spring-security-web-5.7.1.jar:5.7.1]
	at org.springframework.security.web.authentication.logout.LogoutFilter.doFilter(LogoutFilter.java:89) ~[spring-security-web-5.7.1.jar:5.7.1]
	at org.springframework.security.web.FilterChainProxy$VirtualFilterChain.doFilter(FilterChainProxy.java:336) ~[spring-security-web-5.7.1.jar:5.7.1]
	at org.springframework.security.web.header.HeaderWriterFilter.doHeadersAfter(HeaderWriterFilter.java:90) ~[spring-security-web-5.7.1.jar:5.7.1]
	at org.springframework.security.web.header.HeaderWriterFilter.doFilterInternal(HeaderWriterFilter.java:75) ~[spring-security-web-5.7.1.jar:5.7.1]
	at org.springframework.web.filter.OncePerRequestFilter.doFilter(OncePerRequestFilter.java:117) ~[spring-web-5.3.20.jar:5.3.20]
	at org.springframework.security.web.FilterChainProxy$VirtualFilterChain.doFilter(FilterChainProxy.java:336) ~[spring-security-web-5.7.1.jar:5.7.1]
	at org.springframework.security.web.context.SecurityContextPersistenceFilter.doFilter(SecurityContextPersistenceFilter.java:112) ~[spring-security-web-5.7.1.jar:5.7.1]
	at org.springframework.security.web.context.SecurityContextPersistenceFilter.doFilter(SecurityContextPersistenceFilter.java:82) ~[spring-security-web-5.7.1.jar:5.7.1]
	at org.springframework.security.web.FilterChainProxy$VirtualFilterChain.doFilter(FilterChainProxy.java:336) ~[spring-security-web-5.7.1.jar:5.7.1]
	at org.springframework.security.web.context.request.async.WebAsyncManagerIntegrationFilter.doFilterInternal(WebAsyncManagerIntegrationFilter.java:55) ~[spring-security-web-5.7.1.jar:5.7.1]
	at org.springframework.web.filter.OncePerRequestFilter.doFilter(OncePerRequestFilter.java:117) ~[spring-web-5.3.20.jar:5.3.20]
	at org.springframework.security.web.FilterChainProxy$VirtualFilterChain.doFilter(FilterChainProxy.java:336) ~[spring-security-web-5.7.1.jar:5.7.1]
	at org.springframework.security.web.session.DisableEncodeUrlFilter.doFilterInternal(DisableEncodeUrlFilter.java:42) ~[spring-security-web-5.7.1.jar:5.7.1]
	at org.springframework.web.filter.OncePerRequestFilter.doFilter(OncePerRequestFilter.java:117) ~[spring-web-5.3.20.jar:5.3.20]
	at org.springframework.security.web.FilterChainProxy$VirtualFilterChain.doFilter(FilterChainProxy.java:336) ~[spring-security-web-5.7.1.jar:5.7.1]
	at org.springframework.security.web.FilterChainProxy.doFilterInternal(FilterChainProxy.java:211) ~[spring-security-web-5.7.1.jar:5.7.1]
	at org.springframework.security.web.FilterChainProxy.doFilter(FilterChainProxy.java:183) ~[spring-security-web-5.7.1.jar:5.7.1]
	at org.springframework.web.filter.DelegatingFilterProxy.invokeDelegate(DelegatingFilterProxy.java:354) ~[spring-web-5.3.20.jar:5.3.20]
	at org.springframework.web.filter.DelegatingFilterProxy.doFilter(DelegatingFilterProxy.java:267) ~[spring-web-5.3.20.jar:5.3.20]
	at org.apache.catalina.core.ApplicationFilterChain.internalDoFilter(ApplicationFilterChain.java:189) ~[tomcat-embed-core-9.0.63.jar:9.0.63]
	at org.apache.catalina.core.ApplicationFilterChain.doFilter(ApplicationFilterChain.java:162) ~[tomcat-embed-core-9.0.63.jar:9.0.63]
	at org.springframework.web.filter.CharacterEncodingFilter.doFilterInternal(CharacterEncodingFilter.java:201) ~[spring-web-5.3.20.jar:5.3.20]
	at org.springframework.web.filter.OncePerRequestFilter.doFilter(OncePerRequestFilter.java:117) ~[spring-web-5.3.20.jar:5.3.20]
	at org.apache.catalina.core.ApplicationFilterChain.internalDoFilter(ApplicationFilterChain.java:189) ~[tomcat-embed-core-9.0.63.jar:9.0.63]
	at org.apache.catalina.core.ApplicationFilterChain.doFilter(ApplicationFilterChain.java:162) ~[tomcat-embed-core-9.0.63.jar:9.0.63]
	at org.apache.catalina.core.StandardWrapperValve.invoke(StandardWrapperValve.java:197) ~[tomcat-embed-core-9.0.63.jar:9.0.63]
	at org.apache.catalina.core.StandardContextValve.invoke(StandardContextValve.java:97) ~[tomcat-embed-core-9.0.63.jar:9.0.63]
	at org.apache.catalina.authenticator.AuthenticatorBase.invoke(AuthenticatorBase.java:541) ~[tomcat-embed-core-9.0.63.jar:9.0.63]
	at org.apache.catalina.core.StandardHostValve.invoke(StandardHostValve.java:135) ~[tomcat-embed-core-9.0.63.jar:9.0.63]
	at org.apache.catalina.valves.ErrorReportValve.invoke(ErrorReportValve.java:92) ~[tomcat-embed-core-9.0.63.jar:9.0.63]
	at org.apache.catalina.core.StandardEngineValve.invoke(StandardEngineValve.java:78) ~[tomcat-embed-core-9.0.63.jar:9.0.63]
	at org.apache.catalina.connector.CoyoteAdapter.service(CoyoteAdapter.java:360) ~[tomcat-embed-core-9.0.63.jar:9.0.63]
	at org.apache.coyote.http11.Http11Processor.service(Http11Processor.java:399) ~[tomcat-embed-core-9.0.63.jar:9.0.63]
	at org.apache.coyote.AbstractProcessorLight.process(AbstractProcessorLight.java:65) ~[tomcat-embed-core-9.0.63.jar:9.0.63]
	at org.apache.coyote.AbstractProtocol$ConnectionHandler.process(AbstractProtocol.java:890) ~[tomcat-embed-core-9.0.63.jar:9.0.63]
	at org.apache.tomcat.util.net.NioEndpoint$SocketProcessor.doRun(NioEndpoint.java:1743) ~[tomcat-embed-core-9.0.63.jar:9.0.63]
	at org.apache.tomcat.util.net.SocketProcessorBase.run(SocketProcessorBase.java:49) ~[tomcat-embed-core-9.0.63.jar:9.0.63]
	at org.apache.tomcat.util.threads.ThreadPoolExecutor.runWorker(ThreadPoolExecutor.java:1191) ~[tomcat-embed-core-9.0.63.jar:9.0.63]
	at org.apache.tomcat.util.threads.ThreadPoolExecutor$Worker.run(ThreadPoolExecutor.java:659) ~[tomcat-embed-core-9.0.63.jar:9.0.63]
	at org.apache.tomcat.util.threads.TaskThread$WrappingRunnable.run(TaskThread.java:61) ~[tomcat-embed-core-9.0.63.jar:9.0.63]
	at java.base/java.lang.Thread.run(Thread.java:842) ~[na:na]
Caused by: java.net.UnknownHostException: atendimento-service
	at java.base/sun.nio.ch.NioSocketImpl.connect(NioSocketImpl.java:572) ~[na:na]
	at java.base/java.net.Socket.connect(Socket.java:633) ~[na:na]
	at java.base/sun.net.NetworkClient.doConnect(NetworkClient.java:178) ~[na:na]
	at java.base/sun.net.www.http.HttpClient.openServer(HttpClient.java:534) ~[na:na]
	at java.base/sun.net.www.http.HttpClient.openServer(HttpClient.java:639) ~[na:na]
	at java.base/sun.net.www.http.HttpClient.<init>(HttpClient.java:282) ~[na:na]
	at java.base/sun.net.www.http.HttpClient.New(HttpClient.java:387) ~[na:na]
	at java.base/sun.net.www.http.HttpClient.New(HttpClient.java:409) ~[na:na]
	at java.base/sun.net.www.protocol.http.HttpURLConnection.getNewHttpClient(HttpURLConnection.java:1308) ~[na:na]
	at java.base/sun.net.www.protocol.http.HttpURLConnection.plainConnect0(HttpURLConnection.java:1241) ~[na:na]
	at java.base/sun.net.www.protocol.http.HttpURLConnection.plainConnect(HttpURLConnection.java:1127) ~[na:na]
	at java.base/sun.net.www.protocol.http.HttpURLConnection.connect(HttpURLConnection.java:1056) ~[na:na]
	at java.base/sun.net.www.protocol.http.HttpURLConnection.getOutputStream0(HttpURLConnection.java:1450) ~[na:na]
	at java.base/sun.net.www.protocol.http.HttpURLConnection.getOutputStream(HttpURLConnection.java:1421) ~[na:na]
	at feign.Client$Default.convertAndSend(Client.java:208) ~[feign-core-11.10.jar:na]
	at feign.Client$Default.execute(Client.java:105) ~[feign-core-11.10.jar:na]
	at feign.SynchronousMethodHandler.executeAndDecode(SynchronousMethodHandler.java:121) ~[feign-core-11.10.jar:na]
	... 101 common frames omitted

2025-10-23 14:37:25.706 ERROR 16564 --- [http-nio-8081-exec-10] b.c.t.c.controller.ClienteController     : Erro geral ao listar clientes com atendimentos: atendimento-service executing POST http://atendimento-service:8083/api/atendimentos/por-cliente

feign.RetryableException: atendimento-service executing POST http://atendimento-service:8083/api/atendimentos/por-cliente
	at feign.FeignException.errorExecuting(FeignException.java:268) ~[feign-core-11.10.jar:na]
	at feign.SynchronousMethodHandler.executeAndDecode(SynchronousMethodHandler.java:131) ~[feign-core-11.10.jar:na]
	at feign.SynchronousMethodHandler.invoke(SynchronousMethodHandler.java:91) ~[feign-core-11.10.jar:na]
	at feign.ReflectiveFeign$FeignInvocationHandler.invoke(ReflectiveFeign.java:100) ~[feign-core-11.10.jar:na]
	at jdk.proxy8/jdk.proxy8.$Proxy182.buscarAtendimentosPorClientes(Unknown Source) ~[na:na]
	at br.com.tonypool.cliente.controller.ClienteController.listarClientesComAtendimentos(ClienteController.java:174) ~[classes/:na]
	at br.com.tonypool.cliente.controller.ClienteController$$FastClassBySpringCGLIB$$a4172ab9.invoke(<generated>) ~[classes/:na]
	at org.springframework.cglib.proxy.MethodProxy.invoke(MethodProxy.java:218) ~[spring-core-5.3.20.jar:5.3.20]
	at org.springframework.aop.framework.CglibAopProxy$CglibMethodInvocation.invokeJoinpoint(CglibAopProxy.java:793) ~[spring-aop-5.3.20.jar:5.3.20]
	at org.springframework.aop.framework.ReflectiveMethodInvocation.proceed(ReflectiveMethodInvocation.java:163) ~[spring-aop-5.3.20.jar:5.3.20]
	at org.springframework.aop.framework.CglibAopProxy$CglibMethodInvocation.proceed(CglibAopProxy.java:763) ~[spring-aop-5.3.20.jar:5.3.20]
	at org.springframework.security.access.intercept.aopalliance.MethodSecurityInterceptor.invoke(MethodSecurityInterceptor.java:61) ~[spring-security-core-5.7.1.jar:5.7.1]
	at org.springframework.aop.framework.ReflectiveMethodInvocation.proceed(ReflectiveMethodInvocation.java:186) ~[spring-aop-5.3.20.jar:5.3.20]
	at org.springframework.aop.framework.CglibAopProxy$CglibMethodInvocation.proceed(CglibAopProxy.java:763) ~[spring-aop-5.3.20.jar:5.3.20]
	at org.springframework.aop.framework.CglibAopProxy$DynamicAdvisedInterceptor.intercept(CglibAopProxy.java:708) ~[spring-aop-5.3.20.jar:5.3.20]
	at br.com.tonypool.cliente.controller.ClienteController$$EnhancerBySpringCGLIB$$8e616672.listarClientesComAtendimentos(<generated>) ~[classes/:na]
	at java.base/jdk.internal.reflect.NativeMethodAccessorImpl.invoke0(Native Method) ~[na:na]
	at java.base/jdk.internal.reflect.NativeMethodAccessorImpl.invoke(NativeMethodAccessorImpl.java:77) ~[na:na]
	at java.base/jdk.internal.reflect.DelegatingMethodAccessorImpl.invoke(DelegatingMethodAccessorImpl.java:43) ~[na:na]
	at java.base/java.lang.reflect.Method.invoke(Method.java:568) ~[na:na]
	at org.springframework.web.method.support.InvocableHandlerMethod.doInvoke(InvocableHandlerMethod.java:205) ~[spring-web-5.3.20.jar:5.3.20]
	at org.springframework.web.method.support.InvocableHandlerMethod.invokeForRequest(InvocableHandlerMethod.java:150) ~[spring-web-5.3.20.jar:5.3.20]
	at org.springframework.web.servlet.mvc.method.annotation.ServletInvocableHandlerMethod.invokeAndHandle(ServletInvocableHandlerMethod.java:117) ~[spring-webmvc-5.3.20.jar:5.3.20]
	at org.springframework.web.servlet.mvc.method.annotation.RequestMappingHandlerAdapter.invokeHandlerMethod(RequestMappingHandlerAdapter.java:895) ~[spring-webmvc-5.3.20.jar:5.3.20]
	at org.springframework.web.servlet.mvc.method.annotation.RequestMappingHandlerAdapter.handleInternal(RequestMappingHandlerAdapter.java:808) ~[spring-webmvc-5.3.20.jar:5.3.20]
	at org.springframework.web.servlet.mvc.method.AbstractHandlerMethodAdapter.handle(AbstractHandlerMethodAdapter.java:87) ~[spring-webmvc-5.3.20.jar:5.3.20]
	at org.springframework.web.servlet.DispatcherServlet.doDispatch(DispatcherServlet.java:1067) ~[spring-webmvc-5.3.20.jar:5.3.20]
	at org.springframework.web.servlet.DispatcherServlet.doService(DispatcherServlet.java:963) ~[spring-webmvc-5.3.20.jar:5.3.20]
	at org.springframework.web.servlet.FrameworkServlet.processRequest(FrameworkServlet.java:1006) ~[spring-webmvc-5.3.20.jar:5.3.20]
	at org.springframework.web.servlet.FrameworkServlet.doGet(FrameworkServlet.java:898) ~[spring-webmvc-5.3.20.jar:5.3.20]
	at javax.servlet.http.HttpServlet.service(HttpServlet.java:655) ~[tomcat-embed-core-9.0.63.jar:4.0.FR]
	at org.springframework.web.servlet.FrameworkServlet.service(FrameworkServlet.java:883) ~[spring-webmvc-5.3.20.jar:5.3.20]
	at javax.servlet.http.HttpServlet.service(HttpServlet.java:764) ~[tomcat-embed-core-9.0.63.jar:4.0.FR]
	at org.apache.catalina.core.ApplicationFilterChain.internalDoFilter(ApplicationFilterChain.java:227) ~[tomcat-embed-core-9.0.63.jar:9.0.63]
	at org.apache.catalina.core.ApplicationFilterChain.doFilter(ApplicationFilterChain.java:162) ~[tomcat-embed-core-9.0.63.jar:9.0.63]
	at org.apache.tomcat.websocket.server.WsFilter.doFilter(WsFilter.java:53) ~[tomcat-embed-websocket-9.0.63.jar:9.0.63]
	at org.apache.catalina.core.ApplicationFilterChain.internalDoFilter(ApplicationFilterChain.java:189) ~[tomcat-embed-core-9.0.63.jar:9.0.63]
	at org.apache.catalina.core.ApplicationFilterChain.doFilter(ApplicationFilterChain.java:162) ~[tomcat-embed-core-9.0.63.jar:9.0.63]
	at org.springframework.web.filter.CorsFilter.doFilterInternal(CorsFilter.java:91) ~[spring-web-5.3.20.jar:5.3.20]
	at org.springframework.web.filter.OncePerRequestFilter.doFilter(OncePerRequestFilter.java:117) ~[spring-web-5.3.20.jar:5.3.20]
	at org.apache.catalina.core.ApplicationFilterChain.internalDoFilter(ApplicationFilterChain.java:189) ~[tomcat-embed-core-9.0.63.jar:9.0.63]
	at org.apache.catalina.core.ApplicationFilterChain.doFilter(ApplicationFilterChain.java:162) ~[tomcat-embed-core-9.0.63.jar:9.0.63]
	at org.springframework.security.web.FilterChainProxy$VirtualFilterChain.doFilter(FilterChainProxy.java:327) ~[spring-security-web-5.7.1.jar:5.7.1]
	at org.springframework.security.web.access.intercept.FilterSecurityInterceptor.invoke(FilterSecurityInterceptor.java:115) ~[spring-security-web-5.7.1.jar:5.7.1]
	at org.springframework.security.web.access.intercept.FilterSecurityInterceptor.doFilter(FilterSecurityInterceptor.java:81) ~[spring-security-web-5.7.1.jar:5.7.1]
	at org.springframework.security.web.FilterChainProxy$VirtualFilterChain.doFilter(FilterChainProxy.java:336) ~[spring-security-web-5.7.1.jar:5.7.1]
	at org.springframework.security.web.access.ExceptionTranslationFilter.doFilter(ExceptionTranslationFilter.java:122) ~[spring-security-web-5.7.1.jar:5.7.1]
	at org.springframework.security.web.access.ExceptionTranslationFilter.doFilter(ExceptionTranslationFilter.java:116) ~[spring-security-web-5.7.1.jar:5.7.1]
	at org.springframework.security.web.FilterChainProxy$VirtualFilterChain.doFilter(FilterChainProxy.java:336) ~[spring-security-web-5.7.1.jar:5.7.1]
	at org.springframework.security.web.session.SessionManagementFilter.doFilter(SessionManagementFilter.java:126) ~[spring-security-web-5.7.1.jar:5.7.1]
	at org.springframework.security.web.session.SessionManagementFilter.doFilter(SessionManagementFilter.java:81) ~[spring-security-web-5.7.1.jar:5.7.1]
	at org.springframework.security.web.FilterChainProxy$VirtualFilterChain.doFilter(FilterChainProxy.java:336) ~[spring-security-web-5.7.1.jar:5.7.1]
	at org.springframework.security.web.authentication.AnonymousAuthenticationFilter.doFilter(AnonymousAuthenticationFilter.java:109) ~[spring-security-web-5.7.1.jar:5.7.1]
	at org.springframework.security.web.FilterChainProxy$VirtualFilterChain.doFilter(FilterChainProxy.java:336) ~[spring-security-web-5.7.1.jar:5.7.1]
	at org.springframework.security.web.servletapi.SecurityContextHolderAwareRequestFilter.doFilter(SecurityContextHolderAwareRequestFilter.java:149) ~[spring-security-web-5.7.1.jar:5.7.1]
	at org.springframework.security.web.FilterChainProxy$VirtualFilterChain.doFilter(FilterChainProxy.java:336) ~[spring-security-web-5.7.1.jar:5.7.1]
	at org.springframework.security.web.savedrequest.RequestCacheAwareFilter.doFilter(RequestCacheAwareFilter.java:63) ~[spring-security-web-5.7.1.jar:5.7.1]
	at org.springframework.security.web.FilterChainProxy$VirtualFilterChain.doFilter(FilterChainProxy.java:336) ~[spring-security-web-5.7.1.jar:5.7.1]
	at br.com.tonypool.cliente.security.JwtSecurity.doFilterInternal(JwtSecurity.java:47) ~[classes/:na]
	at org.springframework.web.filter.OncePerRequestFilter.doFilter(OncePerRequestFilter.java:117) ~[spring-web-5.3.20.jar:5.3.20]
	at org.springframework.security.web.FilterChainProxy$VirtualFilterChain.doFilter(FilterChainProxy.java:336) ~[spring-security-web-5.7.1.jar:5.7.1]
	at org.springframework.security.web.authentication.logout.LogoutFilter.doFilter(LogoutFilter.java:103) ~[spring-security-web-5.7.1.jar:5.7.1]
	at org.springframework.security.web.authentication.logout.LogoutFilter.doFilter(LogoutFilter.java:89) ~[spring-security-web-5.7.1.jar:5.7.1]
	at org.springframework.security.web.FilterChainProxy$VirtualFilterChain.doFilter(FilterChainProxy.java:336) ~[spring-security-web-5.7.1.jar:5.7.1]
	at org.springframework.security.web.header.HeaderWriterFilter.doHeadersAfter(HeaderWriterFilter.java:90) ~[spring-security-web-5.7.1.jar:5.7.1]
	at org.springframework.security.web.header.HeaderWriterFilter.doFilterInternal(HeaderWriterFilter.java:75) ~[spring-security-web-5.7.1.jar:5.7.1]
	at org.springframework.web.filter.OncePerRequestFilter.doFilter(OncePerRequestFilter.java:117) ~[spring-web-5.3.20.jar:5.3.20]
	at org.springframework.security.web.FilterChainProxy$VirtualFilterChain.doFilter(FilterChainProxy.java:336) ~[spring-security-web-5.7.1.jar:5.7.1]
	at org.springframework.security.web.context.SecurityContextPersistenceFilter.doFilter(SecurityContextPersistenceFilter.java:112) ~[spring-security-web-5.7.1.jar:5.7.1]
	at org.springframework.security.web.context.SecurityContextPersistenceFilter.doFilter(SecurityContextPersistenceFilter.java:82) ~[spring-security-web-5.7.1.jar:5.7.1]
	at org.springframework.security.web.FilterChainProxy$VirtualFilterChain.doFilter(FilterChainProxy.java:336) ~[spring-security-web-5.7.1.jar:5.7.1]
	at org.springframework.security.web.context.request.async.WebAsyncManagerIntegrationFilter.doFilterInternal(WebAsyncManagerIntegrationFilter.java:55) ~[spring-security-web-5.7.1.jar:5.7.1]
	at org.springframework.web.filter.OncePerRequestFilter.doFilter(OncePerRequestFilter.java:117) ~[spring-web-5.3.20.jar:5.3.20]
	at org.springframework.security.web.FilterChainProxy$VirtualFilterChain.doFilter(FilterChainProxy.java:336) ~[spring-security-web-5.7.1.jar:5.7.1]
	at org.springframework.security.web.session.DisableEncodeUrlFilter.doFilterInternal(DisableEncodeUrlFilter.java:42) ~[spring-security-web-5.7.1.jar:5.7.1]
	at org.springframework.web.filter.OncePerRequestFilter.doFilter(OncePerRequestFilter.java:117) ~[spring-web-5.3.20.jar:5.3.20]
	at org.springframework.security.web.FilterChainProxy$VirtualFilterChain.doFilter(FilterChainProxy.java:336) ~[spring-security-web-5.7.1.jar:5.7.1]
	at org.springframework.security.web.FilterChainProxy.doFilterInternal(FilterChainProxy.java:211) ~[spring-security-web-5.7.1.jar:5.7.1]
	at org.springframework.security.web.FilterChainProxy.doFilter(FilterChainProxy.java:183) ~[spring-security-web-5.7.1.jar:5.7.1]
	at org.springframework.web.filter.DelegatingFilterProxy.invokeDelegate(DelegatingFilterProxy.java:354) ~[spring-web-5.3.20.jar:5.3.20]
	at org.springframework.web.filter.DelegatingFilterProxy.doFilter(DelegatingFilterProxy.java:267) ~[spring-web-5.3.20.jar:5.3.20]
	at org.apache.catalina.core.ApplicationFilterChain.internalDoFilter(ApplicationFilterChain.java:189) ~[tomcat-embed-core-9.0.63.jar:9.0.63]
	at org.apache.catalina.core.ApplicationFilterChain.doFilter(ApplicationFilterChain.java:162) ~[tomcat-embed-core-9.0.63.jar:9.0.63]
	at org.springframework.web.filter.CharacterEncodingFilter.doFilterInternal(CharacterEncodingFilter.java:201) ~[spring-web-5.3.20.jar:5.3.20]
	at org.springframework.web.filter.OncePerRequestFilter.doFilter(OncePerRequestFilter.java:117) ~[spring-web-5.3.20.jar:5.3.20]
	at org.apache.catalina.core.ApplicationFilterChain.internalDoFilter(ApplicationFilterChain.java:189) ~[tomcat-embed-core-9.0.63.jar:9.0.63]
	at org.apache.catalina.core.ApplicationFilterChain.doFilter(ApplicationFilterChain.java:162) ~[tomcat-embed-core-9.0.63.jar:9.0.63]
	at org.apache.catalina.core.StandardWrapperValve.invoke(StandardWrapperValve.java:197) ~[tomcat-embed-core-9.0.63.jar:9.0.63]
	at org.apache.catalina.core.StandardContextValve.invoke(StandardContextValve.java:97) ~[tomcat-embed-core-9.0.63.jar:9.0.63]
	at org.apache.catalina.authenticator.AuthenticatorBase.invoke(AuthenticatorBase.java:541) ~[tomcat-embed-core-9.0.63.jar:9.0.63]
	at org.apache.catalina.core.StandardHostValve.invoke(StandardHostValve.java:135) ~[tomcat-embed-core-9.0.63.jar:9.0.63]
	at org.apache.catalina.valves.ErrorReportValve.invoke(ErrorReportValve.java:92) ~[tomcat-embed-core-9.0.63.jar:9.0.63]
	at org.apache.catalina.core.StandardEngineValve.invoke(StandardEngineValve.java:78) ~[tomcat-embed-core-9.0.63.jar:9.0.63]
	at org.apache.catalina.connector.CoyoteAdapter.service(CoyoteAdapter.java:360) ~[tomcat-embed-core-9.0.63.jar:9.0.63]
	at org.apache.coyote.http11.Http11Processor.service(Http11Processor.java:399) ~[tomcat-embed-core-9.0.63.jar:9.0.63]
	at org.apache.coyote.AbstractProcessorLight.process(AbstractProcessorLight.java:65) ~[tomcat-embed-core-9.0.63.jar:9.0.63]
	at org.apache.coyote.AbstractProtocol$ConnectionHandler.process(AbstractProtocol.java:890) ~[tomcat-embed-core-9.0.63.jar:9.0.63]
	at org.apache.tomcat.util.net.NioEndpoint$SocketProcessor.doRun(NioEndpoint.java:1743) ~[tomcat-embed-core-9.0.63.jar:9.0.63]
	at org.apache.tomcat.util.net.SocketProcessorBase.run(SocketProcessorBase.java:49) ~[tomcat-embed-core-9.0.63.jar:9.0.63]
	at org.apache.tomcat.util.threads.ThreadPoolExecutor.runWorker(ThreadPoolExecutor.java:1191) ~[tomcat-embed-core-9.0.63.jar:9.0.63]
	at org.apache.tomcat.util.threads.ThreadPoolExecutor$Worker.run(ThreadPoolExecutor.java:659) ~[tomcat-embed-core-9.0.63.jar:9.0.63]
	at org.apache.tomcat.util.threads.TaskThread$WrappingRunnable.run(TaskThread.java:61) ~[tomcat-embed-core-9.0.63.jar:9.0.63]
	at java.base/java.lang.Thread.run(Thread.java:842) ~[na:na]
Caused by: java.net.UnknownHostException: atendimento-service
	at java.base/sun.nio.ch.NioSocketImpl.connect(NioSocketImpl.java:572) ~[na:na]
	at java.base/java.net.Socket.connect(Socket.java:633) ~[na:na]
	at java.base/sun.net.NetworkClient.doConnect(NetworkClient.java:178) ~[na:na]
	at java.base/sun.net.www.http.HttpClient.openServer(HttpClient.java:534) ~[na:na]
	at java.base/sun.net.www.http.HttpClient.openServer(HttpClient.java:639) ~[na:na]
	at java.base/sun.net.www.http.HttpClient.<init>(HttpClient.java:282) ~[na:na]
	at java.base/sun.net.www.http.HttpClient.New(HttpClient.java:387) ~[na:na]
	at java.base/sun.net.www.http.HttpClient.New(HttpClient.java:409) ~[na:na]
	at java.base/sun.net.www.protocol.http.HttpURLConnection.getNewHttpClient(HttpURLConnection.java:1308) ~[na:na]
	at java.base/sun.net.www.protocol.http.HttpURLConnection.plainConnect0(HttpURLConnection.java:1241) ~[na:na]
	at java.base/sun.net.www.protocol.http.HttpURLConnection.plainConnect(HttpURLConnection.java:1127) ~[na:na]
	at java.base/sun.net.www.protocol.http.HttpURLConnection.connect(HttpURLConnection.java:1056) ~[na:na]
	at java.base/sun.net.www.protocol.http.HttpURLConnection.getOutputStream0(HttpURLConnection.java:1450) ~[na:na]
	at java.base/sun.net.www.protocol.http.HttpURLConnection.getOutputStream(HttpURLConnection.java:1421) ~[na:na]
	at feign.Client$Default.convertAndSend(Client.java:208) ~[feign-core-11.10.jar:na]
	at feign.Client$Default.execute(Client.java:105) ~[feign-core-11.10.jar:na]
	at feign.SynchronousMethodHandler.executeAndDecode(SynchronousMethodHandler.java:121) ~[feign-core-11.10.jar:na]
	... 101 common frames omitted

2025-10-23 14:38:56.701  INFO 18540 --- [restartedMain] b.c.t.cliente.ClienteServiceApplication  : Starting ClienteServiceApplication using Java 17.0.12 on DESKTOP-HLR4AN3 with PID 18540 (C:\workspace\microsservico-atendimento\cliente-service\target\classes started by tonyp in C:\workspace\microsservico-atendimento\cliente-service)
2025-10-23 14:38:56.703  INFO 18540 --- [restartedMain] b.c.t.cliente.ClienteServiceApplication  : No active profile set, falling back to 1 default profile: "default"
2025-10-23 14:38:56.766  INFO 18540 --- [restartedMain] .e.DevToolsPropertyDefaultsPostProcessor : Devtools property defaults active! Set 'spring.devtools.add-properties' to 'false' to disable
2025-10-23 14:38:56.767  INFO 18540 --- [restartedMain] .e.DevToolsPropertyDefaultsPostProcessor : For additional web related logging consider setting the 'logging.level.web' property to 'DEBUG'
2025-10-23 14:38:57.823  INFO 18540 --- [restartedMain] .s.d.r.c.RepositoryConfigurationDelegate : Bootstrapping Spring Data JPA repositories in DEFAULT mode.
2025-10-23 14:38:57.888  INFO 18540 --- [restartedMain] .s.d.r.c.RepositoryConfigurationDelegate : Finished Spring Data repository scanning in 56 ms. Found 2 JPA repository interfaces.
2025-10-23 14:38:58.152  INFO 18540 --- [restartedMain] o.s.cloud.context.scope.GenericScope     : BeanFactory id=d56cb2da-d986-33dc-9cad-5f7a9d3f3e17
2025-10-23 14:38:58.778  INFO 18540 --- [restartedMain] o.s.b.w.embedded.tomcat.TomcatWebServer  : Tomcat initialized with port(s): 8081 (http)
2025-10-23 14:38:58.792  INFO 18540 --- [restartedMain] o.apache.catalina.core.StandardService   : Starting service [Tomcat]
2025-10-23 14:38:58.792  INFO 18540 --- [restartedMain] org.apache.catalina.core.StandardEngine  : Starting Servlet engine: [Apache Tomcat/9.0.63]
2025-10-23 14:38:58.909  INFO 18540 --- [restartedMain] o.a.c.c.C.[Tomcat].[localhost].[/]       : Initializing Spring embedded WebApplicationContext
2025-10-23 14:38:58.910  INFO 18540 --- [restartedMain] w.s.c.ServletWebServerApplicationContext : Root WebApplicationContext: initialization completed in 2143 ms
2025-10-23 14:38:59.136  INFO 18540 --- [restartedMain] o.hibernate.jpa.internal.util.LogHelper  : HHH000204: Processing PersistenceUnitInfo [name: default]
2025-10-23 14:38:59.195  INFO 18540 --- [restartedMain] org.hibernate.Version                    : HHH000412: Hibernate ORM core version 5.6.9.Final
2025-10-23 14:38:59.379  INFO 18540 --- [restartedMain] o.hibernate.annotations.common.Version   : HCANN000001: Hibernate Commons Annotations {5.1.2.Final}
2025-10-23 14:38:59.486  INFO 18540 --- [restartedMain] com.zaxxer.hikari.HikariDataSource       : HikariPool-1 - Starting...
2025-10-23 14:38:59.662  INFO 18540 --- [restartedMain] com.zaxxer.hikari.HikariDataSource       : HikariPool-1 - Start completed.
2025-10-23 14:38:59.685  INFO 18540 --- [restartedMain] org.hibernate.dialect.Dialect            : HHH000400: Using dialect: org.hibernate.dialect.PostgreSQLDialect
2025-10-23 14:39:00.424  INFO 18540 --- [restartedMain] o.h.e.t.j.p.i.JtaPlatformInitiator       : HHH000490: Using JtaPlatform implementation: [org.hibernate.engine.transaction.jta.platform.internal.NoJtaPlatform]
2025-10-23 14:39:00.433  INFO 18540 --- [restartedMain] j.LocalContainerEntityManagerFactoryBean : Initialized JPA EntityManagerFactory for persistence unit 'default'
2025-10-23 14:39:00.987  WARN 18540 --- [restartedMain] JpaBaseConfiguration$JpaWebConfiguration : spring.jpa.open-in-view is enabled by default. Therefore, database queries may be performed during view rendering. Explicitly configure spring.jpa.open-in-view to disable this warning
2025-10-23 14:39:01.044  WARN 18540 --- [restartedMain] o.s.b.d.a.OptionalLiveReloadServer       : Unable to start LiveReload server
2025-10-23 14:39:01.523  WARN 18540 --- [restartedMain] .s.s.UserDetailsServiceAutoConfiguration : 

Using generated security password: 334b558f-725c-4624-8425-428145f20cf0

This generated password is for development use only. Your security configuration must be updated before running your application in production.

2025-10-23 14:39:01.630  INFO 18540 --- [restartedMain] o.s.s.web.DefaultSecurityFilterChain     : Will secure any request with [org.springframework.security.web.session.DisableEncodeUrlFilter@166d6964, org.springframework.security.web.context.request.async.WebAsyncManagerIntegrationFilter@7a666965, org.springframework.security.web.context.SecurityContextPersistenceFilter@478e905, org.springframework.security.web.header.HeaderWriterFilter@40936914, org.springframework.security.web.authentication.logout.LogoutFilter@310df821, br.com.tonypool.cliente.security.JwtSecurity@2f2debae, org.springframework.security.web.savedrequest.RequestCacheAwareFilter@4995bff4, org.springframework.security.web.servletapi.SecurityContextHolderAwareRequestFilter@5a36d687, org.springframework.security.web.authentication.AnonymousAuthenticationFilter@60710e14, org.springframework.security.web.session.SessionManagementFilter@380a4904, org.springframework.security.web.access.ExceptionTranslationFilter@2e83d9b8, org.springframework.security.web.access.intercept.FilterSecurityInterceptor@1d0e3d39]
2025-10-23 14:39:02.175  INFO 18540 --- [restartedMain] o.s.b.w.embedded.tomcat.TomcatWebServer  : Tomcat started on port(s): 8081 (http) with context path ''
2025-10-23 14:39:02.554  INFO 18540 --- [restartedMain] b.c.t.cliente.ClienteServiceApplication  : Started ClienteServiceApplication in 6.532 seconds (JVM running for 7.555)
2025-10-23 14:39:25.841  INFO 18540 --- [http-nio-8081-exec-2] o.a.c.c.C.[Tomcat].[localhost].[/]       : Initializing Spring DispatcherServlet 'dispatcherServlet'
2025-10-23 14:39:25.842  INFO 18540 --- [http-nio-8081-exec-2] o.s.web.servlet.DispatcherServlet        : Initializing Servlet 'dispatcherServlet'
2025-10-23 14:39:25.844  INFO 18540 --- [http-nio-8081-exec-2] o.s.web.servlet.DispatcherServlet        : Completed initialization in 2 ms
2025-10-23 14:40:48.820 ERROR 18540 --- [http-nio-8081-exec-1] b.c.t.c.controller.ClienteController     : Erro geral ao listar clientes com atendimentos: atendimento-service executing POST http://atendimento-service:8083/api/atendimentos/por-cliente

feign.RetryableException: atendimento-service executing POST http://atendimento-service:8083/api/atendimentos/por-cliente
	at feign.FeignException.errorExecuting(FeignException.java:268) ~[feign-core-11.10.jar:na]
	at feign.SynchronousMethodHandler.executeAndDecode(SynchronousMethodHandler.java:131) ~[feign-core-11.10.jar:na]
	at feign.SynchronousMethodHandler.invoke(SynchronousMethodHandler.java:91) ~[feign-core-11.10.jar:na]
	at feign.ReflectiveFeign$FeignInvocationHandler.invoke(ReflectiveFeign.java:100) ~[feign-core-11.10.jar:na]
	at jdk.proxy4/jdk.proxy4.$Proxy146.buscarAtendimentosPorClientes(Unknown Source) ~[na:na]
	at br.com.tonypool.cliente.controller.ClienteController.listarClientesComAtendimentos(ClienteController.java:174) ~[classes/:na]
	at br.com.tonypool.cliente.controller.ClienteController$$FastClassBySpringCGLIB$$a4172ab9.invoke(<generated>) ~[classes/:na]
	at org.springframework.cglib.proxy.MethodProxy.invoke(MethodProxy.java:218) ~[spring-core-5.3.20.jar:5.3.20]
	at org.springframework.aop.framework.CglibAopProxy$CglibMethodInvocation.invokeJoinpoint(CglibAopProxy.java:793) ~[spring-aop-5.3.20.jar:5.3.20]
	at org.springframework.aop.framework.ReflectiveMethodInvocation.proceed(ReflectiveMethodInvocation.java:163) ~[spring-aop-5.3.20.jar:5.3.20]
	at org.springframework.aop.framework.CglibAopProxy$CglibMethodInvocation.proceed(CglibAopProxy.java:763) ~[spring-aop-5.3.20.jar:5.3.20]
	at org.springframework.security.access.intercept.aopalliance.MethodSecurityInterceptor.invoke(MethodSecurityInterceptor.java:61) ~[spring-security-core-5.7.1.jar:5.7.1]
	at org.springframework.aop.framework.ReflectiveMethodInvocation.proceed(ReflectiveMethodInvocation.java:186) ~[spring-aop-5.3.20.jar:5.3.20]
	at org.springframework.aop.framework.CglibAopProxy$CglibMethodInvocation.proceed(CglibAopProxy.java:763) ~[spring-aop-5.3.20.jar:5.3.20]
	at org.springframework.aop.framework.CglibAopProxy$DynamicAdvisedInterceptor.intercept(CglibAopProxy.java:708) ~[spring-aop-5.3.20.jar:5.3.20]
	at br.com.tonypool.cliente.controller.ClienteController$$EnhancerBySpringCGLIB$$64e6b9c8.listarClientesComAtendimentos(<generated>) ~[classes/:na]
	at java.base/jdk.internal.reflect.NativeMethodAccessorImpl.invoke0(Native Method) ~[na:na]
	at java.base/jdk.internal.reflect.NativeMethodAccessorImpl.invoke(NativeMethodAccessorImpl.java:77) ~[na:na]
	at java.base/jdk.internal.reflect.DelegatingMethodAccessorImpl.invoke(DelegatingMethodAccessorImpl.java:43) ~[na:na]
	at java.base/java.lang.reflect.Method.invoke(Method.java:568) ~[na:na]
	at org.springframework.web.method.support.InvocableHandlerMethod.doInvoke(InvocableHandlerMethod.java:205) ~[spring-web-5.3.20.jar:5.3.20]
	at org.springframework.web.method.support.InvocableHandlerMethod.invokeForRequest(InvocableHandlerMethod.java:150) ~[spring-web-5.3.20.jar:5.3.20]
	at org.springframework.web.servlet.mvc.method.annotation.ServletInvocableHandlerMethod.invokeAndHandle(ServletInvocableHandlerMethod.java:117) ~[spring-webmvc-5.3.20.jar:5.3.20]
	at org.springframework.web.servlet.mvc.method.annotation.RequestMappingHandlerAdapter.invokeHandlerMethod(RequestMappingHandlerAdapter.java:895) ~[spring-webmvc-5.3.20.jar:5.3.20]
	at org.springframework.web.servlet.mvc.method.annotation.RequestMappingHandlerAdapter.handleInternal(RequestMappingHandlerAdapter.java:808) ~[spring-webmvc-5.3.20.jar:5.3.20]
	at org.springframework.web.servlet.mvc.method.AbstractHandlerMethodAdapter.handle(AbstractHandlerMethodAdapter.java:87) ~[spring-webmvc-5.3.20.jar:5.3.20]
	at org.springframework.web.servlet.DispatcherServlet.doDispatch(DispatcherServlet.java:1067) ~[spring-webmvc-5.3.20.jar:5.3.20]
	at org.springframework.web.servlet.DispatcherServlet.doService(DispatcherServlet.java:963) ~[spring-webmvc-5.3.20.jar:5.3.20]
	at org.springframework.web.servlet.FrameworkServlet.processRequest(FrameworkServlet.java:1006) ~[spring-webmvc-5.3.20.jar:5.3.20]
	at org.springframework.web.servlet.FrameworkServlet.doGet(FrameworkServlet.java:898) ~[spring-webmvc-5.3.20.jar:5.3.20]
	at javax.servlet.http.HttpServlet.service(HttpServlet.java:655) ~[tomcat-embed-core-9.0.63.jar:4.0.FR]
	at org.springframework.web.servlet.FrameworkServlet.service(FrameworkServlet.java:883) ~[spring-webmvc-5.3.20.jar:5.3.20]
	at javax.servlet.http.HttpServlet.service(HttpServlet.java:764) ~[tomcat-embed-core-9.0.63.jar:4.0.FR]
	at org.apache.catalina.core.ApplicationFilterChain.internalDoFilter(ApplicationFilterChain.java:227) ~[tomcat-embed-core-9.0.63.jar:9.0.63]
	at org.apache.catalina.core.ApplicationFilterChain.doFilter(ApplicationFilterChain.java:162) ~[tomcat-embed-core-9.0.63.jar:9.0.63]
	at org.apache.tomcat.websocket.server.WsFilter.doFilter(WsFilter.java:53) ~[tomcat-embed-websocket-9.0.63.jar:9.0.63]
	at org.apache.catalina.core.ApplicationFilterChain.internalDoFilter(ApplicationFilterChain.java:189) ~[tomcat-embed-core-9.0.63.jar:9.0.63]
	at org.apache.catalina.core.ApplicationFilterChain.doFilter(ApplicationFilterChain.java:162) ~[tomcat-embed-core-9.0.63.jar:9.0.63]
	at org.springframework.web.filter.CorsFilter.doFilterInternal(CorsFilter.java:91) ~[spring-web-5.3.20.jar:5.3.20]
	at org.springframework.web.filter.OncePerRequestFilter.doFilter(OncePerRequestFilter.java:117) ~[spring-web-5.3.20.jar:5.3.20]
	at org.apache.catalina.core.ApplicationFilterChain.internalDoFilter(ApplicationFilterChain.java:189) ~[tomcat-embed-core-9.0.63.jar:9.0.63]
	at org.apache.catalina.core.ApplicationFilterChain.doFilter(ApplicationFilterChain.java:162) ~[tomcat-embed-core-9.0.63.jar:9.0.63]
	at org.springframework.security.web.FilterChainProxy$VirtualFilterChain.doFilter(FilterChainProxy.java:327) ~[spring-security-web-5.7.1.jar:5.7.1]
	at org.springframework.security.web.access.intercept.FilterSecurityInterceptor.invoke(FilterSecurityInterceptor.java:115) ~[spring-security-web-5.7.1.jar:5.7.1]
	at org.springframework.security.web.access.intercept.FilterSecurityInterceptor.doFilter(FilterSecurityInterceptor.java:81) ~[spring-security-web-5.7.1.jar:5.7.1]
	at org.springframework.security.web.FilterChainProxy$VirtualFilterChain.doFilter(FilterChainProxy.java:336) ~[spring-security-web-5.7.1.jar:5.7.1]
	at org.springframework.security.web.access.ExceptionTranslationFilter.doFilter(ExceptionTranslationFilter.java:122) ~[spring-security-web-5.7.1.jar:5.7.1]
	at org.springframework.security.web.access.ExceptionTranslationFilter.doFilter(ExceptionTranslationFilter.java:116) ~[spring-security-web-5.7.1.jar:5.7.1]
	at org.springframework.security.web.FilterChainProxy$VirtualFilterChain.doFilter(FilterChainProxy.java:336) ~[spring-security-web-5.7.1.jar:5.7.1]
	at org.springframework.security.web.session.SessionManagementFilter.doFilter(SessionManagementFilter.java:126) ~[spring-security-web-5.7.1.jar:5.7.1]
	at org.springframework.security.web.session.SessionManagementFilter.doFilter(SessionManagementFilter.java:81) ~[spring-security-web-5.7.1.jar:5.7.1]
	at org.springframework.security.web.FilterChainProxy$VirtualFilterChain.doFilter(FilterChainProxy.java:336) ~[spring-security-web-5.7.1.jar:5.7.1]
	at org.springframework.security.web.authentication.AnonymousAuthenticationFilter.doFilter(AnonymousAuthenticationFilter.java:109) ~[spring-security-web-5.7.1.jar:5.7.1]
	at org.springframework.security.web.FilterChainProxy$VirtualFilterChain.doFilter(FilterChainProxy.java:336) ~[spring-security-web-5.7.1.jar:5.7.1]
	at org.springframework.security.web.servletapi.SecurityContextHolderAwareRequestFilter.doFilter(SecurityContextHolderAwareRequestFilter.java:149) ~[spring-security-web-5.7.1.jar:5.7.1]
	at org.springframework.security.web.FilterChainProxy$VirtualFilterChain.doFilter(FilterChainProxy.java:336) ~[spring-security-web-5.7.1.jar:5.7.1]
	at org.springframework.security.web.savedrequest.RequestCacheAwareFilter.doFilter(RequestCacheAwareFilter.java:63) ~[spring-security-web-5.7.1.jar:5.7.1]
	at org.springframework.security.web.FilterChainProxy$VirtualFilterChain.doFilter(FilterChainProxy.java:336) ~[spring-security-web-5.7.1.jar:5.7.1]
	at br.com.tonypool.cliente.security.JwtSecurity.doFilterInternal(JwtSecurity.java:47) ~[classes/:na]
	at org.springframework.web.filter.OncePerRequestFilter.doFilter(OncePerRequestFilter.java:117) ~[spring-web-5.3.20.jar:5.3.20]
	at org.springframework.security.web.FilterChainProxy$VirtualFilterChain.doFilter(FilterChainProxy.java:336) ~[spring-security-web-5.7.1.jar:5.7.1]
	at org.springframework.security.web.authentication.logout.LogoutFilter.doFilter(LogoutFilter.java:103) ~[spring-security-web-5.7.1.jar:5.7.1]
	at org.springframework.security.web.authentication.logout.LogoutFilter.doFilter(LogoutFilter.java:89) ~[spring-security-web-5.7.1.jar:5.7.1]
	at org.springframework.security.web.FilterChainProxy$VirtualFilterChain.doFilter(FilterChainProxy.java:336) ~[spring-security-web-5.7.1.jar:5.7.1]
	at org.springframework.security.web.header.HeaderWriterFilter.doHeadersAfter(HeaderWriterFilter.java:90) ~[spring-security-web-5.7.1.jar:5.7.1]
	at org.springframework.security.web.header.HeaderWriterFilter.doFilterInternal(HeaderWriterFilter.java:75) ~[spring-security-web-5.7.1.jar:5.7.1]
	at org.springframework.web.filter.OncePerRequestFilter.doFilter(OncePerRequestFilter.java:117) ~[spring-web-5.3.20.jar:5.3.20]
	at org.springframework.security.web.FilterChainProxy$VirtualFilterChain.doFilter(FilterChainProxy.java:336) ~[spring-security-web-5.7.1.jar:5.7.1]
	at org.springframework.security.web.context.SecurityContextPersistenceFilter.doFilter(SecurityContextPersistenceFilter.java:112) ~[spring-security-web-5.7.1.jar:5.7.1]
	at org.springframework.security.web.context.SecurityContextPersistenceFilter.doFilter(SecurityContextPersistenceFilter.java:82) ~[spring-security-web-5.7.1.jar:5.7.1]
	at org.springframework.security.web.FilterChainProxy$VirtualFilterChain.doFilter(FilterChainProxy.java:336) ~[spring-security-web-5.7.1.jar:5.7.1]
	at org.springframework.security.web.context.request.async.WebAsyncManagerIntegrationFilter.doFilterInternal(WebAsyncManagerIntegrationFilter.java:55) ~[spring-security-web-5.7.1.jar:5.7.1]
	at org.springframework.web.filter.OncePerRequestFilter.doFilter(OncePerRequestFilter.java:117) ~[spring-web-5.3.20.jar:5.3.20]
	at org.springframework.security.web.FilterChainProxy$VirtualFilterChain.doFilter(FilterChainProxy.java:336) ~[spring-security-web-5.7.1.jar:5.7.1]
	at org.springframework.security.web.session.DisableEncodeUrlFilter.doFilterInternal(DisableEncodeUrlFilter.java:42) ~[spring-security-web-5.7.1.jar:5.7.1]
	at org.springframework.web.filter.OncePerRequestFilter.doFilter(OncePerRequestFilter.java:117) ~[spring-web-5.3.20.jar:5.3.20]
	at org.springframework.security.web.FilterChainProxy$VirtualFilterChain.doFilter(FilterChainProxy.java:336) ~[spring-security-web-5.7.1.jar:5.7.1]
	at org.springframework.security.web.FilterChainProxy.doFilterInternal(FilterChainProxy.java:211) ~[spring-security-web-5.7.1.jar:5.7.1]
	at org.springframework.security.web.FilterChainProxy.doFilter(FilterChainProxy.java:183) ~[spring-security-web-5.7.1.jar:5.7.1]
	at org.springframework.web.filter.DelegatingFilterProxy.invokeDelegate(DelegatingFilterProxy.java:354) ~[spring-web-5.3.20.jar:5.3.20]
	at org.springframework.web.filter.DelegatingFilterProxy.doFilter(DelegatingFilterProxy.java:267) ~[spring-web-5.3.20.jar:5.3.20]
	at org.apache.catalina.core.ApplicationFilterChain.internalDoFilter(ApplicationFilterChain.java:189) ~[tomcat-embed-core-9.0.63.jar:9.0.63]
	at org.apache.catalina.core.ApplicationFilterChain.doFilter(ApplicationFilterChain.java:162) ~[tomcat-embed-core-9.0.63.jar:9.0.63]
	at org.springframework.web.filter.CharacterEncodingFilter.doFilterInternal(CharacterEncodingFilter.java:201) ~[spring-web-5.3.20.jar:5.3.20]
	at org.springframework.web.filter.OncePerRequestFilter.doFilter(OncePerRequestFilter.java:117) ~[spring-web-5.3.20.jar:5.3.20]
	at org.apache.catalina.core.ApplicationFilterChain.internalDoFilter(ApplicationFilterChain.java:189) ~[tomcat-embed-core-9.0.63.jar:9.0.63]
	at org.apache.catalina.core.ApplicationFilterChain.doFilter(ApplicationFilterChain.java:162) ~[tomcat-embed-core-9.0.63.jar:9.0.63]
	at org.apache.catalina.core.StandardWrapperValve.invoke(StandardWrapperValve.java:197) ~[tomcat-embed-core-9.0.63.jar:9.0.63]
	at org.apache.catalina.core.StandardContextValve.invoke(StandardContextValve.java:97) ~[tomcat-embed-core-9.0.63.jar:9.0.63]
	at org.apache.catalina.authenticator.AuthenticatorBase.invoke(AuthenticatorBase.java:541) ~[tomcat-embed-core-9.0.63.jar:9.0.63]
	at org.apache.catalina.core.StandardHostValve.invoke(StandardHostValve.java:135) ~[tomcat-embed-core-9.0.63.jar:9.0.63]
	at org.apache.catalina.valves.ErrorReportValve.invoke(ErrorReportValve.java:92) ~[tomcat-embed-core-9.0.63.jar:9.0.63]
	at org.apache.catalina.core.StandardEngineValve.invoke(StandardEngineValve.java:78) ~[tomcat-embed-core-9.0.63.jar:9.0.63]
	at org.apache.catalina.connector.CoyoteAdapter.service(CoyoteAdapter.java:360) ~[tomcat-embed-core-9.0.63.jar:9.0.63]
	at org.apache.coyote.http11.Http11Processor.service(Http11Processor.java:399) ~[tomcat-embed-core-9.0.63.jar:9.0.63]
	at org.apache.coyote.AbstractProcessorLight.process(AbstractProcessorLight.java:65) ~[tomcat-embed-core-9.0.63.jar:9.0.63]
	at org.apache.coyote.AbstractProtocol$ConnectionHandler.process(AbstractProtocol.java:890) ~[tomcat-embed-core-9.0.63.jar:9.0.63]
	at org.apache.tomcat.util.net.NioEndpoint$SocketProcessor.doRun(NioEndpoint.java:1743) ~[tomcat-embed-core-9.0.63.jar:9.0.63]
	at org.apache.tomcat.util.net.SocketProcessorBase.run(SocketProcessorBase.java:49) ~[tomcat-embed-core-9.0.63.jar:9.0.63]
	at org.apache.tomcat.util.threads.ThreadPoolExecutor.runWorker(ThreadPoolExecutor.java:1191) ~[tomcat-embed-core-9.0.63.jar:9.0.63]
	at org.apache.tomcat.util.threads.ThreadPoolExecutor$Worker.run(ThreadPoolExecutor.java:659) ~[tomcat-embed-core-9.0.63.jar:9.0.63]
	at org.apache.tomcat.util.threads.TaskThread$WrappingRunnable.run(TaskThread.java:61) ~[tomcat-embed-core-9.0.63.jar:9.0.63]
	at java.base/java.lang.Thread.run(Thread.java:842) ~[na:na]
Caused by: java.net.UnknownHostException: atendimento-service
	at java.base/sun.nio.ch.NioSocketImpl.connect(NioSocketImpl.java:572) ~[na:na]
	at java.base/java.net.Socket.connect(Socket.java:633) ~[na:na]
	at java.base/sun.net.NetworkClient.doConnect(NetworkClient.java:178) ~[na:na]
	at java.base/sun.net.www.http.HttpClient.openServer(HttpClient.java:534) ~[na:na]
	at java.base/sun.net.www.http.HttpClient.openServer(HttpClient.java:639) ~[na:na]
	at java.base/sun.net.www.http.HttpClient.<init>(HttpClient.java:282) ~[na:na]
	at java.base/sun.net.www.http.HttpClient.New(HttpClient.java:387) ~[na:na]
	at java.base/sun.net.www.http.HttpClient.New(HttpClient.java:409) ~[na:na]
	at java.base/sun.net.www.protocol.http.HttpURLConnection.getNewHttpClient(HttpURLConnection.java:1308) ~[na:na]
	at java.base/sun.net.www.protocol.http.HttpURLConnection.plainConnect0(HttpURLConnection.java:1241) ~[na:na]
	at java.base/sun.net.www.protocol.http.HttpURLConnection.plainConnect(HttpURLConnection.java:1127) ~[na:na]
	at java.base/sun.net.www.protocol.http.HttpURLConnection.connect(HttpURLConnection.java:1056) ~[na:na]
	at java.base/sun.net.www.protocol.http.HttpURLConnection.getOutputStream0(HttpURLConnection.java:1450) ~[na:na]
	at java.base/sun.net.www.protocol.http.HttpURLConnection.getOutputStream(HttpURLConnection.java:1421) ~[na:na]
	at feign.Client$Default.convertAndSend(Client.java:208) ~[feign-core-11.10.jar:na]
	at feign.Client$Default.execute(Client.java:105) ~[feign-core-11.10.jar:na]
	at feign.SynchronousMethodHandler.executeAndDecode(SynchronousMethodHandler.java:121) ~[feign-core-11.10.jar:na]
	... 101 common frames omitted

2025-10-23 14:41:30.299  INFO 18540 --- [Thread-1] j.LocalContainerEntityManagerFactoryBean : Closing JPA EntityManagerFactory for persistence unit 'default'
2025-10-23 14:41:30.303  INFO 18540 --- [Thread-1] com.zaxxer.hikari.HikariDataSource       : HikariPool-1 - Shutdown initiated...
2025-10-23 14:41:30.312  INFO 18540 --- [Thread-1] com.zaxxer.hikari.HikariDataSource       : HikariPool-1 - Shutdown completed.
2025-10-23 14:41:30.561  INFO 18540 --- [restartedMain] b.c.t.cliente.ClienteServiceApplication  : Starting ClienteServiceApplication using Java 17.0.12 on DESKTOP-HLR4AN3 with PID 18540 (C:\workspace\microsservico-atendimento\cliente-service\target\classes started by tonyp in C:\workspace\microsservico-atendimento\cliente-service)
2025-10-23 14:41:30.561  INFO 18540 --- [restartedMain] b.c.t.cliente.ClienteServiceApplication  : No active profile set, falling back to 1 default profile: "default"
2025-10-23 14:41:30.950  INFO 18540 --- [restartedMain] .s.d.r.c.RepositoryConfigurationDelegate : Bootstrapping Spring Data JPA repositories in DEFAULT mode.
2025-10-23 14:41:30.964  INFO 18540 --- [restartedMain] .s.d.r.c.RepositoryConfigurationDelegate : Finished Spring Data repository scanning in 14 ms. Found 2 JPA repository interfaces.
2025-10-23 14:41:31.031  INFO 18540 --- [restartedMain] o.s.cloud.context.scope.GenericScope     : BeanFactory id=d56cb2da-d986-33dc-9cad-5f7a9d3f3e17
2025-10-23 14:41:31.148  INFO 18540 --- [restartedMain] o.s.b.w.embedded.tomcat.TomcatWebServer  : Tomcat initialized with port(s): 8081 (http)
2025-10-23 14:41:31.149  INFO 18540 --- [restartedMain] o.apache.catalina.core.StandardService   : Starting service [Tomcat]
2025-10-23 14:41:31.150  INFO 18540 --- [restartedMain] org.apache.catalina.core.StandardEngine  : Starting Servlet engine: [Apache Tomcat/9.0.63]
2025-10-23 14:41:31.176  INFO 18540 --- [restartedMain] o.a.c.c.C.[Tomcat].[localhost].[/]       : Initializing Spring embedded WebApplicationContext
2025-10-23 14:41:31.176  INFO 18540 --- [restartedMain] w.s.c.ServletWebServerApplicationContext : Root WebApplicationContext: initialization completed in 611 ms
2025-10-23 14:41:31.232  INFO 18540 --- [restartedMain] o.hibernate.jpa.internal.util.LogHelper  : HHH000204: Processing PersistenceUnitInfo [name: default]
2025-10-23 14:41:31.237  INFO 18540 --- [restartedMain] com.zaxxer.hikari.HikariDataSource       : HikariPool-2 - Starting...
2025-10-23 14:41:31.302  INFO 18540 --- [restartedMain] com.zaxxer.hikari.HikariDataSource       : HikariPool-2 - Start completed.
2025-10-23 14:41:31.303  INFO 18540 --- [restartedMain] org.hibernate.dialect.Dialect            : HHH000400: Using dialect: org.hibernate.dialect.PostgreSQLDialect
2025-10-23 14:41:31.395  INFO 18540 --- [restartedMain] o.h.e.t.j.p.i.JtaPlatformInitiator       : HHH000490: Using JtaPlatform implementation: [org.hibernate.engine.transaction.jta.platform.internal.NoJtaPlatform]
2025-10-23 14:41:31.396  INFO 18540 --- [restartedMain] j.LocalContainerEntityManagerFactoryBean : Initialized JPA EntityManagerFactory for persistence unit 'default'
2025-10-23 14:41:31.540  WARN 18540 --- [restartedMain] JpaBaseConfiguration$JpaWebConfiguration : spring.jpa.open-in-view is enabled by default. Therefore, database queries may be performed during view rendering. Explicitly configure spring.jpa.open-in-view to disable this warning
2025-10-23 14:41:31.569  WARN 18540 --- [restartedMain] o.s.b.d.a.OptionalLiveReloadServer       : Unable to start LiveReload server
2025-10-23 14:41:31.708  WARN 18540 --- [restartedMain] .s.s.UserDetailsServiceAutoConfiguration : 

Using generated security password: 38dc06b1-cf94-43d1-a99a-1a4c504ebd70

This generated password is for development use only. Your security configuration must be updated before running your application in production.

2025-10-23 14:41:31.735  INFO 18540 --- [restartedMain] o.s.s.web.DefaultSecurityFilterChain     : Will secure any request with [org.springframework.security.web.session.DisableEncodeUrlFilter@6be90082, org.springframework.security.web.context.request.async.WebAsyncManagerIntegrationFilter@319135d7, org.springframework.security.web.context.SecurityContextPersistenceFilter@20b257aa, org.springframework.security.web.header.HeaderWriterFilter@6b0dbbba, org.springframework.security.web.authentication.logout.LogoutFilter@3ee0eb23, br.com.tonypool.cliente.security.JwtSecurity@706dd53f, org.springframework.security.web.savedrequest.RequestCacheAwareFilter@4fd9f852, org.springframework.security.web.servletapi.SecurityContextHolderAwareRequestFilter@498f4a78, org.springframework.security.web.authentication.AnonymousAuthenticationFilter@7c694767, org.springframework.security.web.session.SessionManagementFilter@6224f67a, org.springframework.security.web.access.ExceptionTranslationFilter@3a3ab7d1, org.springframework.security.web.access.intercept.FilterSecurityInterceptor@7c6e0cd1]
2025-10-23 14:41:32.025  INFO 18540 --- [restartedMain] o.s.b.w.embedded.tomcat.TomcatWebServer  : Tomcat started on port(s): 8081 (http) with context path ''
2025-10-23 14:41:32.210  INFO 18540 --- [restartedMain] b.c.t.cliente.ClienteServiceApplication  : Started ClienteServiceApplication in 1.83 seconds (JVM running for 157.211)
2025-10-23 14:41:32.212  INFO 18540 --- [restartedMain] .ConditionEvaluationDeltaLoggingListener : Condition evaluation unchanged
2025-10-23 14:50:17.329  INFO 21424 --- [restartedMain] b.c.t.cliente.ClienteServiceApplication  : Starting ClienteServiceApplication using Java 17.0.12 on DESKTOP-HLR4AN3 with PID 21424 (C:\workspace\microsservico-atendimento\cliente-service\target\classes started by tonyp in C:\workspace\microsservico-atendimento\cliente-service)
2025-10-23 14:50:17.331  INFO 21424 --- [restartedMain] b.c.t.cliente.ClienteServiceApplication  : No active profile set, falling back to 1 default profile: "default"
2025-10-23 14:50:17.435  INFO 21424 --- [restartedMain] .e.DevToolsPropertyDefaultsPostProcessor : Devtools property defaults active! Set 'spring.devtools.add-properties' to 'false' to disable
2025-10-23 14:50:17.437  INFO 21424 --- [restartedMain] .e.DevToolsPropertyDefaultsPostProcessor : For additional web related logging consider setting the 'logging.level.web' property to 'DEBUG'
2025-10-23 14:50:19.457  INFO 21424 --- [restartedMain] .s.d.r.c.RepositoryConfigurationDelegate : Bootstrapping Spring Data JPA repositories in DEFAULT mode.
2025-10-23 14:50:19.582  INFO 21424 --- [restartedMain] .s.d.r.c.RepositoryConfigurationDelegate : Finished Spring Data repository scanning in 107 ms. Found 2 JPA repository interfaces.
2025-10-23 14:50:19.952  INFO 21424 --- [restartedMain] o.s.cloud.context.scope.GenericScope     : BeanFactory id=d56cb2da-d986-33dc-9cad-5f7a9d3f3e17
2025-10-23 14:50:20.605  INFO 21424 --- [restartedMain] o.s.b.w.embedded.tomcat.TomcatWebServer  : Tomcat initialized with port(s): 8081 (http)
2025-10-23 14:50:20.615  INFO 21424 --- [restartedMain] o.apache.catalina.core.StandardService   : Starting service [Tomcat]
2025-10-23 14:50:20.616  INFO 21424 --- [restartedMain] org.apache.catalina.core.StandardEngine  : Starting Servlet engine: [Apache Tomcat/9.0.63]
2025-10-23 14:50:20.728  INFO 21424 --- [restartedMain] o.a.c.c.C.[Tomcat].[localhost].[/]       : Initializing Spring embedded WebApplicationContext
2025-10-23 14:50:20.729  INFO 21424 --- [restartedMain] w.s.c.ServletWebServerApplicationContext : Root WebApplicationContext: initialization completed in 3291 ms
2025-10-23 14:50:20.960  INFO 21424 --- [restartedMain] o.hibernate.jpa.internal.util.LogHelper  : HHH000204: Processing PersistenceUnitInfo [name: default]
2025-10-23 14:50:21.016  INFO 21424 --- [restartedMain] org.hibernate.Version                    : HHH000412: Hibernate ORM core version 5.6.9.Final
2025-10-23 14:50:21.202  INFO 21424 --- [restartedMain] o.hibernate.annotations.common.Version   : HCANN000001: Hibernate Commons Annotations {5.1.2.Final}
2025-10-23 14:50:21.308  INFO 21424 --- [restartedMain] com.zaxxer.hikari.HikariDataSource       : HikariPool-1 - Starting...
2025-10-23 14:50:21.503  INFO 21424 --- [restartedMain] com.zaxxer.hikari.HikariDataSource       : HikariPool-1 - Start completed.
2025-10-23 14:50:21.525  INFO 21424 --- [restartedMain] org.hibernate.dialect.Dialect            : HHH000400: Using dialect: org.hibernate.dialect.PostgreSQLDialect
2025-10-23 14:50:22.286  INFO 21424 --- [restartedMain] o.h.e.t.j.p.i.JtaPlatformInitiator       : HHH000490: Using JtaPlatform implementation: [org.hibernate.engine.transaction.jta.platform.internal.NoJtaPlatform]
2025-10-23 14:50:22.296  INFO 21424 --- [restartedMain] j.LocalContainerEntityManagerFactoryBean : Initialized JPA EntityManagerFactory for persistence unit 'default'
2025-10-23 14:50:22.854  WARN 21424 --- [restartedMain] JpaBaseConfiguration$JpaWebConfiguration : spring.jpa.open-in-view is enabled by default. Therefore, database queries may be performed during view rendering. Explicitly configure spring.jpa.open-in-view to disable this warning
2025-10-23 14:50:22.920  WARN 21424 --- [restartedMain] o.s.b.d.a.OptionalLiveReloadServer       : Unable to start LiveReload server
2025-10-23 14:50:23.433  WARN 21424 --- [restartedMain] .s.s.UserDetailsServiceAutoConfiguration : 

Using generated security password: 7ccead6d-e3cb-4e4a-9fe3-a26518733cc5

This generated password is for development use only. Your security configuration must be updated before running your application in production.

2025-10-23 14:50:23.543  INFO 21424 --- [restartedMain] o.s.s.web.DefaultSecurityFilterChain     : Will secure any request with [org.springframework.security.web.session.DisableEncodeUrlFilter@12364f27, org.springframework.security.web.context.request.async.WebAsyncManagerIntegrationFilter@22bd1e55, org.springframework.security.web.context.SecurityContextPersistenceFilter@39792102, org.springframework.security.web.header.HeaderWriterFilter@24dce09f, org.springframework.security.web.authentication.logout.LogoutFilter@5dc18d91, br.com.tonypool.cliente.security.JwtSecurity@23b8812d, org.springframework.security.web.savedrequest.RequestCacheAwareFilter@57a1f5f6, org.springframework.security.web.servletapi.SecurityContextHolderAwareRequestFilter@376f39a6, org.springframework.security.web.authentication.AnonymousAuthenticationFilter@4723f613, org.springframework.security.web.session.SessionManagementFilter@1bb6bcd3, org.springframework.security.web.access.ExceptionTranslationFilter@681d42ae, org.springframework.security.web.access.intercept.FilterSecurityInterceptor@5c7d98cc]
2025-10-23 14:50:24.097  INFO 21424 --- [restartedMain] o.s.b.w.embedded.tomcat.TomcatWebServer  : Tomcat started on port(s): 8081 (http) with context path ''
2025-10-23 14:50:24.487  INFO 21424 --- [restartedMain] b.c.t.cliente.ClienteServiceApplication  : Started ClienteServiceApplication in 7.883 seconds (JVM running for 8.868)
2025-10-23 14:50:34.104  INFO 21424 --- [http-nio-8081-exec-2] o.a.c.c.C.[Tomcat].[localhost].[/]       : Initializing Spring DispatcherServlet 'dispatcherServlet'
2025-10-23 14:50:34.104  INFO 21424 --- [http-nio-8081-exec-2] o.s.web.servlet.DispatcherServlet        : Initializing Servlet 'dispatcherServlet'
2025-10-23 14:50:34.104  INFO 21424 --- [http-nio-8081-exec-2] o.s.web.servlet.DispatcherServlet        : Completed initialization in 0 ms
2025-10-23 15:04:28.166  INFO 21424 --- [Thread-1] j.LocalContainerEntityManagerFactoryBean : Closing JPA EntityManagerFactory for persistence unit 'default'
2025-10-23 15:04:28.276  INFO 21424 --- [Thread-1] com.zaxxer.hikari.HikariDataSource       : HikariPool-1 - Shutdown initiated...
2025-10-23 15:04:28.337  INFO 21424 --- [Thread-1] com.zaxxer.hikari.HikariDataSource       : HikariPool-1 - Shutdown completed.
2025-10-23 15:04:29.395  INFO 21424 --- [restartedMain] b.c.t.cliente.ClienteServiceApplication  : Starting ClienteServiceApplication using Java 17.0.12 on DESKTOP-HLR4AN3 with PID 21424 (C:\workspace\microsservico-atendimento\cliente-service\target\classes started by tonyp in C:\workspace\microsservico-atendimento\cliente-service)
2025-10-23 15:04:29.396  INFO 21424 --- [restartedMain] b.c.t.cliente.ClienteServiceApplication  : No active profile set, falling back to 1 default profile: "default"
2025-10-23 15:04:31.679  INFO 21424 --- [restartedMain] .s.d.r.c.RepositoryConfigurationDelegate : Bootstrapping Spring Data JPA repositories in DEFAULT mode.
2025-10-23 15:04:31.686  INFO 21424 --- [restartedMain] .s.d.r.c.RepositoryConfigurationDelegate : Finished Spring Data repository scanning in 6 ms. Found 0 JPA repository interfaces.
2025-10-23 15:04:32.253  INFO 21424 --- [restartedMain] o.s.cloud.context.scope.GenericScope     : BeanFactory id=e2958b40-b21b-38b9-8728-5ee2751ea982
2025-10-23 15:04:32.675  INFO 21424 --- [restartedMain] o.s.b.w.embedded.tomcat.TomcatWebServer  : Tomcat initialized with port(s): 8081 (http)
2025-10-23 15:04:32.677  INFO 21424 --- [restartedMain] o.apache.catalina.core.StandardService   : Starting service [Tomcat]
2025-10-23 15:04:32.678  INFO 21424 --- [restartedMain] org.apache.catalina.core.StandardEngine  : Starting Servlet engine: [Apache Tomcat/9.0.63]
2025-10-23 15:04:32.814  INFO 21424 --- [restartedMain] o.a.c.c.C.[Tomcat].[localhost].[/]       : Initializing Spring embedded WebApplicationContext
2025-10-23 15:04:32.814  INFO 21424 --- [restartedMain] w.s.c.ServletWebServerApplicationContext : Root WebApplicationContext: initialization completed in 3407 ms
2025-10-23 15:04:33.517  INFO 21424 --- [restartedMain] o.hibernate.jpa.internal.util.LogHelper  : HHH000204: Processing PersistenceUnitInfo [name: default]
2025-10-23 15:04:33.540  INFO 21424 --- [restartedMain] com.zaxxer.hikari.HikariDataSource       : HikariPool-2 - Starting...
2025-10-23 15:04:33.754  INFO 21424 --- [restartedMain] com.zaxxer.hikari.HikariDataSource       : HikariPool-2 - Start completed.
2025-10-23 15:04:33.761  INFO 21424 --- [restartedMain] org.hibernate.dialect.Dialect            : HHH000400: Using dialect: org.hibernate.dialect.PostgreSQLDialect
2025-10-23 15:04:34.322  INFO 21424 --- [restartedMain] o.h.e.t.j.p.i.JtaPlatformInitiator       : HHH000490: Using JtaPlatform implementation: [org.hibernate.engine.transaction.jta.platform.internal.NoJtaPlatform]
2025-10-23 15:04:34.324  INFO 21424 --- [restartedMain] j.LocalContainerEntityManagerFactoryBean : Initialized JPA EntityManagerFactory for persistence unit 'default'
2025-10-23 15:04:34.758  WARN 21424 --- [restartedMain] JpaBaseConfiguration$JpaWebConfiguration : spring.jpa.open-in-view is enabled by default. Therefore, database queries may be performed during view rendering. Explicitly configure spring.jpa.open-in-view to disable this warning
2025-10-23 15:04:35.544  WARN 21424 --- [restartedMain] o.s.b.d.a.OptionalLiveReloadServer       : Unable to start LiveReload server
2025-10-23 15:04:35.730  WARN 21424 --- [restartedMain] .s.s.UserDetailsServiceAutoConfiguration : 

Using generated security password: 46fe2037-5c44-433e-bd62-218cdbbcfb30

This generated password is for development use only. Your security configuration must be updated before running your application in production.

2025-10-23 15:04:35.822  INFO 21424 --- [restartedMain] o.s.s.web.DefaultSecurityFilterChain     : Will secure any request with [org.springframework.security.web.session.DisableEncodeUrlFilter@1ecbea93, org.springframework.security.web.context.request.async.WebAsyncManagerIntegrationFilter@7e4f9c95, org.springframework.security.web.context.SecurityContextPersistenceFilter@31a69ac2, org.springframework.security.web.header.HeaderWriterFilter@5242842a, org.springframework.security.web.csrf.CsrfFilter@4a482148, org.springframework.security.web.authentication.logout.LogoutFilter@293e2631, org.springframework.security.web.authentication.UsernamePasswordAuthenticationFilter@1159e5b3, org.springframework.security.web.authentication.ui.DefaultLoginPageGeneratingFilter@6b22ced0, org.springframework.security.web.authentication.ui.DefaultLogoutPageGeneratingFilter@3ffe9fdc, org.springframework.security.web.authentication.www.BasicAuthenticationFilter@1d709f3a, org.springframework.security.web.savedrequest.RequestCacheAwareFilter@6adae552, org.springframework.security.web.servletapi.SecurityContextHolderAwareRequestFilter@2c7f5ff7, org.springframework.security.web.authentication.AnonymousAuthenticationFilter@26ee4e56, org.springframework.security.web.session.SessionManagementFilter@3aefaeb6, org.springframework.security.web.access.ExceptionTranslationFilter@7f549e6a, org.springframework.security.web.access.intercept.FilterSecurityInterceptor@2b7ac73e]
2025-10-23 15:04:36.165  INFO 21424 --- [restartedMain] o.s.b.w.embedded.tomcat.TomcatWebServer  : Tomcat started on port(s): 8081 (http) with context path ''
2025-10-23 15:04:36.398  WARN 21424 --- [restartedMain] ConfigServletWebServerApplicationContext : Exception encountered during context initialization - cancelling refresh attempt: org.springframework.context.ApplicationContextException: Failed to start bean 'documentationPluginsBootstrapper'; nested exception is java.lang.NullPointerException: Cannot invoke "org.springframework.web.servlet.mvc.condition.PatternsRequestCondition.getPatterns()" because "this.condition" is null
2025-10-23 15:04:36.402  INFO 21424 --- [restartedMain] j.LocalContainerEntityManagerFactoryBean : Closing JPA EntityManagerFactory for persistence unit 'default'
2025-10-23 15:04:36.404  INFO 21424 --- [restartedMain] com.zaxxer.hikari.HikariDataSource       : HikariPool-2 - Shutdown initiated...
2025-10-23 15:04:36.416  INFO 21424 --- [restartedMain] com.zaxxer.hikari.HikariDataSource       : HikariPool-2 - Shutdown completed.
2025-10-23 15:04:36.462  INFO 21424 --- [restartedMain] o.apache.catalina.core.StandardService   : Stopping service [Tomcat]
2025-10-23 15:04:36.486  INFO 21424 --- [restartedMain] ConditionEvaluationReportLoggingListener : 

Error starting ApplicationContext. To display the conditions report re-run your application with 'debug' enabled.
2025-10-23 15:04:36.572 ERROR 21424 --- [restartedMain] o.s.boot.SpringApplication               : Application run failed

org.springframework.context.ApplicationContextException: Failed to start bean 'documentationPluginsBootstrapper'; nested exception is java.lang.NullPointerException: Cannot invoke "org.springframework.web.servlet.mvc.condition.PatternsRequestCondition.getPatterns()" because "this.condition" is null
	at org.springframework.context.support.DefaultLifecycleProcessor.doStart(DefaultLifecycleProcessor.java:181) ~[spring-context-5.3.20.jar:5.3.20]
	at org.springframework.context.support.DefaultLifecycleProcessor.access$200(DefaultLifecycleProcessor.java:54) ~[spring-context-5.3.20.jar:5.3.20]
	at org.springframework.context.support.DefaultLifecycleProcessor$LifecycleGroup.start(DefaultLifecycleProcessor.java:356) ~[spring-context-5.3.20.jar:5.3.20]
	at java.base/java.lang.Iterable.forEach(Iterable.java:75) ~[na:na]
	at org.springframework.context.support.DefaultLifecycleProcessor.startBeans(DefaultLifecycleProcessor.java:155) ~[spring-context-5.3.20.jar:5.3.20]
	at org.springframework.context.support.DefaultLifecycleProcessor.onRefresh(DefaultLifecycleProcessor.java:123) ~[spring-context-5.3.20.jar:5.3.20]
	at org.springframework.context.support.AbstractApplicationContext.finishRefresh(AbstractApplicationContext.java:935) ~[spring-context-5.3.20.jar:5.3.20]
	at org.springframework.context.support.AbstractApplicationContext.refresh(AbstractApplicationContext.java:586) ~[spring-context-5.3.20.jar:5.3.20]
	at org.springframework.boot.web.servlet.context.ServletWebServerApplicationContext.refresh(ServletWebServerApplicationContext.java:147) ~[spring-boot-2.7.0.jar:2.7.0]
	at org.springframework.boot.SpringApplication.refresh(SpringApplication.java:734) ~[spring-boot-2.7.0.jar:2.7.0]
	at org.springframework.boot.SpringApplication.refreshContext(SpringApplication.java:408) ~[spring-boot-2.7.0.jar:2.7.0]
	at org.springframework.boot.SpringApplication.run(SpringApplication.java:308) ~[spring-boot-2.7.0.jar:2.7.0]
	at org.springframework.boot.SpringApplication.run(SpringApplication.java:1306) ~[spring-boot-2.7.0.jar:2.7.0]
	at org.springframework.boot.SpringApplication.run(SpringApplication.java:1295) ~[spring-boot-2.7.0.jar:2.7.0]
	at br.com.tonypool.cliente.ClienteServiceApplication.main(ClienteServiceApplication.java:11) ~[classes/:na]
	at java.base/jdk.internal.reflect.NativeMethodAccessorImpl.invoke0(Native Method) ~[na:na]
	at java.base/jdk.internal.reflect.NativeMethodAccessorImpl.invoke(NativeMethodAccessorImpl.java:77) ~[na:na]
	at java.base/jdk.internal.reflect.DelegatingMethodAccessorImpl.invoke(DelegatingMethodAccessorImpl.java:43) ~[na:na]
	at java.base/java.lang.reflect.Method.invoke(Method.java:568) ~[na:na]
	at org.springframework.boot.devtools.restart.RestartLauncher.run(RestartLauncher.java:49) ~[spring-boot-devtools-2.7.0.jar:2.7.0]
Caused by: java.lang.NullPointerException: Cannot invoke "org.springframework.web.servlet.mvc.condition.PatternsRequestCondition.getPatterns()" because "this.condition" is null
	at springfox.documentation.spring.web.WebMvcPatternsRequestConditionWrapper.getPatterns(WebMvcPatternsRequestConditionWrapper.java:56) ~[springfox-spring-webmvc-3.0.0.jar:3.0.0]
	at springfox.documentation.RequestHandler.sortedPaths(RequestHandler.java:113) ~[springfox-core-3.0.0.jar:3.0.0]
	at springfox.documentation.spi.service.contexts.Orderings.lambda$byPatternsCondition$3(Orderings.java:89) ~[springfox-spi-3.0.0.jar:3.0.0]
	at java.base/java.util.Comparator.lambda$comparing$77a9974f$1(Comparator.java:473) ~[na:na]
	at java.base/java.util.TimSort.countRunAndMakeAscending(TimSort.java:355) ~[na:na]
	at java.base/java.util.TimSort.sort(TimSort.java:220) ~[na:na]
	at java.base/java.util.Arrays.sort(Arrays.java:1307) ~[na:na]
	at java.base/java.util.ArrayList.sort(ArrayList.java:1721) ~[na:na]
	at java.base/java.util.stream.SortedOps$RefSortingSink.end(SortedOps.java:392) ~[na:na]
	at java.base/java.util.stream.Sink$ChainedReference.end(Sink.java:258) ~[na:na]
	at java.base/java.util.stream.Sink$ChainedReference.end(Sink.java:258) ~[na:na]
	at java.base/java.util.stream.Sink$ChainedReference.end(Sink.java:258) ~[na:na]
	at java.base/java.util.stream.Sink$ChainedReference.end(Sink.java:258) ~[na:na]
	at java.base/java.util.stream.AbstractPipeline.copyInto(AbstractPipeline.java:510) ~[na:na]
	at java.base/java.util.stream.AbstractPipeline.wrapAndCopyInto(AbstractPipeline.java:499) ~[na:na]
	at java.base/java.util.stream.ReduceOps$ReduceOp.evaluateSequential(ReduceOps.java:921) ~[na:na]
	at java.base/java.util.stream.AbstractPipeline.evaluate(AbstractPipeline.java:234) ~[na:na]
	at java.base/java.util.stream.ReferencePipeline.collect(ReferencePipeline.java:682) ~[na:na]
	at springfox.documentation.spring.web.plugins.WebMvcRequestHandlerProvider.requestHandlers(WebMvcRequestHandlerProvider.java:81) ~[springfox-spring-webmvc-3.0.0.jar:3.0.0]
	at java.base/java.util.stream.ReferencePipeline$3$1.accept(ReferencePipeline.java:197) ~[na:na]
	at java.base/java.util.ArrayList$ArrayListSpliterator.forEachRemaining(ArrayList.java:1625) ~[na:na]
	at java.base/java.util.stream.AbstractPipeline.copyInto(AbstractPipeline.java:509) ~[na:na]
	at java.base/java.util.stream.AbstractPipeline.wrapAndCopyInto(AbstractPipeline.java:499) ~[na:na]
	at java.base/java.util.stream.ReduceOps$ReduceOp.evaluateSequential(ReduceOps.java:921) ~[na:na]
	at java.base/java.util.stream.AbstractPipeline.evaluate(AbstractPipeline.java:234) ~[na:na]
	at java.base/java.util.stream.ReferencePipeline.collect(ReferencePipeline.java:682) ~[na:na]
	at springfox.documentation.spring.web.plugins.AbstractDocumentationPluginsBootstrapper.withDefaults(AbstractDocumentationPluginsBootstrapper.java:107) ~[springfox-spring-web-3.0.0.jar:3.0.0]
	at springfox.documentation.spring.web.plugins.AbstractDocumentationPluginsBootstrapper.buildContext(AbstractDocumentationPluginsBootstrapper.java:91) ~[springfox-spring-web-3.0.0.jar:3.0.0]
	at springfox.documentation.spring.web.plugins.AbstractDocumentationPluginsBootstrapper.bootstrapDocumentationPlugins(AbstractDocumentationPluginsBootstrapper.java:82) ~[springfox-spring-web-3.0.0.jar:3.0.0]
	at springfox.documentation.spring.web.plugins.DocumentationPluginsBootstrapper.start(DocumentationPluginsBootstrapper.java:100) ~[springfox-spring-web-3.0.0.jar:3.0.0]
	at org.springframework.context.support.DefaultLifecycleProcessor.doStart(DefaultLifecycleProcessor.java:178) ~[spring-context-5.3.20.jar:5.3.20]
	... 19 common frames omitted

2025-10-23 15:04:38.547  INFO 21424 --- [restartedMain] b.c.t.cliente.ClienteServiceApplication  : Starting ClienteServiceApplication using Java 17.0.12 on DESKTOP-HLR4AN3 with PID 21424 (C:\workspace\microsservico-atendimento\cliente-service\target\classes started by tonyp in C:\workspace\microsservico-atendimento\cliente-service)
2025-10-23 15:04:38.548  INFO 21424 --- [restartedMain] b.c.t.cliente.ClienteServiceApplication  : No active profile set, falling back to 1 default profile: "default"
2025-10-23 15:04:39.675  INFO 21424 --- [restartedMain] .s.d.r.c.RepositoryConfigurationDelegate : Bootstrapping Spring Data JPA repositories in DEFAULT mode.
2025-10-23 15:04:39.751  INFO 21424 --- [restartedMain] .s.d.r.c.RepositoryConfigurationDelegate : Finished Spring Data repository scanning in 73 ms. Found 2 JPA repository interfaces.
2025-10-23 15:04:40.096  INFO 21424 --- [restartedMain] o.s.cloud.context.scope.GenericScope     : BeanFactory id=d56cb2da-d986-33dc-9cad-5f7a9d3f3e17
2025-10-23 15:04:40.498  INFO 21424 --- [restartedMain] o.s.b.w.embedded.tomcat.TomcatWebServer  : Tomcat initialized with port(s): 8081 (http)
2025-10-23 15:04:40.512  INFO 21424 --- [restartedMain] o.apache.catalina.core.StandardService   : Starting service [Tomcat]
2025-10-23 15:04:40.515  INFO 21424 --- [restartedMain] org.apache.catalina.core.StandardEngine  : Starting Servlet engine: [Apache Tomcat/9.0.63]
2025-10-23 15:04:40.602  INFO 21424 --- [restartedMain] o.a.c.c.C.[Tomcat].[localhost].[/]       : Initializing Spring embedded WebApplicationContext
2025-10-23 15:04:40.602  INFO 21424 --- [restartedMain] w.s.c.ServletWebServerApplicationContext : Root WebApplicationContext: initialization completed in 2045 ms
2025-10-23 15:04:40.842  INFO 21424 --- [restartedMain] o.hibernate.jpa.internal.util.LogHelper  : HHH000204: Processing PersistenceUnitInfo [name: default]
2025-10-23 15:04:40.864  INFO 21424 --- [restartedMain] com.zaxxer.hikari.HikariDataSource       : HikariPool-3 - Starting...
2025-10-23 15:04:41.057  INFO 21424 --- [restartedMain] com.zaxxer.hikari.HikariDataSource       : HikariPool-3 - Start completed.
2025-10-23 15:04:41.058  INFO 21424 --- [restartedMain] org.hibernate.dialect.Dialect            : HHH000400: Using dialect: org.hibernate.dialect.PostgreSQLDialect
2025-10-23 15:04:41.281  INFO 21424 --- [restartedMain] o.h.e.t.j.p.i.JtaPlatformInitiator       : HHH000490: Using JtaPlatform implementation: [org.hibernate.engine.transaction.jta.platform.internal.NoJtaPlatform]
2025-10-23 15:04:41.281  INFO 21424 --- [restartedMain] j.LocalContainerEntityManagerFactoryBean : Initialized JPA EntityManagerFactory for persistence unit 'default'
2025-10-23 15:04:41.801  WARN 21424 --- [restartedMain] JpaBaseConfiguration$JpaWebConfiguration : spring.jpa.open-in-view is enabled by default. Therefore, database queries may be performed during view rendering. Explicitly configure spring.jpa.open-in-view to disable this warning
2025-10-23 15:04:41.895  WARN 21424 --- [restartedMain] o.s.b.d.a.OptionalLiveReloadServer       : Unable to start LiveReload server
2025-10-23 15:04:42.328  WARN 21424 --- [restartedMain] .s.s.UserDetailsServiceAutoConfiguration : 

Using generated security password: 9e54e2da-e24c-4835-810d-c1bd71c251fb

This generated password is for development use only. Your security configuration must be updated before running your application in production.

2025-10-23 15:04:42.391  INFO 21424 --- [restartedMain] o.s.s.web.DefaultSecurityFilterChain     : Will secure any request with [org.springframework.security.web.session.DisableEncodeUrlFilter@9438995, org.springframework.security.web.context.request.async.WebAsyncManagerIntegrationFilter@4f876599, org.springframework.security.web.context.SecurityContextPersistenceFilter@79212f67, org.springframework.security.web.header.HeaderWriterFilter@7a50fc18, org.springframework.security.web.authentication.logout.LogoutFilter@153556a, br.com.tonypool.cliente.security.JwtSecurity@6d0ee29a, org.springframework.security.web.savedrequest.RequestCacheAwareFilter@25a16d78, org.springframework.security.web.servletapi.SecurityContextHolderAwareRequestFilter@73e5d6ee, org.springframework.security.web.authentication.AnonymousAuthenticationFilter@32f9501f, org.springframework.security.web.session.SessionManagementFilter@19e538a4, org.springframework.security.web.access.ExceptionTranslationFilter@7655412a, org.springframework.security.web.access.intercept.FilterSecurityInterceptor@53d18f33]
2025-10-23 15:04:43.071  INFO 21424 --- [restartedMain] o.s.b.w.embedded.tomcat.TomcatWebServer  : Tomcat started on port(s): 8081 (http) with context path ''
2025-10-23 15:04:43.943  INFO 21424 --- [restartedMain] b.c.t.cliente.ClienteServiceApplication  : Started ClienteServiceApplication in 5.89 seconds (JVM running for 868.323)
2025-10-23 15:04:43.948  INFO 21424 --- [restartedMain] .ConditionEvaluationDeltaLoggingListener : Condition evaluation unchanged
